-- phpMyAdmin SQL Dump
-- version 4.4.15
-- http://www.phpmyadmin.net
--
-- Host: localhost
-- Generation Time: Feb 26, 2019 at 08:17 AM
-- Server version: 5.5.31
-- PHP Version: 5.5.38

SET SQL_MODE = "NO_AUTO_VALUE_ON_ZERO";
SET time_zone = "+00:00";


/*!40101 SET @OLD_CHARACTER_SET_CLIENT=@@CHARACTER_SET_CLIENT */;
/*!40101 SET @OLD_CHARACTER_SET_RESULTS=@@CHARACTER_SET_RESULTS */;
/*!40101 SET @OLD_COLLATION_CONNECTION=@@COLLATION_CONNECTION */;
/*!40101 SET NAMES utf8mb4 */;

--
-- Database: `tkwgbvn_lisaviet`
--

-- --------------------------------------------------------

--
-- Table structure for table `admin`
--

CREATE TABLE IF NOT EXISTS `admin` (
  `admin_id` int(11) NOT NULL,
  `admin_name` varchar(255) COLLATE utf8_unicode_ci DEFAULT NULL,
  `admin_login` varchar(255) COLLATE utf8_unicode_ci DEFAULT NULL,
  `admin_password` text COLLATE utf8_unicode_ci,
  `admin_phone` varchar(255) COLLATE utf8_unicode_ci DEFAULT NULL,
  `admin_email` varchar(255) COLLATE utf8_unicode_ci DEFAULT NULL,
  `admin_note` text COLLATE utf8_unicode_ci,
  `admin_state` int(11) DEFAULT '1',
  `admin_role` int(11) DEFAULT NULL
) ENGINE=InnoDB AUTO_INCREMENT=5 DEFAULT CHARSET=utf8 COLLATE=utf8_unicode_ci;

--
-- Dumping data for table `admin`
--

INSERT INTO `admin` (`admin_id`, `admin_name`, `admin_login`, `admin_password`, `admin_phone`, `admin_email`, `admin_note`, `admin_state`, `admin_role`) VALUES
(1, 'Admin', 'admin', '$2y$10$02.uMGB26ln3fgNk8MyarOf8hnuaF/hWlukTDKk99Kb9TluOarctq', NULL, NULL, NULL, 1, 1),
(2, 'hpt', 'hpt', '$2y$10$x9RWBVgCWSb9fkQGoh7ESOhYV1SnY5Fn5uwKUS9WfdUV1O4wvIe4a', '0973457689', 'ngobkanh@gmail.com', 'đây là tài khoản test', 1, 2),
(3, 'Trương Quang Tuấn', 'tuan', '$2y$10$5xn9Ri83pYZIOwglCNPE1O77nvaCUPJJFUifoHtxyWgqM1EU34Yku', '', '', '', 1, 2),
(4, 'Le Minh Hưng', 'Hung.lm', '$2y$10$4NmFx3MfpjYA1eH4oBGxlO0yUHqj.tMvm5kXg4tjs7MXIW5d.2tLG', '', '', '', 1, 1);

-- --------------------------------------------------------

--
-- Table structure for table `admin_role`
--

CREATE TABLE IF NOT EXISTS `admin_role` (
  `admin_role_id` int(11) NOT NULL,
  `admin_role_name` varchar(255) COLLATE utf8_unicode_ci DEFAULT NULL
) ENGINE=InnoDB AUTO_INCREMENT=3 DEFAULT CHARSET=utf8 COLLATE=utf8_unicode_ci;

--
-- Dumping data for table `admin_role`
--

INSERT INTO `admin_role` (`admin_role_id`, `admin_role_name`) VALUES
(1, 'Admin'),
(2, 'Mod');

-- --------------------------------------------------------

--
-- Table structure for table `bang_gia_1`
--

CREATE TABLE IF NOT EXISTS `bang_gia_1` (
  `id` int(11) NOT NULL,
  `khoahoc` text CHARACTER SET utf8mb4 COLLATE utf8mb4_unicode_ci NOT NULL,
  `chinhanh` text CHARACTER SET utf8mb4 COLLATE utf8mb4_unicode_ci NOT NULL,
  `hocvien` int(11) NOT NULL,
  `namsinh` year(4) NOT NULL,
  `email` varchar(200) NOT NULL,
  `phone` varchar(100) NOT NULL,
  `name` varchar(100) CHARACTER SET utf8mb4 COLLATE utf8mb4_unicode_ci NOT NULL,
  `notes` text NOT NULL
) ENGINE=InnoDB AUTO_INCREMENT=46 DEFAULT CHARSET=latin1;

--
-- Dumping data for table `bang_gia_1`
--

INSERT INTO `bang_gia_1` (`id`, `khoahoc`, `chinhanh`, `hocvien`, `namsinh`, `email`, `phone`, `name`, `notes`) VALUES
(43, 'Smart Reading Skills', 'AMERICAN SKILLS LONG BIÊN-HÀ NỘI', 0, 1995, 'viethung95cute@gmail.com', '1672523165', 'Nguyễn Việt Hưng', ''),
(44, 'Smarth Kills', 'AMERICAN SKILLS GÒ VẤP - TPHCM', 1, 1998, 'viethung95cute@gmail.com', '1672523165', 'Việt Hưng', ''),
(45, 'Smarth Kills', 'AMERICAN SKILLS GÒ VẤP - TPHCM', 1, 1998, 'viethung95cute@gmail.com', '1672523165', 'Việt Hưng', '');

-- --------------------------------------------------------

--
-- Table structure for table `bang_gia_2`
--

CREATE TABLE IF NOT EXISTS `bang_gia_2` (
  `id` int(11) NOT NULL,
  `name_parent` varchar(200) CHARACTER SET utf8 COLLATE utf8_unicode_ci NOT NULL,
  `phone_parent` varchar(200) CHARACTER SET utf8 COLLATE utf8_unicode_ci NOT NULL,
  `name_student` varchar(100) CHARACTER SET utf8mb4 COLLATE utf8mb4_unicode_ci NOT NULL,
  `birthday` date NOT NULL,
  `adress` varchar(300) CHARACTER SET utf8mb4 COLLATE utf8mb4_unicode_ci NOT NULL,
  `email` varchar(300) NOT NULL,
  `hoan_thien_so_sach` varchar(300) NOT NULL,
  `quyet_toan_thue` varchar(300) NOT NULL,
  `tong_dich_vu` varchar(300) NOT NULL,
  `time` timestamp NOT NULL DEFAULT CURRENT_TIMESTAMP ON UPDATE CURRENT_TIMESTAMP
) ENGINE=InnoDB AUTO_INCREMENT=48 DEFAULT CHARSET=latin1;

--
-- Dumping data for table `bang_gia_2`
--

INSERT INTO `bang_gia_2` (`id`, `name_parent`, `phone_parent`, `name_student`, `birthday`, `adress`, `email`, `hoan_thien_so_sach`, `quyet_toan_thue`, `tong_dich_vu`, `time`) VALUES
(34, 'Việt Hưng', '01672523165', 'ABC', '2018-03-30', 'ĐH Mỏ - Địa chất', 'viethung95cute@gmail.com', '', '', '', '2018-03-28 04:54:52'),
(35, 'hưng', '01672523165', '', '0000-00-00', 'hà nội', 'viethung95cute@gmail.com', '', '', '', '2018-04-05 05:10:26'),
(36, 'hưng', '01672523165', '', '0000-00-00', 'hà nội', 'viethung95cute@gmail.com', '', '', '', '2018-04-05 05:10:33'),
(37, 'hưng', '01672523165', '', '0000-00-00', 'hà nội', 'viethung95cute@gmail.com', '', '', '', '2018-04-05 05:12:13'),
(38, 'hưng', '01672523165', '', '0000-00-00', 'hà nội', 'viethung95cute@gmail.com', '', '', '', '2018-04-05 05:12:19'),
(39, 'hưng', '01672523165', '', '0000-00-00', 'hà nội', 'viethung95cute@gmail.com', '', '', '', '2018-04-05 05:13:51'),
(40, '', '', '', '0000-00-00', 'hà nội', 'viethung95cute@gmail.com', '', '', '', '2018-04-05 06:20:52'),
(41, '', '', '', '0000-00-00', 'hà nội', 'viethung95cute@gmail.com', '', '', '', '2018-04-05 06:21:19'),
(42, '', '', '', '0000-00-00', 'hà nội', 'viethung95cute@gmail.com', '', '', '', '2018-04-05 06:21:22'),
(43, '', '', '', '0000-00-00', 'hà nội', 'viethung95cute@gmail.com', '', '', '', '2018-04-05 06:22:52'),
(44, '', '', '', '0000-00-00', 'hà nội', 'viethung95cute@gmail.com', '', '', '', '2018-04-05 06:22:55'),
(45, '', '', '', '0000-00-00', 'hà nội', 'viethung95cute@gmail.com', '', '', '', '2018-04-05 06:23:34'),
(46, '', '', '', '0000-00-00', 'hà nội', 'viethung95cute@gmail.com', '', '', '', '2018-04-05 06:24:46'),
(47, '', '', '', '0000-00-00', 'hà nội', 'viethung95cute@gmail.com', '', '', '', '2018-04-05 06:24:50');

-- --------------------------------------------------------

--
-- Table structure for table `cad_file`
--

CREATE TABLE IF NOT EXISTS `cad_file` (
  `id` int(11) NOT NULL,
  `name` varchar(600) CHARACTER SET utf8 COLLATE utf8_unicode_ci NOT NULL
) ENGINE=InnoDB AUTO_INCREMENT=3 DEFAULT CHARSET=latin1;

--
-- Dumping data for table `cad_file`
--

INSERT INTO `cad_file` (`id`, `name`) VALUES
(2, 'tuan.pdf');

-- --------------------------------------------------------

--
-- Table structure for table `calculators_file`
--

CREATE TABLE IF NOT EXISTS `calculators_file` (
  `id` int(11) NOT NULL,
  `name` varchar(600) CHARACTER SET utf8 COLLATE utf8_unicode_ci NOT NULL
) ENGINE=InnoDB AUTO_INCREMENT=2 DEFAULT CHARSET=latin1;

--
-- Dumping data for table `calculators_file`
--

INSERT INTO `calculators_file` (`id`, `name`) VALUES
(1, 'tuan.pdf');

-- --------------------------------------------------------

--
-- Table structure for table `cart`
--

CREATE TABLE IF NOT EXISTS `cart` (
  `id_cart` int(11) NOT NULL,
  `id_account` int(11) DEFAULT NULL,
  `session_id` varchar(255) COLLATE utf8_unicode_ci DEFAULT NULL,
  `total_price` double DEFAULT NULL,
  `total_cart` int(11) DEFAULT NULL,
  `date_cart` date DEFAULT NULL,
  `id_orderState` int(11) DEFAULT NULL,
  `note_cart` text COLLATE utf8_unicode_ci,
  `name_buyer` varchar(255) COLLATE utf8_unicode_ci DEFAULT NULL,
  `mail_buyer` varchar(255) COLLATE utf8_unicode_ci DEFAULT NULL,
  `phone_buyer` varchar(255) COLLATE utf8_unicode_ci DEFAULT NULL,
  `address_buyer` text COLLATE utf8_unicode_ci,
  `note_buyer` text COLLATE utf8_unicode_ci
) ENGINE=InnoDB AUTO_INCREMENT=49 DEFAULT CHARSET=utf8 COLLATE=utf8_unicode_ci;

--
-- Dumping data for table `cart`
--

INSERT INTO `cart` (`id_cart`, `id_account`, `session_id`, `total_price`, `total_cart`, `date_cart`, `id_orderState`, `note_cart`, `name_buyer`, `mail_buyer`, `phone_buyer`, `address_buyer`, `note_buyer`) VALUES
(1, NULL, 'sdgdfgdbcvbcvbxcv', NULL, NULL, NULL, NULL, NULL, NULL, NULL, NULL, NULL, NULL),
(2, NULL, '507hpkui803q8chnerqdtf3vl2', 0, NULL, '0000-00-00', NULL, NULL, 'dfgdf', 'sdf@gmail.com', '5646', 'sdf@gmail.com', 'sdf@gmail.com'),
(3, NULL, '507hpkui803q8chnerqdtf3vl2', 0, NULL, '0000-00-00', NULL, NULL, 'drtert', 'sdf@gmail.com', '3454', 'sdf@gmail.com', 'sdf@gmail.com'),
(4, NULL, '507hpkui803q8chnerqdtf3vl2', 0, NULL, '0000-00-00', NULL, NULL, 'sdfasf', 'tung92.ns@gmail.com', '1658824321', 'hà nội', 'sfgdfg'),
(5, NULL, '507hpkui803q8chnerqdtf3vl2', 0, NULL, '0000-00-00', NULL, NULL, 'dfg', 'tung92.ns@gmail.com', '1658824321', 'hà nội', 'sdf'),
(6, NULL, '507hpkui803q8chnerqdtf3vl2', 0, NULL, '0000-00-00', NULL, NULL, 'df', 'tung92.ns@gmail.com', '1658824321', 'hà nội', 'ag'),
(7, NULL, '507hpkui803q8chnerqdtf3vl2', 0, NULL, '0000-00-00', NULL, NULL, 'rgf', 'tung92.ns@gmail.com', '1658824321', 'hà nội', '.'),
(8, NULL, '507hpkui803q8chnerqdtf3vl2', 0, NULL, '0000-00-00', NULL, NULL, 'zsfxdg', 'tung92.ns@gmail.com', '1658824321', 'hà nội', 'sdfg'),
(9, NULL, '507hpkui803q8chnerqdtf3vl2', 1520000, NULL, '0000-00-00', NULL, NULL, 'zsfxdg', 'tung92.ns@gmail.com', '1658824321', '', 'sdfg'),
(10, NULL, '507hpkui803q8chnerqdtf3vl2', 0, NULL, '0000-00-00', NULL, NULL, 'sdgf', 'tung92.ns@gmail.com', '1658824321', 'hà nội', 'dfgfdhgvjm'),
(11, NULL, '507hpkui803q8chnerqdtf3vl2', 0, NULL, '0000-00-00', NULL, NULL, 'dfg', 'tung92.ns@gmail.com', '1658824321', 'hà nội', 'd'),
(12, NULL, '507hpkui803q8chnerqdtf3vl2', 0, NULL, '0000-00-00', NULL, NULL, 'sdf', 'tung92.ns@gmail.com', '1658824321', 'hà nội', 'zscf'),
(13, NULL, '507hpkui803q8chnerqdtf3vl2', 0, NULL, '0000-00-00', NULL, NULL, 'sds', 'tung92.ns@gmail.com', '1658824321', 'hà nội', 'xfc'),
(14, NULL, '507hpkui803q8chnerqdtf3vl2', 0, NULL, '0000-00-00', NULL, NULL, 'ádasf', 'tung92.ns@gmail.com', '1658824321', 'hà nội', 'cv'),
(15, NULL, '507hpkui803q8chnerqdtf3vl2', 0, NULL, '0000-00-00', NULL, NULL, 'sdf', 'tung92.ns@gmail.com', '1658824321', 'hà nội', 'zxd'),
(16, NULL, '507hpkui803q8chnerqdtf3vl2', 0, NULL, '0000-00-00', NULL, NULL, 'rf', 'tung92.ns@gmail.com', '1658824321', 'hà nội', 'xf'),
(17, NULL, '507hpkui803q8chnerqdtf3vl2', 0, NULL, '0000-00-00', NULL, NULL, 'f', 'tung92.ns@gmail.com', '1658824321', 'hà nội', 'sdf'),
(18, NULL, '507hpkui803q8chnerqdtf3vl2', 0, NULL, '0000-00-00', NULL, NULL, 'dfg', 'tung92.ns@gmail.com', '1658824321', 'hà nội', 'g'),
(19, NULL, '507hpkui803q8chnerqdtf3vl2', 0, NULL, '0000-00-00', NULL, NULL, 'dfg', 'tung92.ns@gmail.com', '1658824321', 'hà nội', 'sdf'),
(20, NULL, '507hpkui803q8chnerqdtf3vl2', 0, NULL, '0000-00-00', NULL, NULL, 'sè', 'tung92.ns@gmail.com', '1658824321', 'hà nội', 'cvb'),
(21, NULL, '507hpkui803q8chnerqdtf3vl2', 0, NULL, '0000-00-00', NULL, NULL, 'dfgd', 'tung92.ns@gmail.com', '1658824321', 'hà nội', 'zxcv'),
(22, NULL, '507hpkui803q8chnerqdtf3vl2', 0, NULL, '0000-00-00', NULL, NULL, 'dfjas@gmail.com', 'tung92.ns@gmail.com', '12342', 'fg', 'xc'),
(23, NULL, '507hpkui803q8chnerqdtf3vl2', 0, NULL, '0000-00-00', NULL, NULL, 'sdf', 'tung92.ns@gmail.com', 'dfg', 'dfg', 'gh'),
(24, NULL, '507hpkui803q8chnerqdtf3vl2', 0, NULL, '0000-00-00', NULL, NULL, 'dgfdg', 'tung92.ns@gmail.com', '1234567', 'xfvd', 'sx'),
(25, NULL, '507hpkui803q8chnerqdtf3vl2', 0, NULL, '0000-00-00', NULL, NULL, 'ạgdfh', 'tung92.ns@gmail.com', '1658824321', 'hà nội', 'cfgvb'),
(26, NULL, '507hpkui803q8chnerqdtf3vl2', 0, NULL, '0000-00-00', NULL, NULL, 'ggf', 'tung92.ns@gmail.com', '1658824321', 'hà nội', 'xcv'),
(27, NULL, '507hpkui803q8chnerqdtf3vl2', 3040000, NULL, '0000-00-00', NULL, NULL, 'ggf', 'tung92.ns@gmail.com', '1658824321', '', 'xcv'),
(28, NULL, 'k75ivhcmgk5u9bbi4ajsqeqon7', 0, NULL, '0000-00-00', NULL, NULL, 'hangpt', 'phamthuyhang@yahoo.com', '0973378669', 'fghfgh', 'zdfgdfg'),
(29, NULL, 'k75ivhcmgk5u9bbi4ajsqeqon7', 1845000, NULL, '0000-00-00', NULL, NULL, 'hangpt', 'phamthuyhang@yahoo.com', '0973378669', '', 'zdfgdfg'),
(30, NULL, '334n6joa344tmhngo3r5aqpve3', 1845000, NULL, '0000-00-00', NULL, NULL, 'HANGWF', 'HGJFGH@GMAIL.COM', '45657', 'qUAN NHAN', 'DTAN'),
(31, NULL, 'uicgfl7gr3e7ahodo04vpssns6', 3930000, NULL, '0000-00-00', NULL, NULL, 'dfHFGH', 'XFGHFG@GMAIL.COM', '3456789', 'ARFG', 'WRWER'),
(32, NULL, '9h180s77g41hqt5d8g95mudic6', 205000, NULL, '0000-00-00', NULL, NULL, 'vcxgf', 'gfgfdg@gmail.com', 'fgfdgdfg', 'fgfdgdf', 'gfdgdf'),
(33, NULL, 'jom8ufm7f64s09i4gk10fp1ma2', 2255000, NULL, '0000-00-00', NULL, NULL, 'Vahah', 'vaba@gmail.com', '12184', 'Fqgq', 'Vsbs'),
(34, NULL, '20ks5j7ju4vpq91d9699nvile3', 1455000, NULL, '0000-00-00', NULL, NULL, 'Vahah', 'vaba@gmail.com', '86633889', 'Fgujbvg', ''),
(35, NULL, 'ljlvfop98o8sevrh6ihtgdn7o6', 205000, NULL, '0000-00-00', NULL, NULL, 'Ngọc thế', 'ngocthe505@gmail.com', '0943218532', 'Số 19 ngõ 4 văn la hà đông hn', ''),
(36, NULL, '0m0i103i9mk3s0t8mi1g6gnqd5', 2250000, NULL, '0000-00-00', 4, '', 'Lìu tìu phìu', 'admin@deptrai.com', '096969969', 'Hà Nội', ''),
(37, NULL, 'meesi1d3laemnvqfgu7m1lm9p4', 2050000, NULL, '0000-00-00', 4, 'gfdgfd', 'Lìu tìu phìu', 'admin@deptrai.com', '0969068969', 'Hà Nội', ''),
(38, NULL, 'r3ktn90f3cn3fv82lob0qfv7l2', 0, NULL, '0000-00-00', NULL, NULL, 'hfgh', 'gfhg@gmail.com', '5345345435', 'gbfdgfdg', 'gdfg'),
(39, NULL, '3j87stb5hl70hfftn49fg9uve2', 615000, NULL, '0000-00-00', 1, '', 'Tâm', 'ngockhanh@gmail.com', '0974698975', 'thanh xuân', ''),
(40, NULL, 'vjnoaabl9tui5463ttpol3a745', 3040000, NULL, '0000-00-00', 1, '', 'hằng pt', 'ngockhanh@gmail.com', '123123435', 'dfghdfgh', 'dfghdfgh'),
(41, NULL, '36v2v63fsce7tth1ep3mp51uh3', 760000, NULL, '0000-00-00', NULL, NULL, 'ádfasdf', 'ngockhanh@gmail.com', 'dfgadfg', 'ádfgsdf', ''),
(42, NULL, '9ed4v2g4sm1v3og223ckgdh650', 4560000, NULL, '0000-00-00', NULL, NULL, 'sxdfsdf', 'ng@gmail.com', '345345', 'étdgvdf', ''),
(43, NULL, 's7kfj9rca2ic102k5sgpe4it67', 0, NULL, '0000-00-00', NULL, NULL, 'tuan', 'tuan@gmail.com', '30012018', 'Ha Noi', '1'),
(44, NULL, 'uh6mafdedbdh4sqodcd4amspa5', 0, NULL, '0000-00-00', NULL, NULL, 'tuan', 'tuan@gmail.com', '0123', 'Ha Noi', ''),
(45, NULL, '1phakdlrnq7gn5ln72umgujq63', 238620, NULL, '0000-00-00', NULL, NULL, 'tuan', 'tuan@gmail.com', '0123', 'Ha Noi', '13-7'),
(46, NULL, '59ja9qg681carcqvdcldu528v2', 119310, NULL, '0000-00-00', NULL, NULL, 'tuan', 'tuan@gmail.com', '0123', 'Ha Noi', '08-09'),
(47, NULL, 'j215s14gottrlb3ipv3bhsr6b1', 165000, NULL, '0000-00-00', NULL, NULL, 'huy', 'huytransmed@gmail.com', '0936678980', 'trung văn', 'cần gấp'),
(48, NULL, 'fuuqu5ld1fu0io8bs0a6a9mhi6', 600000, NULL, '0000-00-00', NULL, NULL, 'Huy', 'huytransmed@gmail.com', '0936678980', 'Gsjjksllsllso', 'Jjsoossijs');

-- --------------------------------------------------------

--
-- Table structure for table `cartdetail`
--

CREATE TABLE IF NOT EXISTS `cartdetail` (
  `id_cartDetail` int(11) NOT NULL,
  `id_product` int(11) DEFAULT NULL,
  `session_id` varchar(255) COLLATE utf8_unicode_ci DEFAULT NULL,
  `price_product` double DEFAULT NULL,
  `qyt_product` int(11) DEFAULT NULL,
  `totalprice_product` double DEFAULT NULL,
  `subInfo1` text COLLATE utf8_unicode_ci,
  `id_color` int(11) DEFAULT NULL,
  `id_size` int(11) DEFAULT NULL,
  `color` varchar(255) COLLATE utf8_unicode_ci DEFAULT NULL,
  `size` varchar(255) COLLATE utf8_unicode_ci DEFAULT NULL,
  `id_cart` int(11) NOT NULL
) ENGINE=InnoDB AUTO_INCREMENT=33 DEFAULT CHARSET=utf8 COLLATE=utf8_unicode_ci;

--
-- Dumping data for table `cartdetail`
--

INSERT INTO `cartdetail` (`id_cartDetail`, `id_product`, `session_id`, `price_product`, `qyt_product`, `totalprice_product`, `subInfo1`, `id_color`, `id_size`, `color`, `size`, `id_cart`) VALUES
(4, 27, NULL, NULL, NULL, NULL, NULL, NULL, NULL, NULL, NULL, 1),
(6, 27, 'fg4g7m0pb0vnv4dnvp88f7lds7', 760000, 3, 2280000, NULL, 2, 1, 'Cam', 'S', 1),
(8, 27, '507hpkui803q8chnerqdtf3vl2', 760000, 2, 1520000, NULL, 2, 1, 'Cam', 'S', 25),
(9, 27, '507hpkui803q8chnerqdtf3vl2', 760000, 4, 3040000, NULL, 2, 1, 'Cam', 'S', 26),
(10, 42, 'k75ivhcmgk5u9bbi4ajsqeqon7', 205000, 9, 1845000, NULL, 0, 0, '', '', 28),
(11, 42, '334n6joa344tmhngo3r5aqpve3', 205000, 9, 1845000, NULL, 0, 0, '', '', 30),
(12, 42, 'uicgfl7gr3e7ahodo04vpssns6', 205000, 6, 1230000, NULL, 0, 0, '', '', 31),
(13, 43, 'uicgfl7gr3e7ahodo04vpssns6', 450000, 6, 2700000, NULL, 0, 0, '', '', 31),
(14, 42, '9h180s77g41hqt5d8g95mudic6', 205000, 1, 205000, NULL, 0, 0, '', '', 32),
(15, 42, 'jom8ufm7f64s09i4gk10fp1ma2', 205000, 11, 2255000, NULL, 0, 0, '', '', 33),
(16, 43, '20ks5j7ju4vpq91d9699nvile3', 225000, 1, 225000, NULL, 0, 0, '', '', 34),
(17, 42, '20ks5j7ju4vpq91d9699nvile3', 205000, 6, 1230000, NULL, 0, 0, '', '', 34),
(18, 42, 'ljlvfop98o8sevrh6ihtgdn7o6', 205000, 1, 205000, NULL, 0, 0, '', '', 35),
(19, 43, '0m0i103i9mk3s0t8mi1g6gnqd5', 225000, 10, 2250000, NULL, 0, 0, '', '', 36),
(20, 42, 'meesi1d3laemnvqfgu7m1lm9p4', 205000, 10, 2050000, NULL, 0, 0, '', '', 37),
(21, 42, 'r3ktn90f3cn3fv82lob0qfv7l2', 205000, 0, 0, NULL, 0, 0, '', '', 38),
(22, 42, '3j87stb5hl70hfftn49fg9uve2', 205000, 3, 615000, NULL, 0, 0, '', '', 39),
(23, 27, 'vjnoaabl9tui5463ttpol3a745', 760000, 3, 2280000, NULL, 0, 0, '', '', 40),
(24, 28, 'vjnoaabl9tui5463ttpol3a745', 760000, 1, 760000, NULL, 0, 0, '', '', 40),
(25, 27, '36v2v63fsce7tth1ep3mp51uh3', 760000, 1, 760000, NULL, 0, 0, '', '', 41),
(26, 27, '9ed4v2g4sm1v3og223ckgdh650', 760000, 6, 4560000, NULL, 0, 0, '', '', 42),
(27, 55, 's7kfj9rca2ic102k5sgpe4it67', 0, 2, 0, NULL, 0, 0, '', '60x90 cm', 43),
(28, 48, 'uh6mafdedbdh4sqodcd4amspa5', 0, 1, 0, NULL, 0, 0, '', '', 44),
(29, 55, '1phakdlrnq7gn5ln72umgujq63', 119310, 2, 238620, NULL, 0, 0, '', '', 45),
(30, 55, '59ja9qg681carcqvdcldu528v2', 119310, 1, 119310, NULL, 0, 0, '', '', 46),
(31, 46, 'j215s14gottrlb3ipv3bhsr6b1', 55000, 3, 165000, NULL, 0, 0, '', '', 47),
(32, 67, 'fuuqu5ld1fu0io8bs0a6a9mhi6', 600000, 1, 600000, NULL, 0, 0, '', '', 48);

-- --------------------------------------------------------

--
-- Table structure for table `city`
--

CREATE TABLE IF NOT EXISTS `city` (
  `id` int(11) NOT NULL,
  `name` varchar(100) CHARACTER SET utf8 COLLATE utf8_unicode_ci NOT NULL,
  `note` text CHARACTER SET utf8 COLLATE utf8_unicode_ci NOT NULL
) ENGINE=InnoDB AUTO_INCREMENT=5 DEFAULT CHARSET=latin1;

--
-- Dumping data for table `city`
--

INSERT INTO `city` (`id`, `name`, `note`) VALUES
(1, 'Hà Nội', 'Việt Nam'),
(2, 'Hồ Chí Minh', ''),
(3, 'Đà Nẵng', ''),
(4, 'Hải Phòng', '');

-- --------------------------------------------------------

--
-- Table structure for table `color`
--

CREATE TABLE IF NOT EXISTS `color` (
  `color_id` bigint(20) NOT NULL,
  `color_name` varchar(255) COLLATE utf8_unicode_ci DEFAULT NULL,
  `color_price` double DEFAULT NULL,
  `color_stock` int(11) DEFAULT NULL,
  `color_img` text COLLATE utf8_unicode_ci,
  `product_id` int(11) DEFAULT NULL
) ENGINE=InnoDB DEFAULT CHARSET=utf8 COLLATE=utf8_unicode_ci;

-- --------------------------------------------------------

--
-- Table structure for table `config`
--

CREATE TABLE IF NOT EXISTS `config` (
  `config_id` int(11) NOT NULL,
  `web_name` text COLLATE utf8_unicode_ci,
  `web_meta` text COLLATE utf8_unicode_ci,
  `web_des` text COLLATE utf8_unicode_ci,
  `web_keyword` text COLLATE utf8_unicode_ci,
  `web_logo` text COLLATE utf8_unicode_ci,
  `web_hotline` text COLLATE utf8_unicode_ci,
  `web_phone` text COLLATE utf8_unicode_ci,
  `web_email` text COLLATE utf8_unicode_ci,
  `content_home1` text COLLATE utf8_unicode_ci,
  `content_home2` text COLLATE utf8_unicode_ci,
  `content_home3` text COLLATE utf8_unicode_ci,
  `content_home4` text COLLATE utf8_unicode_ci,
  `content_home5` text COLLATE utf8_unicode_ci,
  `content_home6` text COLLATE utf8_unicode_ci,
  `content_home7` text COLLATE utf8_unicode_ci,
  `content_home8` text COLLATE utf8_unicode_ci,
  `content_home9` text COLLATE utf8_unicode_ci,
  `content_home10` text COLLATE utf8_unicode_ci,
  `slideshow_home` text COLLATE utf8_unicode_ci,
  `link1` text COLLATE utf8_unicode_ci NOT NULL,
  `link2` text COLLATE utf8_unicode_ci NOT NULL,
  `link3` text COLLATE utf8_unicode_ci NOT NULL,
  `banner2` varchar(300) COLLATE utf8_unicode_ci NOT NULL,
  `banner1` varchar(300) COLLATE utf8_unicode_ci NOT NULL,
  `banner3` varchar(300) COLLATE utf8_unicode_ci NOT NULL,
  `icon_web` varchar(300) COLLATE utf8_unicode_ci NOT NULL
) ENGINE=InnoDB AUTO_INCREMENT=2 DEFAULT CHARSET=utf8 COLLATE=utf8_unicode_ci;

--
-- Dumping data for table `config`
--

INSERT INTO `config` (`config_id`, `web_name`, `web_meta`, `web_des`, `web_keyword`, `web_logo`, `web_hotline`, `web_phone`, `web_email`, `content_home1`, `content_home2`, `content_home3`, `content_home4`, `content_home5`, `content_home6`, `content_home7`, `content_home8`, `content_home9`, `content_home10`, `slideshow_home`, `link1`, `link2`, `link3`, `banner2`, `banner1`, `banner3`, `icon_web`) VALUES
(1, 'Lisa Việt', '', 'VỀ lisaviet Sứ mệnh của chúng tôi là tạo ra một môi trường học có thể đem lại ảnh hưởng tích cực, niềm vui, tình yêu và sự phát triển toàn diện cho học sinh. Bên cạnh các kiến thức chuyên môn, học sinh tại American Skills được bồi dưỡng nhân cách, phát triển sự tự tin, kỹ năng sống là bước đệm quan trọng, cần thiết cho sự thành công của các em trong tương lai.', 'Dịch vụ kế toán thuế trọn gói, Dịch vụ kê khai thuế online, Dịch vụ rà soát sổ sách, Dịch vụ hoàn thiện sổ sách, Dịch vụ quyết toán thuế, Dịch vụ Thành lập doanh nghiệp', 'logo lisa-01.png', '', '', '', 'Nhà 17T2-CT2 Vinaconex 3, Phường Trung Văn, Quận Nam Từ Liêm, Hà Nội', 'info@lisavietnam.com', '0962965624 - 01629662322', '', '', '0962.965.624', '<li><a href="">Về chúng tôi</a></li>\r\n                                        <li><a href="">Hướng dẫn mua hàng</a></li>\r\n                                        <li><a href="">Phương thức thanh toán</a></li>\r\n                                        <li><a href="">Chính sách đại lý</a></li>\r\n                                        <li><a href="">Sản phẩm nổi bật</a></li>\r\n                                        <li><a href="">Liên hệ</a></li>', '<li><a href="">Chính sách bán hàng</a></li>\r\n                                        <li><a href="">Mua xe trả góp</a></li>\r\n                                        <li><a href="">Tin tức sự kiện</a></li>\r\n                                        <li><a href="">Tài chính bảo hiểm</a></li>\r\n                                        <li><a href="">Đăng ký lái thử</a></li>', 'Công ty Cổ Phần Đầu Tư LISA Việt Nam', '', '["{\\"image\\":\\"01-1-1349x500.jpg\\"}","{\\"image\\":\\"03-2-1349x500.jpg\\"}","{\\"image\\":\\"background11.jpg\\"}","{\\"image\\":\\"background112.jpg\\"}"]', 'avits-smart-readingbrphat-trien-ngon-ngu-tieng-viet-4-10-tuoi', 'avits-mathbrtu-duy-toan-my-ixl-4-14-tuoi', 'avits-mathbrtoan', '01-1-1349x500.jpg', '03-2-1349x500.jpg', '03-2-1349x500.jpg', 'logo lisa-01.png');

-- --------------------------------------------------------

--
-- Table structure for table `config_languages`
--

CREATE TABLE IF NOT EXISTS `config_languages` (
  `id` int(11) NOT NULL,
  `config_id` int(11) DEFAULT NULL,
  `languages_code` varchar(255) COLLATE utf8_unicode_ci DEFAULT NULL,
  `lang_web_name` text COLLATE utf8_unicode_ci,
  `lang_web_meta` text COLLATE utf8_unicode_ci,
  `lang_web_des` text COLLATE utf8_unicode_ci,
  `lang_web_keyword` text COLLATE utf8_unicode_ci,
  `lang_web_hotline` text COLLATE utf8_unicode_ci,
  `lang_web_phone` text COLLATE utf8_unicode_ci,
  `lang_web_email` text COLLATE utf8_unicode_ci,
  `lang_content_home1` text COLLATE utf8_unicode_ci,
  `lang_content_home2` text COLLATE utf8_unicode_ci,
  `lang_content_home3` text COLLATE utf8_unicode_ci,
  `lang_content_home4` text COLLATE utf8_unicode_ci,
  `lang_content_home5` text COLLATE utf8_unicode_ci,
  `lang_content_home6` text COLLATE utf8_unicode_ci,
  `lang_content_home7` text COLLATE utf8_unicode_ci,
  `lang_content_home8` text COLLATE utf8_unicode_ci,
  `lang_content_home9` text COLLATE utf8_unicode_ci,
  `lang_content_home10` text COLLATE utf8_unicode_ci,
  `edit_state` int(11) DEFAULT '0',
  `lang_link1` text COLLATE utf8_unicode_ci NOT NULL,
  `lang_link2` text COLLATE utf8_unicode_ci NOT NULL,
  `lang_link3` text COLLATE utf8_unicode_ci NOT NULL
) ENGINE=InnoDB AUTO_INCREMENT=3 DEFAULT CHARSET=utf8 COLLATE=utf8_unicode_ci;

--
-- Dumping data for table `config_languages`
--

INSERT INTO `config_languages` (`id`, `config_id`, `languages_code`, `lang_web_name`, `lang_web_meta`, `lang_web_des`, `lang_web_keyword`, `lang_web_hotline`, `lang_web_phone`, `lang_web_email`, `lang_content_home1`, `lang_content_home2`, `lang_content_home3`, `lang_content_home4`, `lang_content_home5`, `lang_content_home6`, `lang_content_home7`, `lang_content_home8`, `lang_content_home9`, `lang_content_home10`, `edit_state`, `lang_link1`, `lang_link2`, `lang_link3`) VALUES
(1, 1, 'vn', 'Lisa Việt', '', 'VỀ lisaviet Sứ mệnh của chúng tôi là tạo ra một môi trường học có thể đem lại ảnh hưởng tích cực, niềm vui, tình yêu và sự phát triển toàn diện cho học sinh. Bên cạnh các kiến thức chuyên môn, học sinh tại American Skills được bồi dưỡng nhân cách, phát triển sự tự tin, kỹ năng sống là bước đệm quan trọng, cần thiết cho sự thành công của các em trong tương lai.', 'Dịch vụ kế toán thuế trọn gói, Dịch vụ kê khai thuế online, Dịch vụ rà soát sổ sách, Dịch vụ hoàn thiện sổ sách, Dịch vụ quyết toán thuế, Dịch vụ Thành lập doanh nghiệp', '', '', '', 'Nhà 17T2-CT2 Vinaconex 3, Phường Trung Văn, Quận Nam Từ Liêm, Hà Nội', 'info@lisavietnam.com', '0962965624 - 01629662322', '', '', '0962.965.624', '<li><a href="">Về chúng tôi</a></li>\r\n                                        <li><a href="">Hướng dẫn mua hàng</a></li>\r\n                                        <li><a href="">Phương thức thanh toán</a></li>\r\n                                        <li><a href="">Chính sách đại lý</a></li>\r\n                                        <li><a href="">Sản phẩm nổi bật</a></li>\r\n                                        <li><a href="">Liên hệ</a></li>', '<li><a href="">Chính sách bán hàng</a></li>\r\n                                        <li><a href="">Mua xe trả góp</a></li>\r\n                                        <li><a href="">Tin tức sự kiện</a></li>\r\n                                        <li><a href="">Tài chính bảo hiểm</a></li>\r\n                                        <li><a href="">Đăng ký lái thử</a></li>', 'Công ty Cổ Phần Đầu Tư LISA Việt Nam', '', 1, '0', 'avits-mathbrtu-duy-toan-my-ixl-4-14-tuoi', 'avits-mathbrtoan'),
(2, 1, 'en', '', '', '', '', '', '', '', 'WHY CHOOSE US?', 'With the operating experiences of plywood factory from 2012, we have supply Good quality Plywood for Packing and Furniture Industry as well as Construction. We are deserved to become your partner to help you have good materials for your production and your trading in plywood industry all over the world. \r\nWe have our team to control all processes of plywood Production very professionally such as Q&C, R&D, Technical team .Moreover, our market is widespread in many foreign countries like Thailand, Korea, Japan, Malaysia, Indonesia, Myamar, Taiwan and others.\r\nComing to us, you wil have many Priorities in Price, Early Delivery as well as in Quality: Strong Density, No Gap, straight side, smooth face....\r\n', '', 'HISTORY', 'Our factory start to operate in 2012, selling to trading companies to bring cargo to foreign countries. And in 2015, we establish our own company to export to customer directly. \r\nOur plywood is exported to Thailand, Indonesia, Korea, Malaysia, Taiwan and other countries.\r\n', 'MAIN PRODUCTS', 'Plywood, Core Veneer, Film faced plywood, Finger Joint , Sawn timber', 'CLIENTS - PARTNERS', 'TIMBER RELATED STORIES', '', 1, '', '', '');

-- --------------------------------------------------------

--
-- Table structure for table `currency`
--

CREATE TABLE IF NOT EXISTS `currency` (
  `currency_id` int(11) NOT NULL,
  `currency_code` varchar(255) COLLATE utf8_unicode_ci DEFAULT NULL,
  `currency_name` text COLLATE utf8_unicode_ci,
  `currency_exchange_rate` float DEFAULT NULL
) ENGINE=InnoDB DEFAULT CHARSET=utf8 COLLATE=utf8_unicode_ci;

-- --------------------------------------------------------

--
-- Table structure for table `dai_ly`
--

CREATE TABLE IF NOT EXISTS `dai_ly` (
  `id` int(11) NOT NULL,
  `name` varchar(1000) CHARACTER SET utf8 COLLATE utf8_unicode_ci NOT NULL,
  `address` text CHARACTER SET utf8 COLLATE utf8_unicode_ci NOT NULL,
  `phone` varchar(200) CHARACTER SET utf8 COLLATE utf8_unicode_ci NOT NULL,
  `logo` varchar(500) CHARACTER SET utf8 COLLATE utf8_unicode_ci NOT NULL,
  `embed` text CHARACTER SET utf8 COLLATE utf8_unicode_ci NOT NULL,
  `city` int(11) NOT NULL,
  `district` int(11) NOT NULL
) ENGINE=InnoDB AUTO_INCREMENT=8 DEFAULT CHARSET=latin1;

--
-- Dumping data for table `dai_ly`
--

INSERT INTO `dai_ly` (`id`, `name`, `address`, `phone`, `logo`, `embed`, `city`, `district`) VALUES
(2, 'Tuticare', 'Hà Nội', '024 3224 7110', 'logo_tuticare.png', '<iframe src="https://www.google.com/maps/embed?pb=!1m18!1m12!1m3!1d3724.5064839403776!2d105.81860931440704!3d21.0124109937133!2m3!1f0!2f0!3f0!3m2!1i1024!2i768!4f13.1!3m3!1m2!1s0x3135ab7da57a1c97%3A0x14da7e1f7daa5d13!2zMTU2IFRow6FpIEjDoCwgVHJ1bmcgTGnhu4d0LCDEkOG7kW5nIMSQYSwgSMOgIE7hu5lpLCBWaeG7h3QgTmFt!5e0!3m2!1svi!2s!4v1536987762002" width="100%" height="450" frameborder="0" style="border:0" allowfullscreen></iframe>', 1, 1),
(3, 'Công ty 2', 'Hà Nội, Việt Nam', '0123456', '2014_167_154234_985W37Q.png', '<iframe src="https://www.google.com/maps/embed?pb=!1m18!1m12!1m3!1d7448.505945496799!2d105.78866247683703!3d21.02256160874191!2m3!1f0!2f0!3f0!3m2!1i1024!2i768!4f13.1!3m3!1m2!1s0x3135ab5071d33a85%3A0x11b2ab7b4c1f1b61!2zWcOqbiBIb8OgLCBD4bqndSBHaeG6pXksIEhhbm9pLCBWaWV0bmFt!5e0!3m2!1sen!2s!4v1536568451975" width="100%" height="450" frameborder="0" style="border:0" allowfullscreen></iframe> ', 1, 2),
(4, 'Công ty 3', 'Hồ chí minh', '0123456', '', '<iframe src="https://www.google.com/maps/embed?pb=!1m18!1m12!1m3!1d7448.427349079909!2d105.85141393265646!3d21.024134694303154!2m3!1f0!2f0!3f0!3m2!1i1024!2i768!4f13.1!3m3!1m2!1s0x3135ab939165e8d9%3A0xf3952b1fa755bdcc!2sMeli%C3%A1+Hanoi!5e0!3m2!1sen!2s!4v1536569316869" width="100%" height="450" frameborder="0" style="border:0" allowfullscreen></iframe>', 2, 3),
(5, 'Công ty 4', 'Đã Nẵng', '02311', '', '<iframe src="https://www.google.com/maps/embed?pb=!1m18!1m12!1m3!1d7449.957261552935!2d105.79485827697003!3d20.9934936940698!2m3!1f0!2f0!3f0!3m2!1i1024!2i768!4f13.1!3m3!1m2!1s0x3135acb9499e7545%3A0x703c923b7ac373be!2sThanh+Xuan+Bac%2C+Thanh+Xu%C3%A2n%2C+Hanoi%2C+Vietnam!5e0!3m2!1sen!2s!4v1536739364823" width="100%" height="450" frameborder="0" style="border:0" allowfullscreen></iframe>', 1, 0),
(6, 'Công ty 5', 'HCM', '1234567890', '', '<iframe src="https://www.google.com/maps/embed?pb=!1m18!1m12!1m3!1d31355.76965430164!2d106.68085292017675!3d10.77517655862345!2m3!1f0!2f0!3f0!3m2!1i1024!2i768!4f13.1!3m3!1m2!1s0x31752f38f9ed887b%3A0x14aded5703768989!2sDistrict+1%2C+Ho+Chi+Minh+City!5e0!3m2!1sen!2s!4v1536751801027" width="100%" height="450" frameborder="0" style="border:0" allowfullscreen></iframe>', 2, 3),
(7, 'đại lý 1', 'trung văn', '975789136', '', '<iframe src="https://www.google.com/maps/embed?pb=!1m18!1m12!1m3!1d14899.82369768058!2d105.77010130146023!3d20.994403832195196!2m3!1f0!2f0!3f0!3m2!1i1024!2i768!4f13.1!3m3!1m2!1s0x31345318de475cd9%3A0xfeb22cdc5a38e0da!2sVinaconex3+Trung+V%C4%83n!5e0!3m2!1svi!2s!4v1537589380427" width="100%" height="450" frameborder="0" style="border:0" allowfullscreen></iframe>', 1, 1);

-- --------------------------------------------------------

--
-- Table structure for table `dangky_daily`
--

CREATE TABLE IF NOT EXISTS `dangky_daily` (
  `id` int(11) NOT NULL,
  `name` varchar(100) CHARACTER SET utf8 COLLATE utf8_unicode_ci NOT NULL,
  `email` varchar(200) CHARACTER SET utf8 COLLATE utf8_unicode_ci NOT NULL,
  `phone` varchar(100) CHARACTER SET utf8 COLLATE utf8_unicode_ci NOT NULL,
  `address` varchar(2000) CHARACTER SET utf8 COLLATE utf8_unicode_ci NOT NULL,
  `company` varchar(2000) CHARACTER SET utf8 COLLATE utf8_unicode_ci NOT NULL,
  `note` text CHARACTER SET utf8 COLLATE utf8_unicode_ci NOT NULL,
  `map` text CHARACTER SET utf8 COLLATE utf8_unicode_ci NOT NULL
) ENGINE=InnoDB AUTO_INCREMENT=2 DEFAULT CHARSET=latin1;

--
-- Dumping data for table `dangky_daily`
--

INSERT INTO `dangky_daily` (`id`, `name`, `email`, `phone`, `address`, `company`, `note`, `map`) VALUES
(1, 'Trương Quang Tuấn', 'tuan@gmail.com', '0123', 'Hà Nội', 'abc', '1', '2');

-- --------------------------------------------------------

--
-- Table structure for table `datasheets_file`
--

CREATE TABLE IF NOT EXISTS `datasheets_file` (
  `id` int(11) NOT NULL,
  `name` varchar(600) CHARACTER SET utf8 COLLATE utf8_unicode_ci NOT NULL
) ENGINE=InnoDB AUTO_INCREMENT=2 DEFAULT CHARSET=latin1;

--
-- Dumping data for table `datasheets_file`
--

INSERT INTO `datasheets_file` (`id`, `name`) VALUES
(1, 'tuan.pdf');

-- --------------------------------------------------------

--
-- Table structure for table `dat_mua`
--

CREATE TABLE IF NOT EXISTS `dat_mua` (
  `id` int(11) NOT NULL,
  `name_investors` varchar(200) CHARACTER SET utf8 NOT NULL,
  `professional_field` varchar(225) NOT NULL,
  `work_unit` varchar(225) NOT NULL,
  `phone` varchar(200) CHARACTER SET utf8 NOT NULL,
  `email` varchar(200) NOT NULL,
  `address` varchar(100) NOT NULL,
  `district` varchar(200) CHARACTER SET utf8 NOT NULL,
  `city` varchar(200) CHARACTER SET utf8mb4 COLLATE utf8mb4_unicode_ci NOT NULL,
  `chanel` varchar(200) NOT NULL,
  `aspiration` varchar(200) CHARACTER SET utf8mb4 COLLATE utf8mb4_unicode_ci NOT NULL
) ENGINE=InnoDB AUTO_INCREMENT=5 DEFAULT CHARSET=latin1;

--
-- Dumping data for table `dat_mua`
--

INSERT INTO `dat_mua` (`id`, `name_investors`, `professional_field`, `work_unit`, `phone`, `email`, `address`, `district`, `city`, `chanel`, `aspiration`) VALUES
(2, 'Rèm vải 01', '760', '1', 'tuấn', 'tuan@gmail.com', '0123', 'Hà Nội', '', '', ''),
(3, 'Việt Hưng', 'IT', 'GOLDBRIDGE ', '1672523165', 'viethung95cute@gmail.com', '', 'Thanh Xuân', 'Hà N?i', 'Facebook', 'Không có nguy?n v?ng'),
(4, 'Việt Hưng', 'IT', 'GOLDBRIDGE ', '1672523165', 'viethung95cute@gmail.com', '', 'Thanh Xuân', 'Hà N?i', 'Facebook', 'Không có nguy?n v?ng');

-- --------------------------------------------------------

--
-- Table structure for table `declaration_file`
--

CREATE TABLE IF NOT EXISTS `declaration_file` (
  `id` int(11) NOT NULL,
  `name` varchar(600) CHARACTER SET utf8 COLLATE utf8_unicode_ci NOT NULL
) ENGINE=InnoDB AUTO_INCREMENT=2 DEFAULT CHARSET=latin1;

--
-- Dumping data for table `declaration_file`
--

INSERT INTO `declaration_file` (`id`, `name`) VALUES
(1, 'tuan.pdf');

-- --------------------------------------------------------

--
-- Table structure for table `district`
--

CREATE TABLE IF NOT EXISTS `district` (
  `id` int(11) NOT NULL,
  `name` varchar(100) CHARACTER SET utf8 COLLATE utf8_unicode_ci NOT NULL,
  `note` text CHARACTER SET utf8 COLLATE utf8_unicode_ci NOT NULL,
  `city_id` int(11) NOT NULL
) ENGINE=InnoDB AUTO_INCREMENT=7 DEFAULT CHARSET=latin1;

--
-- Dumping data for table `district`
--

INSERT INTO `district` (`id`, `name`, `note`, `city_id`) VALUES
(1, 'Cầu Giấy', 'viet nam', 1),
(2, 'Thanh Xuân', '', 1),
(3, 'Quận 1', '', 2),
(4, 'Quận 2', '', 2),
(5, 'Quận 3', '', 2),
(6, 'Ngô Quyền', '', 4);

-- --------------------------------------------------------

--
-- Table structure for table `installation_file`
--

CREATE TABLE IF NOT EXISTS `installation_file` (
  `id` int(11) NOT NULL,
  `name` varchar(600) CHARACTER SET utf8 COLLATE utf8_unicode_ci NOT NULL
) ENGINE=InnoDB AUTO_INCREMENT=2 DEFAULT CHARSET=latin1;

--
-- Dumping data for table `installation_file`
--

INSERT INTO `installation_file` (`id`, `name`) VALUES
(1, 'tuan.pdf');

-- --------------------------------------------------------

--
-- Table structure for table `languages`
--

CREATE TABLE IF NOT EXISTS `languages` (
  `languages_id` int(11) NOT NULL,
  `languages_code` varchar(255) COLLATE utf8_unicode_ci DEFAULT NULL,
  `languages_name` text COLLATE utf8_unicode_ci
) ENGINE=InnoDB AUTO_INCREMENT=3 DEFAULT CHARSET=utf8 COLLATE=utf8_unicode_ci;

--
-- Dumping data for table `languages`
--

INSERT INTO `languages` (`languages_id`, `languages_code`, `languages_name`) VALUES
(1, 'vn', 'Tiếng Việt'),
(2, 'en', 'English');

-- --------------------------------------------------------

--
-- Table structure for table `lien_he`
--

CREATE TABLE IF NOT EXISTS `lien_he` (
  `id` int(11) NOT NULL,
  `name` varchar(200) CHARACTER SET utf8 NOT NULL,
  `email` varchar(200) NOT NULL,
  `phone` varchar(100) NOT NULL,
  `address` varchar(500) CHARACTER SET utf8 NOT NULL,
  `comment` mediumtext CHARACTER SET utf8 NOT NULL,
  `time` timestamp NOT NULL DEFAULT CURRENT_TIMESTAMP ON UPDATE CURRENT_TIMESTAMP
) ENGINE=InnoDB AUTO_INCREMENT=6 DEFAULT CHARSET=latin1;

--
-- Dumping data for table `lien_he`
--

INSERT INTO `lien_he` (`id`, `name`, `email`, `phone`, `address`, `comment`, `time`) VALUES
(1, 'tuấn', 'tuan@gmail.com', '0245', 'Hà Nội', 'ok', '2017-11-29 12:51:52'),
(2, 'Hang Pham Thuy', 'ngockhanh260614@gmail.com', '973378669', 'Thanh Xuân, Thanh Xuân', 'xfghfghfgh', '2017-12-03 04:06:32'),
(3, 'ewrerwer', 'viethung95cute@gmail.com', '01672545654', 'hà nội', '', '2018-04-05 06:24:46'),
(4, 'tuấn', 'tuan@gmail.com', '0123', '', '13-7', '2018-07-13 11:24:19'),
(5, 'tuấn', 'tuan@gmail.com', '1234567890', '', '08-09', '2018-09-08 04:22:05');

-- --------------------------------------------------------

--
-- Table structure for table `listings_certifications_file`
--

CREATE TABLE IF NOT EXISTS `listings_certifications_file` (
  `id` int(11) NOT NULL,
  `name` varchar(600) CHARACTER SET utf8 COLLATE utf8_unicode_ci NOT NULL
) ENGINE=InnoDB AUTO_INCREMENT=2 DEFAULT CHARSET=latin1;

--
-- Dumping data for table `listings_certifications_file`
--

INSERT INTO `listings_certifications_file` (`id`, `name`) VALUES
(1, 'tuan.pdf');

-- --------------------------------------------------------

--
-- Table structure for table `menu`
--

CREATE TABLE IF NOT EXISTS `menu` (
  `menu_id` int(11) NOT NULL,
  `menu_name` text COLLATE utf8_unicode_ci,
  `menu_sort_order` int(11) DEFAULT '0',
  `menu_type_id` int(11) DEFAULT NULL,
  `menu_url` text COLLATE utf8_unicode_ci,
  `productcat_id` int(11) DEFAULT NULL,
  `newscat_id` int(11) DEFAULT NULL,
  `product_id` int(11) DEFAULT NULL,
  `page_id` int(11) DEFAULT NULL,
  `news_id` int(11) DEFAULT NULL,
  `state` int(11) DEFAULT NULL,
  `menu_parent` int(11) NOT NULL DEFAULT '0',
  `servicecat_id` int(11) DEFAULT NULL,
  `service_id` int(11) DEFAULT NULL,
  `state_menuHeader` int(11) DEFAULT NULL
) ENGINE=InnoDB AUTO_INCREMENT=212 DEFAULT CHARSET=utf8 COLLATE=utf8_unicode_ci;

--
-- Dumping data for table `menu`
--

INSERT INTO `menu` (`menu_id`, `menu_name`, `menu_sort_order`, `menu_type_id`, `menu_url`, `productcat_id`, `newscat_id`, `product_id`, `page_id`, `news_id`, `state`, `menu_parent`, `servicecat_id`, `service_id`, `state_menuHeader`) VALUES
(114, 'Trang chủ', 0, 1, '', 0, 0, 0, 0, 0, 1, 0, 0, 0, NULL),
(147, 'Ngàng hàng', 3, 2, '', 0, 0, 0, 0, 0, 1, 0, 0, 0, NULL),
(151, 'Thương hiệu', 3, 2, '', 0, 0, 0, 0, 0, 1, 0, 0, 0, NULL),
(152, 'Đại lý', 4, 8, 'tim-dai-ly', 0, 0, 0, 0, 0, 1, 0, 0, 0, NULL),
(153, 'Liên hệ', 5, 9, '', 0, 0, 0, 0, 0, 1, 0, 0, 0, NULL),
(155, 'Giới thiệu', 2, 13, '', 0, 0, 0, 35, 0, 1, 0, 0, 0, NULL),
(164, 'Tin tức', 4, 6, '', 0, 0, 0, 0, 0, 1, 0, 0, 0, NULL),
(195, 'Hỗ trợ', 4, 8, '#', 0, 0, 0, 0, 0, 1, 0, 0, 0, NULL),
(196, 'Đồ Gia Dụng', 0, 3, '', 140, 0, 0, 0, 0, 1, 147, 0, 0, NULL),
(197, 'Mẹ và Bé', 0, 3, '', 139, 0, 0, 0, 0, 1, 147, 0, 0, NULL),
(198, 'Thiết bị y tế', 2, 3, '', 119, 0, 0, 0, 0, 1, 147, 0, 0, NULL),
(199, 'Tìm đại lý', 0, 8, 'tim-dai-ly', 0, 0, 0, 0, 0, 1, 152, 0, 0, NULL),
(200, 'Trở thành đại lý', 0, 8, 'tro-thanh-dai-ly', 0, 0, 0, 0, 0, 1, 152, 0, 0, NULL),
(201, 'Tin hot', 0, 5, '', 0, 74, 0, 0, 0, 1, 164, 0, 0, NULL),
(202, 'Tin khuyến mãi', 0, 5, '', 0, 73, 0, 0, 0, 1, 164, 0, 0, NULL),
(203, 'Chí sẻ kinh nghiệm', 0, 5, '', 0, 72, 0, 0, 0, 1, 164, 0, 0, NULL),
(204, 'Trải nghiệm người dùng', 0, 5, '', 0, 71, 0, 0, 0, 1, 164, 0, 0, NULL),
(205, 'Hướng dẫn sử dụng', 0, 13, '', 0, 0, 0, 37, 0, 1, 195, 0, 0, NULL),
(206, 'Bảo hành', 0, 13, '', 0, 0, 0, 36, 0, 1, 195, 0, 0, NULL),
(207, 'Bình ComboEZ 0.8L', 0, 4, '', 0, 0, 62, 0, 0, 1, 196, 0, 0, NULL),
(208, 'Bình rửa mũi Pari', 0, 4, '', 0, 0, 50, 0, 0, 1, 197, 0, 0, NULL),
(209, 'Hút mũi NoseFrida', 1, 4, '', 0, 0, 49, 0, 0, 1, 197, 0, 0, NULL),
(210, 'Bình ComboEZ 1L', 1, 4, '', 0, 0, 63, 0, 0, 1, 196, 0, 0, NULL),
(211, 'Bình ComboEZ 1.8L', 0, 4, '', 0, 0, 64, 0, 0, 1, 196, 0, 0, NULL);

-- --------------------------------------------------------

--
-- Table structure for table `menu_languages`
--

CREATE TABLE IF NOT EXISTS `menu_languages` (
  `id` bigint(20) NOT NULL,
  `languages_code` varchar(255) COLLATE utf8_unicode_ci NOT NULL,
  `lang_menu_name` text COLLATE utf8_unicode_ci,
  `edit_state` int(11) NOT NULL DEFAULT '0',
  `urlFriendly_menu` varchar(255) COLLATE utf8_unicode_ci DEFAULT NULL,
  `menu_id` int(11) DEFAULT NULL
) ENGINE=InnoDB AUTO_INCREMENT=401 DEFAULT CHARSET=utf8 COLLATE=utf8_unicode_ci;

--
-- Dumping data for table `menu_languages`
--

INSERT INTO `menu_languages` (`id`, `languages_code`, `lang_menu_name`, `edit_state`, `urlFriendly_menu`, `menu_id`) VALUES
(205, 'vn', 'Trang chủ', 1, '', 114),
(206, 'en', 'Trang chủ - vn', 1, '', 114),
(271, 'vn', 'Ngàng hàng', 0, '', 147),
(272, 'en', 'Ngàng hàng', 0, '', 147),
(279, 'vn', 'Thương hiệu', 0, '', 151),
(280, 'en', 'Lịch khám', 0, 'lich-kham', 151),
(281, 'vn', 'Đại lý', 0, 'tim-dai-ly', 152),
(282, 'en', 'Đại lý', 0, '', 152),
(283, 'vn', 'Liên hệ', 0, '', 153),
(284, 'en', 'Liên hệ', 0, '', 153),
(287, 'vn', 'Giới thiệu', 0, '', 155),
(288, 'en', 'Giới thiệu', 0, '', 155),
(305, 'vn', 'Tin tức', 0, '', 164),
(306, 'en', 'Tin tức', 0, '', 164),
(367, 'vn', 'Hỗ trợ', 0, '#', 195),
(368, 'en', 'Hỗ trợ', 0, '', 195),
(369, 'vn', 'Đồ Gia Dụng', 0, '', 196),
(370, 'en', 'Đồ Gia Dụng', 0, '', 196),
(371, 'vn', 'Mẹ và Bé', 0, '', 197),
(372, 'en', 'Mẹ và Bé', 0, '', 197),
(373, 'vn', 'Thiết bị y tế', 0, '', 198),
(374, 'en', 'Thiết bị y tế', 0, '', 198),
(375, 'vn', 'Tìm đại lý', 0, 'tim-dai-ly', 199),
(376, 'en', 'Tìm đại lý', 0, 'tim-dai-ly', 199),
(377, 'vn', 'Trở thành đại lý', 0, 'tro-thanh-dai-ly', 200),
(378, 'en', 'Trở thành đại lý', 0, 'tro-thanh-dai-ly', 200),
(379, 'vn', 'Tin hot', 0, '', 201),
(380, 'en', 'Tin hot', 0, '', 201),
(381, 'vn', 'Tin khuyến mãi', 0, '', 202),
(382, 'en', 'Tin khuyến mãi', 0, '', 202),
(383, 'vn', 'Chí sẻ kinh nghiệm', 0, '', 203),
(384, 'en', 'Chí sẻ kinh nghiệm', 0, '', 203),
(385, 'vn', 'Trải nghiệm người dùng', 0, '', 204),
(386, 'en', 'Trải nghiệm người dùng', 0, '', 204),
(387, 'vn', 'Hướng dẫn sử dụng', 0, '', 205),
(388, 'en', 'Hướng dẫn sử dụng', 0, '', 205),
(389, 'vn', 'Bảo hành', 0, '', 206),
(390, 'en', 'Bảo hành', 0, '', 206),
(391, 'vn', 'Bình ComboEZ 0.8L', 0, '', 207),
(392, 'en', 'Bình ComboEZ 0.8L', 0, '', 207),
(393, 'vn', 'Bình rửa mũi Pari', 0, '', 208),
(394, 'en', 'Bình rửa mũi Pari', 0, '', 208),
(395, 'vn', 'Hút mũi NoseFrida', 0, '', 209),
(396, 'en', 'Hút mũi NoseFrida', 0, '', 209),
(397, 'vn', 'Bình ComboEZ 1L', 0, '', 210),
(398, 'en', 'Bình ComboEZ 1L', 0, '', 210),
(399, 'vn', 'Bình ComboEZ 1.8L', 0, '', 211),
(400, 'en', 'Bình ComboEZ 1.8L', 0, '', 211);

-- --------------------------------------------------------

--
-- Table structure for table `menu_type`
--

CREATE TABLE IF NOT EXISTS `menu_type` (
  `menu_type_id` int(11) NOT NULL,
  `menu_type_name` varchar(255) COLLATE utf8_unicode_ci DEFAULT NULL,
  `first_url` varchar(255) COLLATE utf8_unicode_ci DEFAULT NULL
) ENGINE=InnoDB AUTO_INCREMENT=16 DEFAULT CHARSET=utf8 COLLATE=utf8_unicode_ci;

--
-- Dumping data for table `menu_type`
--

INSERT INTO `menu_type` (`menu_type_id`, `menu_type_name`, `first_url`) VALUES
(1, 'Trang chủ', ''),
(2, 'Tất cả sản phẩm', 'san-pham'),
(3, 'Danh mục sản phẩm', NULL),
(4, 'Sản phẩm cụ thể', NULL),
(5, 'Danh mục tin tức', NULL),
(6, 'Tất cả bài tin tức', ''),
(7, 'Bài viết tin tức', NULL),
(8, 'Địa chỉ web', NULL),
(9, 'Liên hệ', NULL),
(10, 'Tất cả dịch vụ', NULL),
(11, 'Bài viết dịch vụ', NULL),
(12, 'Danh mục dịch vụ', NULL),
(13, 'Page', NULL),
(14, 'Đăng ký', NULL),
(15, 'Đăng nhập', NULL);

-- --------------------------------------------------------

--
-- Table structure for table `menu_type_languages`
--

CREATE TABLE IF NOT EXISTS `menu_type_languages` (
  `id` int(11) NOT NULL,
  `languages_code` varchar(255) COLLATE utf8_unicode_ci DEFAULT NULL,
  `menu_type_id` int(11) DEFAULT NULL,
  `menu_type_name` varchar(255) COLLATE utf8_unicode_ci DEFAULT NULL,
  `friendly_url` varchar(255) COLLATE utf8_unicode_ci DEFAULT NULL
) ENGINE=InnoDB AUTO_INCREMENT=31 DEFAULT CHARSET=utf8 COLLATE=utf8_unicode_ci;

--
-- Dumping data for table `menu_type_languages`
--

INSERT INTO `menu_type_languages` (`id`, `languages_code`, `menu_type_id`, `menu_type_name`, `friendly_url`) VALUES
(1, 'vn', 1, 'Trang chủ', ''),
(2, 'en', 1, 'Home', ''),
(3, 'vn', 2, 'Tất cả sản phẩm', 'san-pham'),
(4, 'en', 2, 'All products', 'products'),
(5, 'vn', 3, 'Danh mục sản phẩm', ''),
(6, 'en', 3, 'Catalog product', ''),
(7, 'vn', 4, 'Sản phẩm cụ thể', ''),
(8, 'en', 4, 'Product detail', ''),
(9, 'vn', 5, 'Danh mục tin tức', ''),
(10, 'en', 5, 'Catalog news', ''),
(11, 'vn', 6, 'Tất cả bài tin tức', 'tin-tuc'),
(12, 'en', 6, 'All News', 'news'),
(13, 'vn', 7, 'Bài viết tin tức', ''),
(14, 'en', 7, 'News detail', ''),
(15, 'vn', 8, 'Địa chỉ website', ''),
(16, 'en', 8, 'Website Address', ''),
(17, 'vn', 9, 'Liên hệ', 'lien-he'),
(18, 'en', 9, 'Contact', 'contact'),
(19, 'vn', 10, 'Tất cả dịch vụ', 'dich-vu'),
(20, 'en', 10, 'All Services', 'services'),
(21, 'vn', 11, 'Bài viết dịch vụ', ''),
(22, 'en', 11, 'Service detail', ''),
(23, 'vn', 12, 'Danh mục dịch vụ', ''),
(24, 'en', 12, 'Catalog service', ''),
(25, 'vn', 13, 'Trang nội dung', ''),
(26, 'en', 13, 'Page', ''),
(27, 'vn', 14, 'Đăng ký', 'dang-ky'),
(28, 'en', 14, 'Sign in', 'sign-in'),
(29, 'vn', 15, 'Đăng nhập', 'dang-nhap'),
(30, 'en', 15, 'Log in', 'log-in');

-- --------------------------------------------------------

--
-- Table structure for table `news`
--

CREATE TABLE IF NOT EXISTS `news` (
  `news_id` int(11) NOT NULL,
  `news_name` text COLLATE utf8_unicode_ci,
  `news_des` text COLLATE utf8_unicode_ci,
  `news_content` text COLLATE utf8_unicode_ci,
  `news_img` text COLLATE utf8_unicode_ci,
  `news_views` int(11) DEFAULT NULL,
  `newscat_id` int(11) DEFAULT NULL,
  `news_author` text COLLATE utf8_unicode_ci,
  `news_created_date` datetime DEFAULT NULL,
  `news_update_date` datetime DEFAULT NULL,
  `state` int(11) NOT NULL DEFAULT '0',
  `news_sub_info1` text COLLATE utf8_unicode_ci,
  `news_sub_info2` text COLLATE utf8_unicode_ci,
  `news_sub_info3` text COLLATE utf8_unicode_ci,
  `news_sub_info4` text COLLATE utf8_unicode_ci,
  `news_sub_info5` text COLLATE utf8_unicode_ci,
  `title_seo` text COLLATE utf8_unicode_ci,
  `des_seo` text COLLATE utf8_unicode_ci,
  `friendly_url` text COLLATE utf8_unicode_ci,
  `keyword` text COLLATE utf8_unicode_ci,
  `created_id` int(11) DEFAULT NULL
) ENGINE=InnoDB AUTO_INCREMENT=113 DEFAULT CHARSET=utf8 COLLATE=utf8_unicode_ci;

--
-- Dumping data for table `news`
--

INSERT INTO `news` (`news_id`, `news_name`, `news_des`, `news_content`, `news_img`, `news_views`, `newscat_id`, `news_author`, `news_created_date`, `news_update_date`, `state`, `news_sub_info1`, `news_sub_info2`, `news_sub_info3`, `news_sub_info4`, `news_sub_info5`, `title_seo`, `des_seo`, `friendly_url`, `keyword`, `created_id`) VALUES
(91, 'Giới thiệu về Smart Skills', 'Math Skills được xem là phương pháp phát triển tư duy Toán học tiên tiến của Mỹ dành cho học sinh Mầm non và Tiểu học', '<h2>KỸ NĂNG TƯ DUY TO&Aacute;N HỌC &ndash; GI&Uacute;P TRẺ EM PH&Aacute;T TRIỂN TƯ DUY V&Agrave; HỌC GIỎI TO&Aacute;N</h2>\r\n\r\n<p><br />\r\n<br />\r\nMath Skills được xem l&agrave;&nbsp;<strong>phương ph&aacute;p ph&aacute;t triển tư duy To&aacute;n học ti&ecirc;n tiến của Mỹ d&agrave;nh cho học sinh Mầm non v&agrave; Tiểu học.</strong>&nbsp;Math Skills hướng đến việc ph&aacute;t triển kỹ năng tư duy To&aacute;n học cho trẻ em ngay từ nhỏ với phương ph&aacute;p c&aacute; thể h&oacute;a nhằm tối đa ho&aacute; hiệu quả v&agrave; ph&aacute;t huy được điểm mạnh đồng thời khắc phục điểm yếu của từng học sinh.</p>\r\n\r\n<p><br />\r\nNghi&ecirc;n cứu của Trường Đại Học Harvard- Mỹ năm 2006 cho thấy, trẻ em được tiếp cận với kỹ năng tư duy To&aacute;n ngay từ tuổi Mầm non sẽ c&oacute; khả năng tiếp cận với tất cả c&aacute;c m&ocirc;n học tại trường Tiểu học tốt hơn c&aacute;c bạn c&ugrave;ng trang lứa chưa được tiếp cận với kỹ năng n&agrave;y. Nghi&ecirc;n cứu cũng chỉ ra rằng, trẻ em được tiếp cận với kỹ năng tư duy To&aacute;n trước 6 tuổi sẽ c&oacute; khả năng tập trung, khả năng quan s&aacute;t, ph&acirc;n t&iacute;ch vấn đề v&agrave; tư duy logic tốt hơn so với c&aacute;c trẻ em kh&aacute;c.</p>\r\n\r\n<p><img alt="" height="218" src="http://americanskills.vn/contents_americanskills/uploads/images/0033-01-1024x447.jpg" width="500" /></p>\r\n\r\n<p><br />\r\nTheo kết quả khảo s&aacute;t của&nbsp;<strong>Bộ Gi&aacute;o dục Mỹ</strong>&nbsp;cũng cho thấy:</p>\r\n\r\n<p><br />\r\n- Học sinh học giỏi To&aacute;n cũng c&oacute; khả năng học giỏi c&aacute;c m&ocirc;n học kh&aacute;c. Tỷ lệ n&agrave;y l&agrave; 38%.<br />\r\n- Học sinh c&oacute; khả năng tư duy To&aacute;n tốt c&oacute; khả năng đỗ v&agrave;o c&aacute;c Trường Đại học cao hơn c&aacute;c học sinh kh&aacute;c đồng thời những sinh vi&ecirc;n n&agrave;y ra trường c&oacute; tỷ lệ t&igrave;m được c&ocirc;ng việc tốt với mức lương cao hơn c&aacute;c sinh vi&ecirc;n kh&aacute;c kh&ocirc;ng giỏi To&aacute;n. Tỷ lệ n&agrave;y l&agrave; 42%.</p>\r\n\r\n<p><br />\r\nThực tế cho thấy trẻ em Việt Nam c&oacute; tố chất học giỏi m&ocirc;n To&aacute;n. Tuy nhi&ecirc;n, phương ph&aacute;p gi&aacute;o dục hiện tại mới chỉ dừng lại ở việc học nhớ, học vẹt v&agrave; l&agrave;m nhiều th&agrave;nh quen m&agrave; kh&ocirc;ng vận dụng kỹ năng tư duy logic, quan s&aacute;t, ph&acirc;n t&iacute;ch vấn đề. American Skills x&acirc;y dựng chương tr&igrave;nh Math Skills với mong muốn mang đến cho trẻ em Việt Nam kiến thức nền tảng về To&aacute;n học &ndash; th&ocirc;ng qua việc hiểu bản chất vấn đề, đồng thời luyện tập khả năng tư duy logic v&agrave; ph&acirc;n t&iacute;ch vấn đề m&agrave; kh&ocirc;ng cần học nhớ, học vẹt.</p>\r\n\r\n<h2>PHƯƠNG PH&Aacute;P Đ&Agrave;O TẠO</h2>\r\n\r\n<ul>\r\n	<li>Đ&agrave;o tạo theo&nbsp;<strong>phương ph&aacute;p c&aacute; thể ho&aacute;</strong>&nbsp;&ndash; mỗi học sinh sẽ được học theo một kế hoạch học tập ri&ecirc;ng.</li>\r\n	<li>Vận dụng c&aacute;c&nbsp;<strong>kỹ thuật giảng dạy đa chiều</strong>&nbsp;gồm: quan s&aacute;t h&igrave;nh ảnh gi&aacute;o cụ trực quan -&gt; diễn đạt bằng ng&ocirc;n từ -&gt; suy luận tư duy logic-&gt; to&aacute;n viết -&gt; ứng dụng.Gi&uacute;p học sinh hiểu nhanh bản chất của vấn đề, ph&aacute;t triển khả năng quan s&aacute;t, ph&aacute;n đo&aacute;n, tư duy đồng thời biết ứng dụng to&aacute;n v&agrave;o thực tế.</li>\r\n</ul>\r\n\r\n<p>&nbsp;</p>\r\n\r\n<ul>\r\n	<li>Vận dụng c&aacute;ch tiếp cận vấn đề đi từ bản chất, từ c&aacute;i cơ bản đến tổng thể v&agrave; n&acirc;ng cao với 3 bộ b&agrave;i tập: r&egrave;n luyện kỹ năng t&iacute;nh to&aacute;n, To&aacute;n c&oacute; lời giải, To&aacute;n tư duy tổng hợp. Gi&uacute;p trẻ thấu hiểu to&aacute;n, y&ecirc;u th&iacute;ch học to&aacute;n v&agrave; ph&aacute;t triển tư duy.</li>\r\n	<li>Qu&aacute; tr&igrave;nh học tập với quy tr&igrave;nh kh&eacute;p k&iacute;n:&nbsp;<strong>Kiểm tra đầu v&agrave;o- Đ&agrave;o tạo- Kiểm tra cuối kho&aacute;</strong>. Gi&uacute;p đ&aacute;nh gi&aacute; sự tiến bộ của học sinh trong từng kho&aacute; học.</li>\r\n	<li><strong>Gi&aacute;o tr&igrave;nh</strong>&nbsp;do c&aacute;c chuy&ecirc;n gia To&aacute;n học của American Skills x&acirc;y dựng c&oacute; sự điều chỉnh cho&nbsp;<em>ph&ugrave; hợp với chương tr&igrave;nh To&aacute;n của Việt Nam</em>.</li>\r\n	<li>Phương ph&aacute;p giảng dạy trực quan, sinh động lấy học sinh l&agrave;m chủ thể.</li>\r\n	<li>M&ocirc;i trường học tập th&acirc;n thiện, chuy&ecirc;n nghiệp.</li>\r\n</ul>\r\n\r\n<h2>&nbsp;</h2>\r\n\r\n<h2>LƠI &Iacute;CH SAU KH&Oacute;A HỌC</h2>\r\n\r\n<ul>\r\n	<li>&nbsp; &nbsp; &nbsp;&nbsp;Gi&uacute;p học sinh hiểu bản chất vấn đề v&agrave; biết ứng dụng To&aacute;n v&agrave;o thực tế.</li>\r\n	<li>&nbsp;&nbsp;&nbsp; Gi&uacute;p trẻ em y&ecirc;u th&iacute;ch học to&aacute;n, c&oacute; &yacute; thức tự gi&aacute;c trong học tập.</li>\r\n	<li>&nbsp;&nbsp;&nbsp; Gi&uacute;p c&aacute;c em học tốt M&ocirc;n To&aacute;n v&agrave; c&aacute;c m&ocirc;n học kh&aacute;c tr&ecirc;n trường.</li>\r\n	<li>&nbsp;&nbsp;&nbsp; Gi&uacute;p trẻ em ph&aacute;t triển tư duy to&agrave;n diện.</li>\r\n	<li>&nbsp;&nbsp;&nbsp; Gi&uacute;p c&aacute;c em ho&agrave;n thiện bản th&acirc;n v&agrave; l&agrave;m chủ cuộc sống.</li>\r\n</ul>\r\n', 'image-4-770x550.jpg', 0, 0, '', '2018-02-01 21:02:38', '2018-09-08 08:09:12', 1, '', '', '', '', '', 'Giới thiệu về Smart Skills', 'Với dịch vụ kê khai thuế online sẽ giúp bạn tiết kiệm thời gian, công sức một cách hiệu quả nhất.\r\n', 'gioi-thieu-ve-smart-skills', 'dịch vụ kê khai thuế online', 1),
(92, 'Giới thiệu về Smart Reading Skills', 'Chương trình Smart Reading Skills được phát triển trên nền tảng phương pháp học đọc  đa giác quan kết hợp đa cấp độ của Mỹ', '<h2>PHƯƠNG PH&Aacute;P ĐỌC TH&Ocirc;NG MINH GI&Uacute;P B&Eacute; Y&Ecirc;U PH&Aacute;T TRIỂN TR&Iacute; N&Atilde;O V&Agrave; KHẢ NĂNG NG&Ocirc;N NGỮ</h2>\r\n\r\n<p><br />\r\nChương tr&igrave;nh&nbsp;Smart Reading Skills&nbsp;được ph&aacute;t triển tr&ecirc;n nền tảng phương ph&aacute;p học đọc&nbsp; đa gi&aacute;c quan kết hợp đa cấp độ của Mỹ&nbsp; đ&atilde; được &aacute;p dụng tại c&aacute;c trường học tr&ecirc;n khắp nước&nbsp; Mỹ&nbsp; cũng như tại nhiều quốc gia tr&ecirc;n thế giới. Phương ph&aacute;p n&agrave;y được phụ huynh ưa chuộng v&agrave; lựa chọn l&agrave; phương ph&aacute;p học đọc s&aacute;ng tạo&nbsp; v&agrave; hiệu quả nhất hiện nay.&nbsp;<em><strong>Smart Reading Skills được c&ocirc;ng nhận gi&uacute;p trẻ ph&aacute;t triển tr&iacute; n&atilde;o v&agrave; khả năng ng&ocirc;n ngữ.</strong></em></p>\r\n\r\n<p>Theo nghi&ecirc;n cứu của Trường Đại Học Harvard- Mỹ th&igrave; c&oacute; đến 70% trẻ em dưới 6 tuổi được cha mẹ c&ugrave;ng đọc s&aacute;ch trước khi đi ngủ. C&aacute;c chuy&ecirc;n gia cho biết việc tiếp tục hướng dẫn trẻ đọc s&aacute;ch trong giai đoạn tiểu học l&agrave; rất quan trọng đối với sự ph&aacute;t triển tr&iacute; n&atilde;o v&agrave; ng&ocirc;n ngữ của c&aacute;c em. Tuy nhi&ecirc;n, hầu hết c&aacute;c trẻ em Việt Nam từ 7 tuổi trở l&ecirc;n kh&ocirc;ng được r&egrave;n luyện kỹ năng n&agrave;y ở trường cũng như ở nh&agrave; m&agrave; hầu hết c&aacute;c em đều tự m&igrave;nh đọc một c&aacute;ch tự ph&aacute;t. V&igrave; vậy, n&ecirc;n sau 7 tuổi c&aacute;c em bắt đầu bộc lộ nhiều điểm hạn chế về khả năng đọc, ph&acirc;n t&iacute;ch, diễn đạt bằng ng&ocirc;n ngữ cũng như khả năng tư duy độc lập. Thực tế cho thấy rằng những trẻ em th&iacute;ch đọc s&aacute;ch c&oacute; nhiều khả năng đạt th&agrave;nh t&iacute;ch học tập tốt ở trường v&agrave; th&agrave;nh c&ocirc;ng hơn ở nơi l&agrave;m việc sau n&agrave;y.</p>\r\n\r\n<p>B&iacute; quyết gi&uacute;p c&aacute;c em quan t&acirc;m đến việc đọc l&agrave; giới thiệu với c&aacute;c em nhiều loại s&aacute;ch ph&ugrave; hợp với từng độ tuổi v&agrave; cho con tiếp x&uacute;c với việc học đọc c&agrave;ng sớm c&agrave;ng tốt. Với mỗi chủ đề n&ecirc;n cho trẻ tiếp cận v&agrave; hiểu được từ mới, nội dung cuốn s&aacute;ch v&agrave; c&ugrave;ng thảo luận về c&aacute;c nội dung đ&atilde; đọc để&nbsp; gi&uacute;p trẻ bộc lộ hiểu biết, khả nằn suy luận của m&igrave;nh v&agrave; ph&aacute;t triển tư duy.</p>\r\n\r\n<p>Chương tr&igrave;nh&nbsp;<strong>Smart Reading Skills</strong>&nbsp;đ&atilde; được&nbsp; American Skills triển khai tại Việt Nam nhằm mang đến cho c&aacute;c em những lợi &iacute;ch sau:</p>\r\n\r\n<p>&nbsp;</p>\r\n\r\n<p>-&nbsp;&nbsp;&nbsp;&nbsp;&nbsp;&nbsp;&nbsp;&nbsp;&nbsp; Gi&uacute;p c&aacute;c b&eacute; luyện ph&aacute;t &acirc;m chuẩn.</p>\r\n\r\n<p>-&nbsp;&nbsp;&nbsp;&nbsp;&nbsp;&nbsp;&nbsp;&nbsp;&nbsp; Gi&uacute;p b&eacute; từ việc biết đ&aacute;nh vần đến biết đọc trơn.</p>\r\n\r\n<p>-&nbsp;&nbsp;&nbsp;&nbsp;&nbsp;&nbsp;&nbsp;&nbsp;&nbsp; Gi&uacute;p c&aacute;c em th&iacute;ch đọc s&aacute;ch v&agrave; biết c&aacute;ch tự đọc đ&uacute;ng c&aacute;ch.</p>\r\n\r\n<p>-&nbsp;&nbsp;&nbsp;&nbsp;&nbsp;&nbsp;&nbsp;&nbsp;&nbsp; Gi&uacute;p c&aacute;c em h&igrave;nh th&agrave;nh c&aacute;c kỹ năng tư duy như: khả năng t&oacute;m tắt v&agrave; ghi nhớ th&ocirc;ng tin, khả năng ph&acirc;n t&iacute;ch v&agrave; kh&aacute;i qu&aacute;t một vấn đề, khả năng suy luận logic, khả năng tưởng tượng, li&ecirc;n tưởng v&agrave; s&aacute;ng tạo,&hellip;</p>\r\n\r\n<p>-&nbsp;&nbsp;&nbsp;&nbsp;&nbsp;&nbsp;&nbsp;&nbsp;&nbsp; Gi&uacute;p n&atilde;o trẻ hoạt động v&agrave; gi&uacute;p suy nghĩ của trẻ ph&aacute;t triển đa chiều, đồng thời c&ograve;n l&agrave;m tăng sự tập trung của n&atilde;o bộ trong mọi ho&agrave;n cảnh.</p>\r\n\r\n<p>-&nbsp;&nbsp;&nbsp;&nbsp;&nbsp;&nbsp;&nbsp;&nbsp;&nbsp; Gi&uacute;p tăng cường khả năng giao tiếp hiệu quả v&agrave; gi&uacute;p r&egrave;n luyện năng lực ng&ocirc;n ngữ: đọc s&aacute;ch gi&uacute;p l&agrave;m gi&agrave;u vốn từ, tăng khả năng sử dụng ng&ocirc; ngữ để diễn đạt v&agrave; giao tiếp.</p>\r\n\r\n<p>-&nbsp;&nbsp;&nbsp;&nbsp;&nbsp;&nbsp;&nbsp;&nbsp;&nbsp; Gi&uacute;p c&aacute;c b&eacute; h&igrave;nh th&agrave;nh nh&acirc;n c&aacute;ch, vốn sống v&agrave; kiến thức x&atilde; hội th&ocirc;ng qua c&aacute;c chủ đề b&agrave;i học phong ph&uacute;, đa dạng.</p>\r\n\r\n<p>-&nbsp;&nbsp;&nbsp;&nbsp;&nbsp;&nbsp;&nbsp;&nbsp;&nbsp; Gi&uacute;p trẻ cảm thấy phấn chấn hơn, gi&uacute;p b&eacute; giảm bớt những th&oacute;i quen ảnh hưởng đến khả năng tư duy v&agrave; tập trung của b&eacute; như xem tivi, chơi game,&hellip;</p>\r\n\r\n<p>-&nbsp;&nbsp;&nbsp;&nbsp;&nbsp;&nbsp;&nbsp;&nbsp;&nbsp; Gi&uacute;p c&aacute;c em giảm bớt &aacute;p lực của cuộc sống v&agrave; lấy lại sự c&acirc;n bằng cần thiết, gi&uacute;p c&aacute;c em sống khoẻ v&agrave; sống tốt hơn.</p>\r\n\r\n<p>&nbsp;</p>\r\n\r\n<h2>PHƯƠNG PH&Aacute;P CỦA CHƯƠNG TR&Igrave;NH:</h2>\r\n\r\n<p><strong>Phương ph&aacute;p học đọc đa cấp độ</strong>: Mỗi buổi học b&eacute; được học một nội dung/ chủ đề hấp dẫn v&agrave; ph&ugrave; hợp với độ tuổi v&agrave; tr&igrave;nh độ của b&eacute;. Đ&acirc;y l&agrave; nội dung được c&aacute;c chuy&ecirc;n gia nước ngo&agrave;i bi&ecirc;n soạn d&agrave;nh ri&ecirc;ng cho chương tr&igrave;nh&nbsp;<strong>Smart Reading Skills</strong>&nbsp;với c&aacute;c chủ đề rất đa dạng, với nhiều cấp độ kh&aacute;c nhau như: thế giới quanh em, kh&aacute;m ph&aacute; bản th&acirc;n, gi&aacute;o dục t&igrave;nh cảm gia đ&igrave;nh, bạn b&egrave;, gi&aacute;o dục gi&aacute; trị sống, c&aacute;c hiện tượng thi&ecirc;n nhi&ecirc;n v&agrave; c&aacute;c t&aacute;c phẩm văn học nổi tiếng cho mọi lứa tuổi,&hellip;</p>\r\n\r\n<p><strong>Phương ph&aacute;p học đọc đa gi&aacute;c quan</strong>: Với mỗi chủ đề b&eacute; đều được tiếp cận th&ocirc;ng qua c&aacute;c gi&aacute;c quan như: nghe, nh&igrave;n, sờ, tưởng tượng, đọc, nhập vai,&hellip;với c&aacute;c hoạt động phong ph&uacute; như: đố vui, đ&oacute;ng kịch, kể chuyện, xem phim, b&igrave;nh luận, thảo luận nh&oacute;m, chơi tr&ograve; chơi tương t&aacute;c, vận động cơ thể theo ng&ocirc;n ngữ, diễn đạt ng&ocirc;n ngữ bằng c&aacute;c h&agrave;nh động phi ng&ocirc;n ngữ.</p>\r\n\r\n<p>Ph&aacute;t triển Kỹ năng tư duy: Mỗi buổi b&eacute; được giới thiệu v&agrave; r&egrave;n luyện một hoặc một số kỹ năng tư duy nhất định. Chẳng hạn như:</p>\r\n\r\n<p>-&nbsp;&nbsp;&nbsp;&nbsp;&nbsp;&nbsp;&nbsp;&nbsp;&nbsp; T&oacute;m tắt th&ocirc;ng tin &ndash; dưới dạng sơ đồ tư duy</p>\r\n\r\n<p>-&nbsp;&nbsp;&nbsp;&nbsp;&nbsp;&nbsp;&nbsp;&nbsp;&nbsp; Ghi nhớ v&agrave; diễn đạt</p>\r\n\r\n<p>-&nbsp;&nbsp;&nbsp;&nbsp;&nbsp;&nbsp;&nbsp;&nbsp;&nbsp; Kh&aacute;i qu&aacute;t v&agrave; tổng kết</p>\r\n\r\n<p>-&nbsp;&nbsp;&nbsp;&nbsp;&nbsp;&nbsp;&nbsp;&nbsp;&nbsp; Kỹ năng suy luận v&agrave; tư duy</p>\r\n\r\n<p>-&nbsp;&nbsp;&nbsp;&nbsp;&nbsp;&nbsp;&nbsp;&nbsp;&nbsp; Kỹ năng ph&aacute;n đo&aacute;n</p>\r\n\r\n<p>-&nbsp;&nbsp;&nbsp;&nbsp;&nbsp;&nbsp;&nbsp;&nbsp;&nbsp; Kỹ năng ph&acirc;n t&iacute;ch nh&acirc;n vật v&agrave; ph&acirc;n t&iacute;ch bối cảnh</p>\r\n\r\n<p>-&nbsp;&nbsp;&nbsp;&nbsp;&nbsp;&nbsp;&nbsp;&nbsp;&nbsp; Đưa ra giải ph&aacute;p cho một vấn đề</p>\r\n\r\n<p>-&nbsp;&nbsp;&nbsp;&nbsp;&nbsp;&nbsp;&nbsp;&nbsp;&nbsp; Li&ecirc;n tưởng v&agrave; &aacute;p dụng</p>\r\n\r\n<p>-&nbsp;&nbsp;&nbsp;&nbsp;&nbsp;&nbsp;&nbsp;&nbsp;&nbsp; Tưởng tượng v&agrave; s&aacute;ng tạo</p>\r\n\r\n<p>&nbsp;</p>\r\n\r\n<p>Từ vựng: Mỗi buổi sẽ cung cấp cho b&eacute; một lượng từ vựng mới nhất định tuỳ thuộc v&agrave;o từng cấp độ, gi&uacute;p b&eacute; bổ sung vốn từ th&ecirc;m phong ph&uacute;.</p>\r\n\r\n<p>B&aacute;o c&aacute;o h&agrave;ng ng&agrave;y: Sau từng buổi học, phụ huynh đều nhận được th&ocirc;ng tin&nbsp; về những g&igrave; m&agrave; b&eacute; được học trong buổi học đ&oacute;, c&ugrave;ng với giới &yacute; về b&agrave;i tập gi&uacute;p b&eacute; r&egrave;n luyện tại nh&agrave;.</p>\r\n', 'image-3-770x550.jpg', 0, 0, '', '2018-03-27 14:03:56', '2018-09-08 08:09:05', 1, '', '', '', '', '', 'Giới thiệu về Smart Reading Skills', '', 'gioi-thieu-ve-smart-reading-skills', '', 1),
(93, 'Khóa học của Social Skills', '', '', 'image-2-770x550.jpg', 0, 0, '', '2018-03-27 14:03:54', '2018-09-08 08:09:59', 1, '', '', '', '', '', 'Khóa học của Social Skills', '', 'khoa-hoc-cua-social-skills', '', 1),
(94, ' Khóa học của tiếng anh', '', '', 'image-1-770x550.jpg', 0, 0, '', '2018-03-27 14:03:07', '2018-09-08 08:09:50', 1, '', '', '', '', '', ' Khóa học của tiếng anh', '', 'khoa-hoc-cua-tieng-anh', '', 1),
(95, 'Giới thiệu tuan', '', '<p style="text-align:justify"><span style="font-size:18px"><span style="font-family:Times New Roman,Times,serif"><strong>Sứ mệnh</strong>&nbsp;của ch&uacute;ng t&ocirc;i l&agrave; tạo ra một m&ocirc;i trường học c&oacute; thể đem lại ảnh hưởng t&iacute;ch cực, niềm vui, t&igrave;nh y&ecirc;u v&agrave; sự ph&aacute;t triển to&agrave;n diện cho học sinh. B&ecirc;n cạnh c&aacute;c kiến thức chuy&ecirc;n m&ocirc;n,&nbsp;học sinh tại&nbsp;<strong>American Skills&nbsp;</strong>được bồi dưỡng nh&acirc;n c&aacute;ch, ph&aacute;t triển sự tự tin, kỹ năng sống l&agrave; bước đệm quan trọng, cần thiết cho sự th&agrave;nh c&ocirc;ng của c&aacute;c em trong tương lai.</span></span></p>\r\n\r\n<p style="text-align:justify"><span style="font-size:18px"><span style="font-family:Times New Roman,Times,serif"><em><span style="color:#2980b9"><strong>TRIẾT L&Yacute; GI&Aacute;O DỤC : PHƯƠNG PH&Aacute;P TO&Agrave;N DIỆN</strong></span></em></span></span></p>\r\n\r\n<p style="text-align:justify"><span style="font-size:18px"><span style="font-family:Times New Roman,Times,serif"><em><span style="color:#2980b9"><strong>ĐỂ GI&Uacute;P TRẺ TẠO DỰNG TƯƠNG LAI</strong></span></em></span></span></p>\r\n\r\n<p style="text-align:justify"><span style="font-size:18px"><span style="font-family:Times New Roman,Times,serif"><em><span style="color:#2980b9"><strong>HELPING CHILDREN WRITE THE FUTURE</strong></span></em></span></span></p>\r\n\r\n<p style="text-align:justify"><span style="font-size:18px"><span style="font-family:Times New Roman,Times,serif">Qua c&aacute;c nghi&ecirc;n cứu c&oacute; thể thấy con bạn hay bất kỳ đứa trẻ n&agrave;o cũng tiềm t&agrave;ng những khả năng tr&iacute; tuệ, điều quan trọng l&agrave; cần những phương ph&aacute;p ph&ugrave; hợp để mở kh&oacute;a tiềm năng đ&oacute;. Những chương tr&igrave;nh n&agrave;y sẽ gi&uacute;p ph&aacute;t huy t&iacute;nh s&aacute;ng tạo, sự linh hoạt của n&atilde;o bộ, khả năng tư duy, khả năng ng&ocirc;n ngữ, giải quyết vấn đề, từ đ&oacute; mang đến cho trẻ tr&iacute; th&ocirc;ng minh to&agrave;n diện.</span></span></p>\r\n\r\n<p style="text-align:justify"><span style="font-size:18px"><span style="font-family:Times New Roman,Times,serif"><strong>AMERICAN SKILLS (AVITS)</strong> -<strong> Hệ thống Trung T&acirc;m Đ&agrave;o tạo Kỹ Năng TO&Agrave;N DIỆN</strong>: To&aacute;n tư duy Mỹ IXL; Ph&aacute;t triển Ng&ocirc;n ngữ (tiếng Việt); Kỹ năng x&atilde; hội; Ng&ocirc;n ngữ Tiếng Anh&nbsp;d&agrave;nh cho trẻ ở lứa tuổi Mầm non, Tiểu học V&Agrave; THCS,&nbsp;giảng dạy t&iacute;ch hợp c&aacute;c m&ocirc;n học&nbsp;hướng tới sự ph&aacute;t triển to&agrave;n diện của trẻ.</span></span></p>\r\n\r\n<p style="text-align:justify"><span style="font-size:18px"><span style="font-family:Times New Roman,Times,serif">Trong tất cả c&aacute;c kh&oacute;a đ&agrave;o tạo, American Skills&nbsp;lu&ocirc;n cam kết hướng tới c&aacute;c mục ti&ecirc;u sau :</span></span></p>\r\n\r\n<ul>\r\n	<li style="text-align:justify"><span style="font-size:18px"><span style="font-family:Times New Roman,Times,serif">Gi&uacute;p b&eacute; ph&aacute;t triển tr&iacute; tuệ, khả năng tư duy, linh hoạt ng&ocirc;n ngữ</span></span></li>\r\n	<li style="text-align:justify"><span style="font-size:18px"><span style="font-family:Times New Roman,Times,serif">Gi&uacute;p b&eacute; h&igrave;nh th&agrave;nh v&agrave;&nbsp;r&egrave;n luyện c&aacute;c kỹ năng sống thiết yếu như l&agrave;m chủ bản th&acirc;n, l&agrave;m chủ việc học, kỹ năng giao tiếp, h&ograve;a nhập x&atilde; hội&hellip;</span></span></li>\r\n	<li style="text-align:justify"><span style="font-size:18px"><span style="font-family:Times New Roman,Times,serif">Nu&ocirc;i dưỡng t&acirc;m hồn, t&igrave;nh cảm của b&eacute;, dạy b&eacute; biết y&ecirc;u thương để được y&ecirc;u thương.</span></span></li>\r\n</ul>\r\n\r\n<p style="text-align:justify">&nbsp;</p>\r\n', 'image-7-770x550.jpg', 0, 69, '', '2018-03-27 16:03:34', '2018-09-08 08:09:35', 1, '', '', '', '', '', 'Giới thiệu tuan', 'Học sinh tại American Skills được bồi dưỡng nhân cách, phát triển sự tự tin, kỹ năng sống là bước đệm quan trọng, cần thiết cho sự thành công của các em trong tương lai.', 'gioi-thieu-tuan', 'Toán tư duy Mỹ IXL; Phát triển Ngôn ngữ (tiếng Việt); Kỹ năng xã hội; Ngôn ngữ Tiếng Anh dành cho trẻ ở lứa tuổi Mầm non, Tiểu học VÀ THCS', 1),
(96, 'Ngọc Trang _TOEIC 820', '', '<p>Ngọc Trang lựa chọn kh&oacute;a TOEIC cho mục đ&iacute;ch ri&ecirc;ng của bản th&acirc;n, d&ugrave; rằng chỉ đặt mục ti&ecirc;u kh&aacute; khi&ecirc;m tốn với điểm TOEIC 350 cho 1 kh&oacute;a học tại AMES Ngọc Trang đ&atilde; bứt ph&aacute; ngoạn mục v&agrave; đạt được con số 820 thật sự ấn tượng.</p>\r\n', 'image-6-770x550.jpg', 0, 70, '', '2018-03-27 16:03:54', '2018-09-08 08:09:27', 1, '', '', '', '', '', 'Ngọc Trang _TOEIC 820', '', 'ngoc-trang-toeic-820', '', 1),
(97, 'Avits Math<br>Tư duy toán Mỹ (IXL): 4-14 tuổi', 'Math Skills được xem là phương pháp phát triển tư duy Toán học tiên tiến của Mỹ dành cho học sinh Mầm non và Tiểu học. Math Skills hướng đến việc phát triển kỹ năng tư duy Toán học cho trẻ em ngay từ nhỏ với phương pháp cá thể hóa nhằm tối đa hoá hiệu quả và phát huy được điểm mạnh đồng thời khắc phục điểm yếu của từng học sinh.', '', 'image-4-770x550.jpg', 0, 72, '', '2018-03-27 22:03:21', '2018-09-08 08:09:18', 1, '', '', '', '', '', 'Avits Math<br>Tư duy toán Mỹ (IXL): 4-14 tuổi', '', 'avits-mathbrtu-duy-toan-my-ixl-4-14-tuoi', '', 1),
(98, 'Avits Smart Reading<br>Phát triển ngôn ngữ (Tiếng Việt): 4-10 tuổi', 'Chương trình Smart Reading Skills được phát triển trên nền tảng phương pháp học đọc  đa giác quan kết hợp đa cấp độ của Mỹ  đã được áp dụng tại các trường học trên khắp nước  Mỹ  cũng như tại nhiều quốc gia trên thế giới. Phương pháp này được phụ huynh ưa chuộng và lựa chọn là phương pháp học đọc sáng tạo  và hiệu quả nhất hiện nay. Smart Reading Skills được công nhận giúp trẻ phát triển trí não và khả năng ngôn ngữ.', '', 'image-3-770x550.jpg', 0, 72, '', '2018-03-27 22:03:32', '2018-09-08 08:09:11', 1, '', '', '', '', '', 'Avits Smart Reading<br>Phát triển ngôn ngữ (Tiếng Việt): 4-10 tuổi', '', 'avits-smart-readingbrphat-trien-ngon-ngu-tieng-viet-4-10-tuoi', '', 1),
(99, 'Phương pháp đào tạo', '', '<h2 style="text-align:center"><span style="font-size:18px"><span style="font-family:Times New Roman,Times,serif"><img alt="phương pháp americanskills" height="417" src="/image/images/phuong-phap-americanskills.jpg" width="556" /></span></span></h2>\r\n\r\n<h2 style="text-align:justify"><span style="font-size:18px"><span style="font-family:Times New Roman,Times,serif"><strong>NHỮNG ĐIỂM MẠNH CỦA PHƯƠNG PH&Aacute;P</strong></span></span></h2>\r\n\r\n<ul>\r\n	<li style="text-align:justify"><span style="font-size:18px"><span style="font-family:Times New Roman,Times,serif"><span style="background-color:white"><span style="color:#333333"><strong>Đ&agrave;o tạo theo phương ph&aacute;p c&aacute; thể ho&aacute;: </strong>Phương ph&aacute;p c&aacute; thể h&oacute;a được &aacute;p dụng từ bước khảo s&aacute;t, đ&aacute;nh gi&aacute; năng lực từng học sinh để x&aacute;c định điểm mạnh, đặc điểm tiếp thu, năng lực hiện tại cũng như những điểm yếu để c&oacute; cơ sở x&aacute;c lập kế hoạch học tập v&agrave; phương ph&aacute;p ph&ugrave; hợp nhất cho trẻ. Phương ph&aacute;p c&aacute; thể h&oacute;a được ứng dụng t&iacute;ch hợp xuy&ecirc;n suốt trong qu&aacute; học, thực hiện những điều chỉnh cần thiết để đảm bảo hiệu quả v&agrave; sự tiến bộ của trẻ. Mỗi học sinh sẽ được học theo một kế hoạch học tập ri&ecirc;ng.</span></span></span></span></li>\r\n	<li style="text-align:justify"><span style="font-size:18px"><span style="font-family:Times New Roman,Times,serif"><span style="background-color:white"><span style="color:#333333"><strong>Vận dụng c&aacute;c kỹ thuật giảng dạy đa chiều gồm:</strong> quan s&aacute;t h&igrave;nh ảnh gi&aacute;o cụ trực quan, diễn đạt bằng ng&ocirc;n từ, suy luận tư duy logic, thực h&agrave;nh, ứng dụng. Gi&uacute;p học sinh hiểu nhanh bản chất của vấn đề, ph&aacute;t triển khả năng quan s&aacute;t, ph&aacute;n đo&aacute;n, tư duy đồng thời biết ứng dụng kiến thức đ&atilde; học v&agrave;o thực tế</span></span>.&nbsp;<span style="background-color:white"><span style="color:#333333">Vận dụng c&aacute;ch tiếp cận vấn đề từ bản chất, từ cơ bản đến tổng thể v&agrave; n&acirc;ng cao. Gi&uacute;p trẻ k&iacute;ch th&iacute;ch tự gi&aacute;c học v&agrave; ph&aacute;t triển tư duy.</span></span></span></span></li>\r\n	<li style="text-align:justify"><span style="font-size:18px"><span style="font-family:Times New Roman,Times,serif"><span style="background-color:white"><span style="color:#333333"><strong>Qu&aacute; tr&igrave;nh học tập với quy tr&igrave;nh kh&eacute;p k&iacute;n: Kiểm tra đầu v&agrave;o &ndash; Đ&agrave;o tạo &ndash; Đ&aacute;nh gi&aacute;.</strong> Gi&uacute;p đ&aacute;nh gi&aacute; sự tiến bộ của học sinh trong từng kho&aacute; học. Ngo&agrave;i ra ch&uacute;ng t&ocirc;i c&ograve;n duy tr&igrave; li&ecirc;n hệ chặt chẽ với từng học sinh sau kho&aacute; học để kiểm chứng sự tiến bộ của học sinh.</span></span></span></span></li>\r\n	<li style="text-align:justify"><span style="font-size:18px"><span style="font-family:Times New Roman,Times,serif"><span style="background-color:white"><strong>Gi&aacute;o tr&igrave;nh do c&aacute;c chuy&ecirc;n gia đ&agrave;o tạo kỹ năng h&agrave;ng đầu của Mỹ x&acirc;y dựng:&nbsp;</strong><span style="background-color:white"><span style="color:#333333">Gi&aacute;o tr&igrave;nh kết hợp giữa phương ph&aacute;p ti&ecirc;n tiến của quốc tế v&agrave; điều chỉnh ph&ugrave; hợp với chương tr&igrave;nh, đặc điểm của học sinh Việt Nam.</span></span></span></span></span>\r\n	<ul>\r\n		<li style="text-align:justify"><span style="font-size:18px"><span style="font-family:Times New Roman,Times,serif"><span style="background-color:white"><span style="color:#333333"><span style="background-color:white">Phương ph&aacute;p giảng dạy trực quan, sinh động lấy học sinh l&agrave;m chủ thể. Kết hợp với phương ph&aacute;p ABA: Applied Behavior Analysis -&nbsp;Ph&acirc;n t&iacute;ch h&agrave;nh vi ứng dụng mang đến hiệu quả học tập cho mọi học sinh.</span></span></span></span></span></li>\r\n		<li style="text-align:justify"><span style="font-size:18px"><span style="font-family:Times New Roman,Times,serif"><span style="background-color:white"><span style="color:#333333"><span style="background-color:white">Gi&aacute;o vi&ecirc;n được đ&agrave;o tạo chuy&ecirc;n s&acirc;u</span></span></span></span></span></li>\r\n		<li style="text-align:justify"><span style="font-size:18px"><span style="font-family:Times New Roman,Times,serif"><span style="background-color:white"><span style="color:#333333"><span style="background-color:white">M&ocirc;i trường học tập th&acirc;n thiện, chuy&ecirc;n nghiệp.</span></span></span></span></span></li>\r\n	</ul>\r\n	</li>\r\n</ul>\r\n\r\n<p style="margin-left:0cm; margin-right:0cm; text-align:justify">&nbsp;</p>\r\n\r\n<p style="margin-left:0cm; margin-right:0cm; text-align:justify"><span style="font-size:18px"><span style="font-family:Times New Roman,Times,serif"><span style="background-color:white"><span style="color:#333333">Phương ph&aacute;p đ&agrave;o tạo của American Skills (<strong><em>Avits) </em></strong>được t&oacute;m tắt th&agrave;nh 4 chữ c&aacute;i viết tắt <strong>&ldquo;SAFE&rdquo;</strong> với &yacute; nghĩa:</span></span></span></span></p>\r\n\r\n<p style="margin-left:0cm; margin-right:0cm; text-align:justify"><span style="font-size:18px"><span style="font-family:Times New Roman,Times,serif"><span style="background-color:white"><strong><span style="color:#333333">- Sequenced</span></strong><span style="color:#333333">&nbsp;&ndash; Mỗi một vấn đề x&atilde; hội m&agrave; trẻ phải đối mặt sẽ c&oacute; một kỹ năng tương ứng. American Skills sẽ giải quyết&nbsp; tất cả c&aacute;c vấn đề x&atilde; hội m&agrave; trẻ em đ&atilde;, đang v&agrave; sẽ gặp phải, cung cấp cho trẻ những kỹ năng cần thiết khi tham gia v&agrave;o hoạt động x&atilde; hội. C&aacute;c kỹ năng n&agrave;y được sắp xếp theo một tr&igrave;nh tự nhất định từ đơn giản đến phức tạp, từ thấp đến cao theo h&igrave;nh th&aacute;p.<br />\r\n<strong>- Active</strong>&nbsp;&ndash; mỗi kỹ năng được giới thiệu sẽ gắn chặt với thực h&agrave;nh, học đi đ&ocirc;i với h&agrave;nh. Mục đ&iacute;ch m&agrave; American Skills muốn hướng tới l&agrave; gi&uacute;p cho c&aacute;c em biết ứng dụng những kiến thức đ&atilde; học v&agrave;o thực tế. American Skills sử dụng hệ thống mẫu biểu đ&aacute;nh gi&aacute; li&ecirc;n tục từ khi học sinh đăng k&yacute;, trong suốt qu&aacute; tr&igrave;nh học tập v&agrave; đến cả c&aacute;c giai đoạn tiếp sau n&agrave;y của học sinh.<br />\r\n<strong>- Focused</strong>&nbsp;&ndash; Mỗi một chương tr&igrave;nh sẽ chuy&ecirc;n s&acirc;u v&agrave;o một nh&oacute;m kỹ năng với mục ti&ecirc;u nhất định; Social Skills tập trung v&agrave;o việc ph&aacute;t triển kỹ năng v&agrave; tư duy x&atilde; hội của học sinh; Smart Reading Skills tập trung v&agrave;o việc ph&aacute;t triển ng&ocirc;n ngữ v&agrave; vận dụng sử dụng v&agrave;o cuộc sống; Math Skills tập trung v&agrave;o việc ph&aacute;t triển khả năng tư duy To&aacute;n học gi&uacute;p học sinh học giỏi To&aacute;n v&agrave; ph&aacute;t&nbsp; triển tư duy.<br />\r\n<strong>- Explicit</strong>&nbsp;&ndash; Kế hoạch học tập r&otilde; r&agrave;ng gởi về cho Phụ huynh ngay từ buổi học đầu ti&ecirc;n của học sinh. Việc trao đổi giữa gia đ&igrave;nh v&agrave; nh&agrave; trường được thực hiện h&agrave;ng tuần gi&uacute;p Phụ huynh nắm được c&aacute;c nội dung học tập của học sinh để c&oacute; những hỗ trợ kịp thời v&agrave; mang lại hiệu quả học tập tốt nhất. Kết hợp phương ph&aacute;p giảng dạy sử dụng gi&aacute;o cụ trực quan gi&uacute;p học sinh tiếp thu kiến thức một c&aacute;ch nhanh v&agrave; hiểu bản chất.</span></span></span></span></p>\r\n\r\n<p style="margin-left:0cm; margin-right:0cm; text-align:justify"><span style="font-size:18px"><span style="font-family:Times New Roman,Times,serif"><span style="background-color:white"><span style="color:#333333">Đ&acirc;y cũng ch&iacute;nh l&agrave; bốn mục ti&ecirc;u lớn m&agrave; American Skills muốn hướng tới&nbsp;</span><strong>&ldquo;SAFE&rdquo;</strong><strong>.</strong> <span style="color:#333333">Với bốn mục ti&ecirc;u n&agrave;y sẽ gi&uacute;p trẻ vững tin bước tới tương lai <strong>&ldquo;Helping children write the future&rdquo;</strong></span></span></span></span></p>\r\n', 'image-2-770x550.jpg', 0, 69, '', '2018-03-28 08:03:44', '2018-09-08 08:09:05', 1, '', '', '', '', '', 'Phương pháp đào tạo', 'American Skills đã xây dựng một chiến lược “mục tiêu – chương trình“ có tính khoa học, hệ thống theo từng lứa tuổi, cá nhân hóa cho trẻ từ mầm non đến hết phổ thông trung học cơ sở nhằm tối ưu hóa khả năng tiếp cận với các kỹ năng cần thiết của học sinh.', 'phuong-phap-dao-tao', 'Phương pháp đào tạo', 1),
(100, 'American Skill', 'Lorem Ipsum is simply dummy text of the printing and typesetting industry. Lorem Ipsum has been the industry''s standard dummy text ever since the 1500s', '<p><iframe frameborder="0" height="315" src="https://www.youtube.com/embed/4J4YFw5EjF8" width="560"></iframe></p>\r\n', 'image-1-770x550.jpg', 0, 75, '', '2018-03-28 08:03:37', '2018-09-08 09:09:14', 1, '', '', '', '', '', 'American Skill', '', 'american-skill', '', 1),
(101, 'Avits Social Skills<br>Kỹ năng xã hội: 4-14 tuổi', 'Là những bậc làm cha làm mẹ, ai cũng mong mỏi con cái mình sẽ được phát triển thật cân bằng, hài hòa cả về kiến thức văn hoá lẫn xã hội. Những tưởng khi kinh tế phát triển hơn, xã hội dư thừa vật chất hơn thì không khó để đạt được điều đó; nhưng thực tế lại như đang chứng minh điều ngược lại.', '', 'image-7-770x550.jpg', 0, 72, '', '2018-03-28 14:03:24', '2018-09-08 08:09:38', 1, '', '', '', '', '', 'Avits Social Skills<br>Kỹ năng xã hội: 4-14 tuổi', '', 'avits-social-skillsbrky-nang-xa-hoi-4-14-tuoi', '', 1);
INSERT INTO `news` (`news_id`, `news_name`, `news_des`, `news_content`, `news_img`, `news_views`, `newscat_id`, `news_author`, `news_created_date`, `news_update_date`, `state`, `news_sub_info1`, `news_sub_info2`, `news_sub_info3`, `news_sub_info4`, `news_sub_info5`, `title_seo`, `des_seo`, `friendly_url`, `keyword`, `created_id`) VALUES
(102, 'Avits Math (IXL)', 'TOÁN TƯ DUY MỸ (IXL) – GIÚP TRẺ EM PHÁT TRIỂN TƯ DUY VÀ HỌC GIỎI TOÁN', '<p style="margin-left:0cm; margin-right:0cm"><span style="font-size:12pt"><span style="background-color:white"><strong><span style="font-size:11.0pt"><span style="color:#1579bd">Avits Math (IXL) </span></span></strong><span style="font-size:11.0pt"><span style="color:#333333">được xem l&agrave;&nbsp;</span></span><strong><span style="font-size:11.0pt"><span style="color:blue">phương ph&aacute;p ph&aacute;t triển tư duy To&aacute;n học ti&ecirc;n tiến của Mỹ d&agrave;nh cho học sinh Mầm non, Tiểu học v&agrave; THCS.</span></span></strong>&nbsp;<strong><span style="font-size:11.0pt"><span style="color:#1579bd">Avits Math (IXL) </span></span></strong><span style="font-size:11.0pt"><span style="color:#333333">hướng đến việc ph&aacute;t triển kỹ năng tư duy To&aacute;n học cho trẻ em ngay từ nhỏ với phương ph&aacute;p c&aacute; thể h&oacute;a nhằm tối đa ho&aacute; hiệu quả v&agrave; ph&aacute;t huy được điểm mạnh đồng thời khắc phục điểm yếu của từng học sinh.</span></span></span></span></p>\r\n\r\n<p style="margin-left:0cm; margin-right:0cm"><br />\r\n<span style="font-size:12pt"><span style="background-color:white"><span style="font-size:11.0pt"><span style="color:#333333">Nghi&ecirc;n cứu của Trường Đại Học Harvard- Mỹ năm 2006 cho thấy, trẻ em được tiếp cận với kỹ năng tư duy To&aacute;n ngay từ tuổi Mầm non sẽ c&oacute; khả năng tiếp cận với tất cả c&aacute;c m&ocirc;n học tại trường Tiểu học tốt hơn c&aacute;c bạn c&ugrave;ng trang lứa chưa được tiếp cận với kỹ năng n&agrave;y. Nghi&ecirc;n cứu cũng chỉ ra rằng, trẻ em được tiếp cận với kỹ năng tư duy To&aacute;n trước 6 tuổi sẽ c&oacute; khả năng tập trung, khả năng quan s&aacute;t, ph&acirc;n t&iacute;ch vấn đề v&agrave; tư duy logic tốt hơn so với c&aacute;c trẻ em kh&aacute;c.</span></span></span></span></p>\r\n\r\n<p style="margin-left:0cm; margin-right:0cm"><br />\r\n<span style="font-size:12pt"><span style="background-color:white"><span style="font-size:11.0pt"><span style="color:#333333">Theo kết quả khảo s&aacute;t của&nbsp;</span></span><strong><span style="font-size:11.0pt"><span style="color:blue">Bộ Gi&aacute;o dục Mỹ</span></span></strong><span style="font-size:11.0pt"><span style="color:#333333">&nbsp;cũng cho thấy:</span></span></span></span></p>\r\n\r\n<p style="margin-left:0cm; margin-right:0cm"><br />\r\n<span style="font-size:12pt"><span style="background-color:white"><span style="font-size:11.0pt"><span style="color:#333333">- Học sinh học giỏi To&aacute;n cũng c&oacute; khả năng học giỏi c&aacute;c m&ocirc;n học kh&aacute;c. Tỷ lệ n&agrave;y l&agrave; 38%.<br />\r\n- Học sinh c&oacute; khả năng tư duy To&aacute;n tốt c&oacute; khả năng đỗ v&agrave;o c&aacute;c Trường Đại học cao hơn c&aacute;c học sinh kh&aacute;c đồng thời những sinh vi&ecirc;n n&agrave;y ra trường c&oacute; tỷ lệ t&igrave;m được c&ocirc;ng việc tốt với mức lương cao hơn c&aacute;c sinh vi&ecirc;n kh&aacute;c kh&ocirc;ng giỏi To&aacute;n. Tỷ lệ n&agrave;y l&agrave; 42%.</span></span></span></span></p>\r\n\r\n<p style="margin-left:0cm; margin-right:0cm"><br />\r\n<span style="font-size:12pt"><span style="background-color:white"><span style="font-size:11.0pt"><span style="color:#333333">Thực tế cho thấy trẻ em Việt Nam c&oacute; tố chất học giỏi m&ocirc;n To&aacute;n. Tuy nhi&ecirc;n, phương ph&aacute;p gi&aacute;o dục hiện tại mới chỉ dừng lại ở việc học nhớ, học vẹt v&agrave; l&agrave;m nhiều th&agrave;nh quen m&agrave; kh&ocirc;ng vận dụng kỹ năng tư duy logic, quan s&aacute;t, ph&acirc;n t&iacute;ch vấn đề. American Skills x&acirc;y dựng chương tr&igrave;nh </span></span><strong><span style="font-size:11.0pt"><span style="color:#1579bd">Avits Math (IXL) </span></span></strong><span style="font-size:11.0pt"><span style="color:#333333">với mong muốn mang đến cho trẻ em Việt Nam kiến thức nền tảng về To&aacute;n học &ndash; th&ocirc;ng qua việc hiểu bản chất vấn đề, đồng thời luyện tập khả năng tư duy logic v&agrave; ph&acirc;n t&iacute;ch vấn đề m&agrave; kh&ocirc;ng cần học nhớ, học vẹt.</span></span></span></span></p>\r\n\r\n<h2 style="margin-left:0cm; margin-right:0cm"><span style="font-size:18pt"><span style="background-color:white"><strong><span style="font-size:11.0pt"><span style="color:blue">PHƯƠNG PH&Aacute;P Đ&Agrave;O TẠO</span></span></strong></span></span></h2>\r\n\r\n<ul style="list-style-type:circle">\r\n	<li><span style="font-size:11pt"><span style="background-color:white"><span style="font-family:Calibri,sans-serif"><span style="color:#333333">Đ&agrave;o tạo theo&nbsp;</span><strong><span style="color:blue">phương ph&aacute;p c&aacute; thể ho&aacute;</span></strong><span style="color:#333333">&nbsp;&ndash; mỗi học sinh sẽ được học theo một kế hoạch học tập ri&ecirc;ng.</span></span></span></span></li>\r\n	<li><span style="font-size:11pt"><span style="background-color:white"><span style="font-family:Calibri,sans-serif"><span style="color:#333333">Vận dụng c&aacute;c&nbsp;</span><strong><span style="color:blue">kỹ thuật giảng dạy đa chiều</span></strong><span style="color:#333333">&nbsp;gồm: quan s&aacute;t h&igrave;nh ảnh gi&aacute;o cụ trực quan -&gt; diễn đạt bằng ng&ocirc;n từ -&gt; suy luận tư duy logic-&gt; to&aacute;n viết -&gt; ứng dụng.Gi&uacute;p học sinh hiểu nhanh bản chất của vấn đề, ph&aacute;t triển khả năng quan s&aacute;t, ph&aacute;n đo&aacute;n, tư duy đồng thời biết ứng dụng to&aacute;n v&agrave;o thực tế.</span></span></span></span></li>\r\n</ul>\r\n\r\n<ul style="list-style-type:circle">\r\n	<li><span style="font-size:11pt"><span style="background-color:white"><span style="font-family:Calibri,sans-serif"><span style="color:#333333">Vận dụng c&aacute;ch tiếp cận vấn đề đi từ bản chất, từ c&aacute;i cơ bản đến tổng thể v&agrave; n&acirc;ng cao với 3 bộ b&agrave;i tập: r&egrave;n luyện kỹ năng t&iacute;nh to&aacute;n, To&aacute;n c&oacute; lời giải, To&aacute;n tư duy tổng hợp. Gi&uacute;p trẻ thấu hiểu to&aacute;n, y&ecirc;u th&iacute;ch học to&aacute;n v&agrave; ph&aacute;t triển tư duy.</span></span></span></span></li>\r\n	<li><span style="font-size:11pt"><span style="background-color:white"><span style="font-family:Calibri,sans-serif"><span style="color:#333333">Qu&aacute; tr&igrave;nh học tập với quy tr&igrave;nh kh&eacute;p k&iacute;n:&nbsp;</span><strong><span style="color:blue">Kiểm tra đầu v&agrave;o- Đ&agrave;o tạo- Kiểm tra cuối kho&aacute;</span></strong><span style="color:#333333">. Gi&uacute;p đ&aacute;nh gi&aacute; sự tiến bộ của học sinh trong từng kho&aacute; học.</span></span></span></span></li>\r\n	<li><span style="font-size:11pt"><span style="background-color:white"><span style="font-family:Calibri,sans-serif"><strong><span style="color:blue">Gi&aacute;o tr&igrave;nh</span></strong><span style="color:#333333">&nbsp;do c&aacute;c chuy&ecirc;n gia To&aacute;n học của American Skills x&acirc;y dựng c&oacute; sự điều chỉnh cho&nbsp;</span><em>ph&ugrave; hợp với chương tr&igrave;nh To&aacute;n của Việt Nam</em><span style="color:blue">.</span></span></span></span></li>\r\n	<li><span style="font-size:11pt"><span style="background-color:white"><span style="font-family:Calibri,sans-serif"><span style="color:#333333">Phương ph&aacute;p giảng dạy trực quan, sinh động lấy học sinh l&agrave;m chủ thể.</span></span></span></span></li>\r\n</ul>\r\n\r\n<h2 style="margin-left:0cm; margin-right:0cm"><span style="font-size:18pt"><span style="background-color:white"><strong><span style="font-size:11.0pt"><span style="color:black">LƠI &Iacute;CH SAU KH&Oacute;A HỌC</span></span></strong></span></span></h2>\r\n\r\n<ul>\r\n	<li><span style="font-size:11pt"><span style="background-color:white"><span style="font-family:Calibri,sans-serif"><span style="color:#333333">&nbsp; &nbsp; Gi&uacute;p học sinh hiểu bản chất vấn đề v&agrave; biết ứng dụng To&aacute;n v&agrave;o thực tế.</span></span></span></span></li>\r\n	<li><span style="font-size:11pt"><span style="background-color:white"><span style="font-family:Calibri,sans-serif"><span style="color:#333333">&nbsp;&nbsp;&nbsp; Gi&uacute;p trẻ em y&ecirc;u th&iacute;ch học to&aacute;n, c&oacute; &yacute; thức tự gi&aacute;c trong học tập.</span></span></span></span></li>\r\n	<li><span style="font-size:11pt"><span style="background-color:white"><span style="font-family:Calibri,sans-serif"><span style="color:#333333">&nbsp;&nbsp;&nbsp; Gi&uacute;p c&aacute;c em học tốt M&ocirc;n To&aacute;n v&agrave; c&aacute;c m&ocirc;n học kh&aacute;c tr&ecirc;n trường.</span></span></span></span></li>\r\n	<li><span style="font-size:11pt"><span style="background-color:white"><span style="font-family:Calibri,sans-serif"><span style="color:#333333">&nbsp;&nbsp;&nbsp; Gi&uacute;p trẻ em ph&aacute;t triển tư duy to&agrave;n diện.</span></span></span></span></li>\r\n	<li><span style="font-size:11pt"><span style="background-color:white"><span style="font-family:Calibri,sans-serif"><span style="color:#333333">&nbsp;&nbsp;&nbsp; Gi&uacute;p c&aacute;c em ho&agrave;n thiện bản th&acirc;n v&agrave; l&agrave;m chủ cuộc sống.</span></span></span></span></li>\r\n</ul>\r\n\r\n<p style="margin-left:0cm; margin-right:0cm">&nbsp;</p>\r\n\r\n<h2 style="margin-left:0cm; margin-right:0cm">&nbsp;</h2>\r\n\r\n<h2 style="margin-left:0cm; margin-right:0cm"><span style="font-size:18pt"><span style="background-color:white"><strong><span style="font-size:11.0pt"><span style="color:black">CHƯƠNG TR&Igrave;NH TIỀN TIỂU HỌC : (D&agrave;nh cho trẻ từ 4-6 tuổi)</span></span></strong></span></span></h2>\r\n\r\n<h2 style="margin-left:0cm; margin-right:0cm"><span style="font-size:18pt"><span style="background-color:white"><strong><span style="font-size:11.0pt"><span style="color:black">avits MATH FOR PRE- SCHOOL: </span></span><span style="font-size:11.0pt"><span style="background-color:white"><span style="color:black">trang bị cho trẻ những kiến thức nền tảng của tư duy to&aacute;n học, tiếp cận v&agrave; ph&aacute;t triển tư duy số, khơi dậy niềm hứng th&uacute; với m&ocirc;n To&aacute;n tr&ecirc;n cơ sở thấu hiểu bản chất của c&aacute;c kh&aacute;i niệm to&aacute;n v&agrave; sự ứng dụng của to&aacute;n để giải quyết vấn đề thế giới thực.</span></span></span><br />\r\n<span style="font-size:11.0pt"><span style="color:#333333">Với 3 cấp độ: Starter =&gt; K =&gt; SC</span></span></strong></span></span></h2>\r\n\r\n<p style="margin-left:0cm; margin-right:0cm"><span style="font-size:12pt"><span style="background-color:white"><span style="font-size:11.0pt"><span style="color:#333333">GỒM C&Aacute;C CHỦ ĐỀ:</span></span></span></span></p>\r\n\r\n<p style="margin-left:0cm; margin-right:0cm"><span style="font-size:12pt"><span style="background-color:white"><strong><span style="font-size:11.0pt"><span style="color:fuchsia">Color - M&agrave;u sắc</span></span></strong></span></span></p>\r\n\r\n<p style="margin-left:0cm; margin-right:0cm"><span style="font-size:12pt"><span style="background-color:white"><span style="font-size:11.0pt"><span style="color:#333333">Ngo&agrave;i &nbsp;việc &nbsp;nhận &nbsp;biết, &nbsp;ph&acirc;n &nbsp;biệt &nbsp;v&agrave; &nbsp;đọc &nbsp;t&ecirc;n &nbsp;m&agrave;u sắc c&aacute;c em c&ograve;n biết th&ocirc;ng qua m&agrave;u sắc ph&acirc;n biệt sự giống nhau v&agrave; kh&aacute;c nhau của sự vật, hiện tượng. T&igrave;m ra quy luật của sự vận động m&agrave;u sắc trong tự nhi&ecirc;n.</span></span></span></span></p>\r\n\r\n<p style="margin-left:0cm; margin-right:0cm"><span style="font-size:12pt"><span style="background-color:white"><strong><span style="font-size:11.0pt"><span style="color:fuchsia">Material - Chất liệu</span></span></strong></span></span></p>\r\n\r\n<p style="margin-left:0cm; margin-right:0cm"><span style="font-size:12pt"><span style="background-color:white"><span style="font-size:11.0pt"><span style="color:#333333">Chất liệu l&agrave; một thuộc t&iacute;nh quan trọng gi&uacute;p trẻ cảm nhận được c&aacute;c đồ vật, ph&acirc;n biệt đặc t&iacute;nh của c&aacute;c đồ &nbsp;vật. &nbsp;R&egrave;n &nbsp;luyện &nbsp;kỹ &nbsp;năng tư &nbsp;duy &nbsp;của &nbsp;trẻ &nbsp;về &nbsp;sự giống v&agrave; kh&aacute;c nhau của c&aacute;c đồ vật th&ocirc;ng qua chất liệu. Qua đ&oacute; gi&uacute;p c&aacute;c em thấy được sự đa dạng của cuộc sống.</span></span></span></span></p>\r\n\r\n<p style="margin-left:0cm; margin-right:0cm"><span style="font-size:12pt"><span style="background-color:white"><strong><span style="font-size:11.0pt"><span style="color:fuchsia">Size - K&iacute;ch thước</span></span></strong></span></span></p>\r\n\r\n<p style="margin-left:0cm; margin-right:0cm"><span style="font-size:12pt"><span style="background-color:white"><span style="font-size:11.0pt"><span style="color:#333333">Trẻ bước đầu được l&agrave;m quen với k&iacute;ch cỡ to/ nhỏ, ngắn/d&agrave;i. &nbsp;Biết &nbsp;so &nbsp;s&aacute;nh &nbsp;hơn/nhất. &nbsp;Ban &nbsp;đầu &nbsp;h&igrave;nh th&agrave;nh tư duy ước lượng v&agrave; tỷ lệ.</span></span></span></span></p>\r\n\r\n<p style="margin-left:0cm; margin-right:0cm"><span style="font-size:12pt"><span style="background-color:white"><strong><span style="font-size:11.0pt"><span style="color:fuchsia">Shape - H&igrave;nh dạng</span></span></strong></span></span></p>\r\n\r\n<p style="margin-left:0cm; margin-right:0cm"><span style="font-size:12pt"><span style="background-color:white"><span style="font-size:11.0pt"><span style="color:#333333">H&igrave;nh &nbsp;dạng &nbsp;l&agrave; &nbsp;kh&aacute;i &nbsp;niệm &nbsp;ban &nbsp;đầu &nbsp;của &nbsp;tư &nbsp;duy &nbsp;về h&igrave;nh học. Qua chủ để n&agrave;y c&aacute;c em kh&ocirc;ng chỉ dừng lại ở việc nhận biết h&igrave;nh dạng m&agrave; c&ograve;n biết được đặc điểm của c&aacute;c dạng h&igrave;nh, so s&aacute;nh sự giống v&agrave; kh&aacute;c nhau của h&igrave;nh. Gi&uacute;p c&aacute;c em ph&aacute;t triển khả năng quan s&aacute;t, ph&acirc;n t&iacute;ch v&agrave; tư duy về h&igrave;nh.</span></span></span></span></p>\r\n\r\n<p style="margin-left:0cm; margin-right:0cm"><span style="font-size:12pt"><span style="background-color:white"><strong><span style="font-size:11.0pt"><span style="color:fuchsia">Classify - Ph&acirc;n loại</span></span></strong></span></span></p>\r\n\r\n<p style="margin-left:0cm; margin-right:0cm"><span style="font-size:12pt"><span style="background-color:white"><span style="font-size:11.0pt"><span style="color:#333333">Ph&acirc;n loại l&agrave; chủ đề tư duy tổng hợp của c&aacute;c chủ đề tr&ecirc;n. Qua chủ đề n&agrave;y học sinh được ứng dụng c&aacute;c kiến thức đ&atilde; học v&agrave;o c&aacute;c dạng b&agrave;i tập ph&acirc;n t&iacute;ch v&agrave; tư duy tổng hợp. Gi&uacute;p học sinh r&egrave;n luyện khả năng tư duy về h&igrave;nh v&agrave; ph&aacute;t triển khả năng qua s&aacute;t nhạy b&eacute;n.</span></span></span></span></p>\r\n\r\n<p style="margin-left:0cm; margin-right:0cm"><span style="font-size:12pt"><span style="background-color:white"><strong><span style="font-size:11.0pt"><span style="color:fuchsia">Positions - Vị tr&iacute;</span></span></strong></span></span></p>\r\n\r\n<p style="margin-left:0cm; margin-right:0cm"><span style="font-size:12pt"><span style="background-color:white"><span style="font-size:11.0pt"><span style="color:#333333">Qua chủ đề n&agrave;y học sinh c&oacute; được những kh&aacute;i niệm ban &nbsp;đầu &nbsp;về &nbsp;kh&ocirc;ng &nbsp;gian &nbsp;v&agrave; &nbsp;l&agrave; &nbsp;tiền &nbsp;đề &nbsp;cho &nbsp;h&igrave;nh &nbsp;học kh&ocirc;ng gian sau n&agrave;y. Tư duy về vị tr&iacute; trong kh&ocirc;ng gian gi&uacute;p &nbsp;trẻ &nbsp;ph&aacute;t &nbsp;triển &nbsp;khả &nbsp;năng &nbsp;tưởng &nbsp;tượng &nbsp;v&agrave; &nbsp;định hướng trong kh&ocirc;ng gian tốt.</span></span></span></span></p>\r\n\r\n<p style="margin-left:0cm; margin-right:0cm"><span style="font-size:12pt"><span style="background-color:white"><strong><span style="font-size:11.0pt"><span style="color:fuchsia">Patterns - Quy luật</span></span></strong></span></span></p>\r\n\r\n<p style="margin-left:0cm; margin-right:0cm"><span style="font-size:12pt"><span style="background-color:white"><span style="font-size:11.0pt"><span style="color:#333333">L&agrave; chủ đề điển h&igrave;nh của kỹ năng tư duy của bộ n&atilde;o. Chủ đề n&agrave;y gi&uacute;p r&egrave;n luyện chỉ số IQ của trẻ, gi&uacute;p trẻ ph&aacute;t triển khả năng quan s&aacute;t, ph&acirc;n t&iacute;ch, ph&aacute;n đo&aacute;n, suy luận logic.</span></span></span></span></p>\r\n\r\n<p style="margin-left:0cm; margin-right:0cm"><span style="font-size:12pt"><span style="background-color:white"><strong><span style="font-size:11.0pt"><span style="color:fuchsia">Numbers and counting - Tư duy số</span></span></strong></span></span></p>\r\n\r\n<p style="margin-left:0cm; margin-right:0cm"><span style="font-size:12pt"><span style="background-color:white"><span style="font-size:11.0pt"><span style="color:#333333">Tư duy số l&agrave; chủ đề kh&ocirc;ng thể thiếu gi&uacute;p trẻ học giỏi To&aacute;n. Ngo&agrave;i việc gi&uacute;p trẻ nhận diện v&agrave; viết số, th&ocirc;ng qua &nbsp;c&aacute;c &nbsp;b&agrave;i &nbsp;tập &nbsp;ứng dụng &nbsp;sẽ &nbsp;gi&uacute;p &nbsp;c&aacute;c &nbsp;em &nbsp;hiểu &nbsp;bản chất của số, vị tr&iacute; của số tr&ecirc;n trục số, khoảng c&aacute;ch của c&aacute;c số. Học đếm sẽ gi&uacute;p trẻ tăng khả năng tập trung, ph&aacute;t triển tr&iacute; n&atilde;o v&agrave; h&igrave;nh th&agrave;nh nếp nhăn của n&atilde;o bộ.</span></span></span></span></p>\r\n\r\n<p style="margin-left:0cm; margin-right:0cm"><span style="font-size:12pt"><span style="background-color:white"><strong><span style="font-size:11.0pt"><span style="color:fuchsia">Sorting, ordering, and classifying - Sắp xếp, thứ tự, ph&acirc;n nh&oacute;m</span></span></strong></span></span></p>\r\n\r\n<p style="margin-left:0cm; margin-right:0cm"><span style="font-size:12pt"><span style="background-color:white"><span style="font-size:11.0pt"><span style="color:#333333">Khi đ&atilde; hiểu bản chất của c&aacute;c số c&aacute;c em sẽ được r&egrave;n luyện sắp xếp thứ tự c&aacute;c số theo y&ecirc;u cầu. L&agrave;m quen với việc ph&acirc;n nh&oacute;m theo số lượng v&agrave; hiểu được bản chất của nh&oacute;m. Tư duy về nh&oacute;m l&agrave; một dạng tư duy ho&agrave;n to&agrave;n mới m&agrave; từ trước đến nay c&aacute;c học sinh &iacute;t được tiếp cận. Tư duy nh&oacute;m gi&uacute;p c&aacute;c em giải quyết được rất nhiều dạng b&agrave;i tập sau n&agrave;y v&agrave; thậm ch&iacute; cả c&aacute;c b&agrave;i to&aacute;n k&iacute;nh tế, x&atilde; hội cũng như tiếp cận c&aacute;c m&ocirc;n học kh&aacute;c dễ d&agrave;ng hơn.</span></span></span></span></p>\r\n\r\n<p style="margin-left:0cm; margin-right:0cm"><span style="font-size:12pt"><span style="background-color:white"><strong><span style="font-size:11.0pt"><span style="color:fuchsia">Fractions - Ph&acirc;n số</span></span></strong></span></span></p>\r\n\r\n<p style="margin-left:0cm; margin-right:0cm"><span style="font-size:12pt"><span style="background-color:white"><span style="font-size:11.0pt"><span style="color:#333333">L&agrave; một chủ đề ho&agrave;n to&agrave;n mới với c&aacute;c em học sinh ở tuổi Mầm mon. Nhưng với c&aacute;ch tiếp cận thực tế v&agrave; trực quan th&ocirc;ng qua việc chia đồ vật, chia h&igrave;nh chương tr&igrave;nh gi&uacute;p c&aacute;c em hiểu bản chất của ph&acirc;n số v&agrave; t&igrave;m được gi&aacute; trị của ph&acirc;n số một c&aacute;ch dễ d&agrave;ng.</span></span></span></span></p>\r\n\r\n<p style="margin-left:0cm; margin-right:0cm"><span style="font-size:12pt"><span style="background-color:white"><strong><span style="font-size:11.0pt"><span style="color:fuchsia">Measurement - Đo lường</span></span></strong></span></span></p>\r\n\r\n<p style="margin-left:0cm; margin-right:0cm"><span style="font-size:12pt"><span style="background-color:white"><span style="font-size:11.0pt"><span style="color:#333333">Gi&uacute;p c&aacute;c em c&oacute; kh&aacute;i niệm ban đầu về k&iacute;ch thước bằng c&aacute;ch so s&aacute;nh với c&aacute;c vật kh&aacute;c. Gi&uacute;p c&aacute;c em ph&aacute;t triển tư duy về tỷ lệ v&agrave; khả năng ước lượng. Ngo&agrave;i ra, c&aacute;c em c&ograve;n biết so s&aacute;nh c&aacute;c nh&oacute;m vật với nhau như: d&agrave;i hơn/ d&agrave;i nhất, ngắn hơn/ ngắn nhất, thấp hơn/ thấp nhất,&hellip;</span></span></span></span></p>\r\n\r\n<p style="margin-left:0cm; margin-right:0cm"><span style="font-size:12pt"><span style="background-color:white"><strong><span style="font-size:11.0pt"><span style="color:fuchsia">Time - Tư duy thời gian</span></span></strong></span></span></p>\r\n\r\n<p style="margin-left:0cm; margin-right:0cm"><span style="font-size:12pt"><span style="background-color:white"><span style="font-size:11.0pt"><span style="color:#333333">Thời gian l&agrave; nh&acirc;n tố v&ocirc; c&ugrave;ng quan trọng với cuộc sống của mỗi người. Biết tư duy về thời gian sẽ gi&uacute;p trẻ biết sắp xếp kế hoạch học tập v&agrave; vui chơi ph&ugrave; hợp. Hiểu về sự vận động của thời gian sẽ gi&uacute;p c&aacute;c em c&oacute; &yacute; thức v&agrave; biết c&aacute;ch sử dụng thời gian tốt hơn v&agrave; hiệu quả hơn.</span></span></span></span></p>\r\n\r\n<p style="margin-left:0cm; margin-right:0cm"><span style="font-size:12pt"><span style="background-color:white"><strong><span style="font-size:11.0pt"><span style="color:fuchsia">Comparing - So s&aacute;nh</span></span></strong></span></span></p>\r\n\r\n<p style="margin-left:0cm; margin-right:0cm"><span style="font-size:12pt"><span style="background-color:white"><span style="font-size:11.0pt"><span style="color:#333333">Qua chủ đề n&agrave;y gi&uacute;p c&aacute;c em hiểu được mối tương quan giữa c&aacute;c sự vật v&agrave; hiện tượng qua đ&oacute; c&aacute;c em thấy được quy luật của To&aacute;n học. Đ&acirc;y l&agrave; một chủ đề tư duy tổng hợp của phần tư duy số. Để giải quyết được c&aacute;c dạng b&agrave;i tập trong chủ đề n&agrave;y c&aacute;c em phải c&oacute; tư duy tốt về lượng, nh&oacute;m, về tương quan tỷ lệ.</span></span></span></span></p>\r\n\r\n<p style="margin-left:0cm; margin-right:0cm"><span style="font-size:12pt"><span style="background-color:white"><strong><span style="font-size:11.0pt"><span style="color:fuchsia">Addition - Ph&eacute;p cộng</span></span></strong></span></span></p>\r\n\r\n<p style="margin-left:0cm; margin-right:0cm"><span style="font-size:12pt"><span style="background-color:white"><span style="font-size:11.0pt"><span style="color:#333333">Ph&eacute;p cộng l&agrave; chủ đề kh&ocirc;ng thể thiếu trong To&aacute;n học. Math Skills kh&ocirc;ng ch&uacute; trọng đến kết quả của ph&eacute;p t&iacute;nh m&agrave; quan t&acirc;m đến phương ph&aacute;p để đi đến kết quả đ&oacute;. Với phương ph&aacute;p tư duy số kh&ocirc;ng chỉ gi&uacute;p c&aacute;c em t&iacute;nh nhẩm nhanh, nhẩm đ&uacute;ng m&agrave; c&ograve;n gi&uacute;p ph&aacute;t triển tư duy v&agrave; tr&iacute; n&atilde;o.</span></span></span></span></p>\r\n\r\n<p style="margin-left:0cm; margin-right:0cm"><span style="font-size:12pt"><span style="background-color:white"><strong><span style="font-size:11.0pt"><span style="color:fuchsia">Subtraction - Ph&eacute;p trừ</span></span></strong></span></span></p>\r\n\r\n<p style="margin-left:0cm; margin-right:0cm"><span style="font-size:12pt"><span style="background-color:white"><span style="font-size:11.0pt"><span style="color:#333333">Ph&eacute;p trừ l&agrave; dạng ngược lại của ph&eacute;p cộng. &nbsp;Tư duy ngược đ&ocirc;i khi kh&oacute; hơn tư duy xu&ocirc;i. Với phương ph&aacute;p tư duy Math Skills gi&uacute;p tr&iacute; n&atilde;o của c&aacute;c em hoạt động đa chiều v&agrave; linh hoạt.</span></span></span></span></p>\r\n\r\n<p style="margin-left:0cm; margin-right:0cm"><span style="font-size:12pt"><span style="background-color:white"><strong><span style="font-size:11.0pt"><span style="color:fuchsia">Proportional thinking - Tư duy tỷ lệ</span></span></strong></span></span></p>\r\n\r\n<p style="margin-left:0cm; margin-right:0cm"><span style="font-size:12pt"><span style="background-color:white"><span style="font-size:11.0pt"><span style="color:#333333">Đ&acirc;y l&agrave; đỉnh cao của tư duy số. B&agrave;i tập tư duy tỷ lệ gi&uacute;p r&egrave;n luyện khả năng tư duy tổng hợp, khả năng định lượng v&agrave; tư duy nh&oacute;m.</span></span></span></span></p>\r\n\r\n<p style="margin-left:0cm; margin-right:0cm">&nbsp;</p>\r\n\r\n<p style="margin-left:0cm; margin-right:0cm"><span style="font-size:11pt"><span style="background-color:white"><span style="font-family:Calibri,sans-serif"><strong><span style="color:black">1. Cấp độ Starter : </span></strong><span style="background-color:white"><span style="color:black">sẽ bắt đầu được tiếp cận dần với c&aacute;c nội dung To&aacute;n căn bản. Bắt đầu với c&aacute;c nội dung nền tảng: ph&acirc;n biệt h&igrave;nh dạng, m&agrave;u sắc, chất liệu, con số để dần dần y&ecirc;u th&iacute;ch việc tương t&aacute;c với con số. Từ đ&oacute; c&aacute;c b&eacute; sẽ y&ecirc;u th&iacute;ch dần m&ocirc;n To&aacute;n học tưởng chừng như rất kh&ocirc; khan.</span></span><br />\r\n<span style="color:black"><span style="background-color:white">Khi đ&atilde; y&ecirc;u th&iacute;ch m&ocirc;n học, trẻ sẽ tiếp tục được kh&aacute;m ph&aacute; c&aacute;c kiến thức To&aacute;n n&acirc;ng cao hơn: Đếm &ndash; viết, sắp xếp thứ tự c&aacute;c con số. Dần dần từ đ&oacute; mới tiếp cận đến c&aacute;c ph&eacute;p t&iacute;nh cộng v&agrave; trừ. &nbsp;Đ&acirc;y cũng ch&iacute;nh l&agrave; nền tảng để ph&aacute;t triển tư duy v&agrave;o lứa tuổi n&agrave;y cho trẻ.</span></span></span></span></span></p>\r\n\r\n<p style="margin-left:0cm; margin-right:0cm"><span style="font-size:11pt"><span style="background-color:white"><span style="font-family:Calibri,sans-serif"><strong><span style="color:black">2. Cấp độ Kindergarten&nbsp;(K) : </span></strong><span style="color:black">được x&acirc;y dựng đặc th&ugrave; d&agrave;nh cho trẻ từ 5 đến 6 tuổi.<br />\r\n&nbsp;<br />\r\nTrẻ được l&agrave;m quen, kh&aacute;m ph&aacute; c&aacute;c con số th&ocirc;ng qua c&aacute;c nội dung: số liền trước - số liền sau, đếm xu&ocirc;i - đếm ngược, đơn vị&hellip; để hiểu được thứ tự v&agrave; bản chất c&aacute;c con số. Trẻ được t&igrave;m hiểu th&ecirc;m về c&aacute;c h&igrave;nh học: h&igrave;nh oval, h&igrave;nh thoi, h&igrave;nh 5 cạnh đồng thời biết chia h&igrave;nh, gh&eacute;p h&igrave;nh, s&aacute;ng tạo h&igrave;nh để tạo ra c&aacute;c h&igrave;nh mới. Thay v&igrave; trẻ học c&aacute;ch cộng, trừ &ldquo;một c&aacute;ch m&aacute;y m&oacute;c&rdquo; bằng việc nhớ ph&eacute;p t&iacute;nh, trẻ tại IXL được học bản chất của c&aacute;c ph&eacute;p t&iacute;nh qua nhiều c&aacute;ch tiếp cận kh&aacute;c nhau. VD: C&oacute; 2 nh&oacute;m số lượng kh&aacute;c nhau, cần th&ecirc;m v&agrave;o bao nhi&ecirc;u h&igrave;nh để 2 nh&oacute;m bằng nhau. Đ&acirc;y l&agrave; nền tảng gi&uacute;p trẻ biết c&aacute;ch tư duy đ&uacute;ng về To&aacute;n học. V&agrave; khi đ&atilde; hiểu điều nay, trẻ sẽ rất th&iacute;ch học m&ocirc;n To&aacute;n.<br />\r\n&nbsp;<br />\r\n<strong>3. Cấp độ Starter School (SC) : </strong>được x&acirc;y dựng đặc th&ugrave; d&agrave;nh cho trẻ&nbsp;<strong>đang chuẩn bị v&agrave;o lớp 1.</strong><br />\r\nThời điểm n&agrave;y rất quan trọng đối với trẻ v&igrave; đ&acirc;y l&agrave; giai đoạn chuyển tiếp m&ocirc;i trường học tập từ mầm non l&ecirc;n tiểu học.<br />\r\n&nbsp;<br />\r\nTrẻ sẽ được tiếp cận với c&aacute;c kiến thức to&aacute;n một c&aacute;ch logic hơn. Thay v&igrave; học ngay c&aacute;c ph&eacute;p cộng, ph&eacute;p trừ, trẻ vẫn sẽ được tiếp cận c&aacute;c nội dung nền tảng từ quy luật, h&igrave;nh học... V&agrave; dần dần l&agrave;m quen với c&aacute;c kh&aacute;i niệm to&aacute;n học: trục số, đếm c&aacute;ch, t&igrave;m khoảng c&aacute;ch giữa c&aacute;c số.</span></span></span></span></p>\r\n\r\n<p style="margin-left:0cm; margin-right:0cm"><span style="font-size:11pt"><span style="background-color:white"><span style="font-family:Calibri,sans-serif"><span style="color:black">&nbsp;<br />\r\n<em>Với chương tr&igrave;nh Tư duy To&aacute;n&nbsp;Mỹ - Avits Math (IXL) - </em></span><span style="color:black">FOR PRE- SCHOOL</span><em><span style="color:black">, trẻ kh&ocirc;ng chỉ thực hiện đ&uacute;ng theo y&ecirc;u cầu, trẻ cần phải giải th&iacute;ch được qu&aacute; tr&igrave;nh đi đến kết quả quả, v&igrave; sao lại l&agrave;m được như vậy để thực h&agrave;nh c&aacute;ch diễn đạt suy nghĩ của m&igrave;nh. C&aacute;c hoạt động thực h&agrave;nh v&agrave; l&agrave;m quen kiến thức được đan xen với nhau trong qu&aacute; tr&igrave;nh học gi&uacute;p trẻ hứng th&uacute; với m&ocirc;n học, tự tin hơn với những b&agrave;i To&aacute;n ở trường. Quan trọng hơn, trẻ được cung cấp c&aacute;c kiến thức rất nền tảng một c&aacute;ch hệ thống v&agrave; hiểu s&acirc;u về bản chất, gi&uacute;p trẻ tư duy v&agrave; ứng dụng v&agrave;o những kiến thức học ở cấp cao hơn.</span></em><br />\r\n<span style="color:black">&nbsp;<br />\r\n<em>Điều đặc biệt của Chương tr&igrave;nh Avits Math (IXL)</em></span><span style="color:black"> FOR PRE- SCHOOL</span><em><span style="color:black"> l&agrave; lu&ocirc;n c&oacute; hoạt động s&aacute;ng tạo mang t&iacute;nh ứng dụng của nội dung vừa học v&agrave;o thực tế. Khi trẻ biết c&aacute;ch vận dụng những điều m&igrave;nh vừa học v&agrave;o cuộc sống, trẻ hiểu bản chất kiến thức v&agrave; sẽ nhớ rất l&acirc;u nội dung học đ&oacute;. Từ đ&oacute; l&agrave;m nền tảng để ph&aacute;t triển tư duy, tr&iacute; th&ocirc;ng minh v&agrave; t&iacute;nh s&aacute;ng tạo của trẻ lứa tuổi n&agrave;y.</span></em></span></span></span></p>\r\n\r\n<p style="margin-left:0cm; margin-right:0cm">&nbsp;</p>\r\n\r\n<h2 style="margin-left:0cm; margin-right:0cm"><span style="font-size:18pt"><span style="background-color:white"><strong><span style="font-size:11.0pt"><span style="color:black">CHƯƠNG TR&Igrave;NH TIỂU HỌC </span></span></strong></span></span></h2>\r\n\r\n<h2 style="margin-left:0cm; margin-right:0cm"><span style="font-size:18pt"><span style="background-color:white"><strong><span style="font-size:11.0pt"><span style="color:black">avits math (IXL) - FOR PRIMARY SCHOOL :</span></span></strong></span></span></h2>\r\n\r\n<p style="margin-left:0cm; margin-right:0cm"><span style="font-size:12pt"><span style="background-color:white"><span style="font-size:11.0pt"><span style="color:#333333">D&agrave;nh cho học sinh tiểu học (6-10 tuổi)&nbsp;được thiết kế nội dung song song với kiến thức to&aacute;n tr&ecirc;n trường của học sinh gi&uacute;p bổ trợ c&aacute;c kiến thức cần thiết cho học sinh. Ngo&agrave;i ra Avits Math c&ograve;n bổ sung một số dạng to&aacute;n quốc tế mang t&iacute;nh ứng dụng cao gi&uacute;p c&aacute;c em ph&aacute;t triển khả năng tư duy, biết ứng dụng to&aacute;n v&agrave;o thực tế.</span></span><br />\r\n<br />\r\n<span style="font-size:11.0pt"><span style="color:#333333">Với phương ph&aacute;p tiệp cận vấn đề To&aacute;n ho&agrave;n to&agrave;n mới v&agrave; khoa học, đi từ dễ đến kh&oacute;, đi từ cơ bản đến phức tạp. Avits Math </span></span><span style="font-size:11.0pt"><span style="color:black">(IXL) </span></span><span style="font-size:11.0pt"><span style="color:#333333">gi&uacute;p học sinh hiểu bản chất vấn đề, c&oacute; kiến thức To&aacute;n vững chắc v&agrave; kh&ocirc;ng c&ograve;n cảm thấy &aacute;p lực với m&ocirc;n To&aacute;n.</span></span></span></span></p>\r\n\r\n<p style="margin-left:0cm; margin-right:0cm"><br />\r\n<span style="font-size:12pt"><span style="background-color:white"><span style="font-size:11.0pt"><span style="color:#333333">Nội dung Chương tr&igrave;nh được thiết kế với 5 cấp độ:</span></span></span></span></p>\r\n\r\n<p style="margin-left:0cm; margin-right:0cm"><span style="font-size:12pt"><span style="background-color:white"><span style="font-size:11.0pt"><span style="color:#333333">Level 1 &ndash; Level 2 &ndash; Level 3 &ndash; Level 4 &ndash; Level 5</span></span></span></span></p>\r\n\r\n<p style="margin-left:0cm; margin-right:0cm">&nbsp;</p>\r\n\r\n<p style="margin-left:0cm; margin-right:0cm; text-align:justify"><span style="font-size:11pt"><span style="background-color:white"><span style="font-family:Calibri,sans-serif"><strong><span style="color:black">1. Tư duy số v&agrave; c&aacute;c ph&eacute;p to&aacute;n (<em>Number sense &amp; operations</em>)</span></strong></span></span></span></p>\r\n\r\n<p style="margin-left:0cm; margin-right:0cm; text-align:justify"><span style="font-size:11pt"><span style="background-color:white"><span style="font-family:Calibri,sans-serif"><span style="color:black">Hiểu r&otilde; c&aacute;c kh&aacute;i niệm, bản chất về số tự nhi&ecirc;n, cấu tạo số l&agrave;m tiền đề để r&egrave;n luyện kỹ năng t&iacute;nh to&aacute;n v&agrave; ph&aacute;t triển khả năng t&iacute;nh nhẩm, t&iacute;nh nhanh v&agrave; tư duy logic cho trẻ. Hiểu r&otilde; bản chất của c&aacute;c ph&eacute;p to&aacute;n cộng, trừ, nh&acirc;n, chia để đưa ra phương ph&aacute;p t&iacute;nh&nbsp; to&aacute;n ph&ugrave; hợp v&agrave; cho kết quả nhanh, ch&iacute;nh x&aacute;c nhất.</span></span></span></span></p>\r\n\r\n<p style="margin-left:0cm; margin-right:0cm; text-align:justify"><span style="font-size:11pt"><span style="background-color:white"><span style="font-family:Calibri,sans-serif">&nbsp;</span></span></span></p>\r\n\r\n<p style="margin-left:0cm; margin-right:0cm; text-align:justify"><span style="font-size:11pt"><span style="background-color:white"><span style="font-family:Calibri,sans-serif"><strong><span style="color:black">2.Ph&acirc;n số (<em>Fractions</em>)</span></strong></span></span></span></p>\r\n\r\n<p style="margin-left:0cm; margin-right:0cm; text-align:justify"><span style="font-size:11pt"><span style="background-color:white"><span style="font-family:Calibri,sans-serif"><span style="color:black">Giới thiệu về ph&acirc;n số cho học sinh hiểu r&otilde; kh&aacute;i niệm &ldquo;ph&acirc;n số l&agrave; g&igrave;?&rdquo; từ những h&igrave;nh ảnh trực quan. Khi nắm chắc được kh&aacute;i niệm, hiểu được bản chất của ph&acirc;n số học sinh sẽ thực hiện ph&eacute;p t&iacute;nh li&ecirc;n quan đến ph&acirc;n số một c&aacute;ch dễ d&agrave;ng v&agrave; ứng dụng th&agrave;nh thạo trong c&aacute;c b&agrave;i to&aacute;n đố li&ecirc;n quan.<br />\r\n&nbsp;</span></span></span></span></p>\r\n\r\n<p style="margin-left:0cm; margin-right:0cm; text-align:justify"><span style="font-size:11pt"><span style="background-color:white"><span style="font-family:Calibri,sans-serif"><strong><span style="color:black">3. Đo lường &ndash; Thời gian (<em>Measurement - Time</em>)</span></strong></span></span></span></p>\r\n\r\n<p style="margin-left:0cm; margin-right:0cm"><span style="font-size:11pt"><span style="background-color:white"><span style="font-family:Calibri,sans-serif"><span style="color:black">Trẻ nắm vững c&aacute;c đơn vị đo lường </span><span style="background-color:#f9f9f9"><span style="color:#3b3b3b">- thời gian, độ d&agrave;i, diện t&iacute;ch, thể t&iacute;ch, khối lượng, dung t&iacute;ch v&agrave; tiền tệ.</span></span><span style="color:black">, biết &aacute;p dụng v&agrave;o c&aacute;c b&agrave;i to&aacute;n thực tế.<br />\r\n&nbsp;</span></span></span></span></p>\r\n\r\n<p style="margin-left:0cm; margin-right:0cm; text-align:justify"><span style="font-size:11pt"><span style="background-color:white"><span style="font-family:Calibri,sans-serif"><strong><span style="color:black">4. H&igrave;nh học (<em>Geometry</em>)</span></strong></span></span></span></p>\r\n\r\n<p style="margin-left:0cm; margin-right:0cm; text-align:justify"><span style="font-size:11pt"><span style="background-color:white"><span style="font-family:Calibri,sans-serif"><span style="color:black">Gi&uacute;p trẻ &nbsp;nhận biết kh&aacute;i niệm, thuộc t&iacute;nh, h&igrave;nh th&agrave;nh của mỗi loại h&igrave;nh kh&aacute;c nhau; mối tương quan giữa c&aacute;c h&igrave;nh. Từ đ&oacute;, trẻ &aacute;p dụng t&iacute;nh diện t&iacute;ch, chu vi hay thể t&iacute;ch của c&aacute;c h&igrave;nh kh&aacute;c nhau.</span></span></span></span></p>\r\n\r\n<p style="margin-left:0cm; margin-right:0cm; text-align:justify"><span style="font-size:11pt"><span style="background-color:white"><span style="font-family:Calibri,sans-serif">&nbsp;</span></span></span></p>\r\n\r\n<p style="margin-left:0cm; margin-right:0cm; text-align:justify"><span style="font-size:11pt"><span style="background-color:white"><span style="font-family:Calibri,sans-serif"><strong><span style="color:black">5. Tư duy tổng hợp (<em>Mathematical Thinking</em>) </span></strong></span></span></span></p>\r\n\r\n<p style="margin-left:0cm; margin-right:0cm"><span style="font-size:11pt"><span style="background-color:white"><span style="font-family:Calibri,sans-serif"><span style="color:black">Gi&uacute;p trẻ r&egrave;n luyện nhiều kỹ năng tư duy to&aacute;n tổng hợp th&ocirc;ng qua c&aacute;c dạng to&aacute;n đa dạng như c&acirc;n thăng bằng, to&aacute;n quy luật, tư duy nh&oacute;m, tư duy tỷ lệ, to&aacute;n đố, tư duy l&ocirc;gic, lập v&agrave; đọc biểu đồ, to&aacute;n x&aacute;c suất, l&agrave;m tr&ograve;n, ước lượng &hellip; Trẻ được r&egrave;n luyện nhiều kỹ năng như: đọc đề, ph&acirc;n t&iacute;ch đề b&agrave;i, &nbsp;chia nhỏ c&aacute;c vấn đề trong b&agrave;i to&aacute;n, vận dụng khả năng tư duy logic để việc giải to&aacute;n trở n&ecirc;n đơn giản, hiệu quả v&agrave; ch&iacute;nh x&aacute;c.</span></span></span></span><br />\r\n&nbsp;</p>\r\n\r\n<p style="margin-left:0cm; margin-right:0cm"><span style="font-size:11pt"><span style="background-color:white"><span style="font-family:Calibri,sans-serif"><span style="color:black">&nbsp;6. </span><strong><span style="background-color:#f9f9f9"><span style="color:black">Giải to&aacute;n c&oacute; lời văn (<em>Problem solving )</em></span></span></strong><br />\r\n<span style="background-color:#f9f9f9"><span style="color:#3b3b3b">R&egrave;n luyện c&aacute;c bước gồm: Chia vấn đề th&agrave;nh những phần nhỏ, đơn giản hơn, rồi ph&acirc;n t&iacute;ch, giải to&aacute;n, kiểm tra v&agrave; đ&aacute;nh gi&aacute;.</span></span><br />\r\n<span style="color:black">&nbsp;</span></span></span></span><br />\r\n&nbsp;</p>\r\n\r\n<p style="margin-left:0cm; margin-right:0cm">&nbsp;</p>\r\n\r\n<p style="margin-left:0cm; margin-right:0cm">&nbsp;</p>\r\n\r\n<h2 style="margin-left:0cm; margin-right:0cm"><span style="font-size:18pt"><span style="background-color:white"><strong><span style="font-size:11.0pt"><span style="color:black">CHƯƠNG TR&Igrave;NH thcs </span></span></strong></span></span></h2>\r\n\r\n<p style="margin-left:0cm; margin-right:0cm"><span style="font-size:12pt"><span style="background-color:white"><strong><span style="font-size:11.0pt"><span style="color:black">avits math (IXL) - junior high school</span></span></strong></span></span></p>\r\n\r\n<p style="margin-left:0cm; margin-right:0cm"><span style="font-size:12pt"><span style="background-color:white"><span style="font-size:11.0pt"><span style="color:#3b3b3b">Kết hợp v&agrave; n&acirc;ng cao giữa l&yacute; thuyết v&agrave; c&aacute;c b&agrave;i to&aacute;n ứng dụng, ph&aacute;t triển cho học sinh kỹ năng tư duy, sự hiểu biết v&agrave; th&aacute;i độ tự tin. Nắm chắc kiến thức từ cơ bản đến n&acirc;ng cao.</span></span></span></span></p>\r\n\r\n<p style="margin-left:0cm; margin-right:0cm"><span style="font-size:12pt"><span style="background-color:white"><span style="font-size:10.5pt"><span style="background-color:white"><span style="color:#333333">-&nbsp;T&iacute;ch cực ho&aacute; hoạt động học tập của học sinh, r&egrave;n luyện khả năng tự học, ph&aacute;t hiện v&agrave; giải quyết vấn đề của HS nhằm h&igrave;nh th&agrave;nh v&agrave; ph&aacute;t triển ở HS tư duy t&iacute;ch cực, độc lập v&agrave; s&aacute;ng tạo.</span></span></span><br />\r\n<span style="font-size:10.5pt"><span style="color:#333333"><span style="background-color:white">&minus; Chọn lựa sử dụng những phương ph&aacute;p ph&aacute;t huy t&iacute;nh t&iacute;ch cực chủ động của Học Sinh trong học tập v&agrave; ph&aacute;t huy khả năng tự học. Hoạt động ho&aacute; việc học tập của HS bằng những dẫn dắt cho HS tự th&acirc;n trải nghiệm chiếm lĩnh tri thức, chống lối học thụ động.</span><br />\r\n<span style="background-color:white">&minus; Tận dụng ưu thế của từng phương ph&aacute;p dạy học, ch&uacute; trọng sử dụng phương ph&aacute;p dạy học ph&aacute;t hiện v&agrave; giải quyết vấn đề.</span><br />\r\n<span style="background-color:white">&minus; Coi trọng cung cấp kiến thức, r&egrave;n luyện kĩ năng vận dụng kiến thức v&agrave;o thực tiễn.</span></span></span></span></span></p>\r\n\r\n<p style="margin-left:0cm; margin-right:0cm"><span style="font-size:12pt"><span style="background-color:white"><span style="font-size:11.0pt"><span style="color:#333333">Nội dung Chương tr&igrave;nh được thiết kế với 4 cấp độ:</span></span></span></span></p>\r\n\r\n<p style="margin-left:0cm; margin-right:0cm"><span style="font-size:12pt"><span style="background-color:white"><span style="font-size:11.0pt"><span style="color:#333333">Level 6 &ndash; Level 7 &ndash; Level 8 &ndash; Level 9</span></span></span></span></p>\r\n\r\n<p style="margin-left:0cm; margin-right:0cm">&nbsp;</p>\r\n\r\n<ol>\r\n	<li style="list-style-type:none">\r\n	<ol>\r\n		<li style="list-style-type:none">\r\n		<ol>\r\n			<li><span style="font-size:12pt"><span style="background-color:white"><span style="font-size:11.0pt"><span style="color:#3b3b3b">Số học : T&iacute;nh chia hết, số nguy&ecirc;n tố, số ch&iacute;nh phương, bội v&agrave; ước c&aacute;c số .</span></span></span></span></li>\r\n			<li><span style="font-size:12pt"><span style="background-color:white"><span style="font-size:11.0pt"><span style="color:#3b3b3b">Đại số : Gi&uacute;p học sinh thực hiện th&agrave;nh thạo tất cả c&aacute;c dạng to&aacute;n đại số nền tảng như tỷ lệ thức, biểu thức, ph&acirc;n thức đến c&aacute;c kh&aacute;i niệm n&acirc;ng cao như biến số, h&agrave;m số hay giải c&aacute;c dạng to&aacute;n đại số đặc trưng như phương tr&igrave;nh, bất phương tr&igrave;nh, hệ phương tr&igrave;nh, căn thức. </span></span></span></span></li>\r\n		</ol>\r\n		</li>\r\n	</ol>\r\n	</li>\r\n</ol>\r\n\r\n<p style="margin-left:13.5pt; margin-right:0cm"><span style="font-size:12pt"><span style="background-color:white"><span style="font-size:11.0pt"><span style="color:#3b3b3b">Ngo&agrave;i ra, học sinh được tiếp cận với dạng ph&acirc;n t&iacute;ch dữ liệu từ những thao t&aacute;c đơn giản như đọc dữ liệu, so s&aacute;nh v&agrave; sắp xếp dữ liệu. B&ecirc;n cạnh đ&oacute;, học sinh c&ograve;n biết c&aacute;ch biểu diễn c&aacute;c dữ liệu bằng đồ thị từ đ&oacute; suy luận t&igrave;m ra đ&aacute;p &aacute;n cũng như x&acirc;y dựng c&aacute;c qui luật logic</span></span></span></span></p>\r\n\r\n<p style="margin-left:13.5pt; margin-right:0cm"><span style="font-size:12pt"><span style="background-color:white"><em><span style="font-size:11.0pt"><span style="color:#4f4f4f">Cũng cố v&agrave; bổ sung c&aacute;c kiến thức về chương tr&igrave;nh đại số của BGD&amp;ĐT từ lớp 6 đến lớp 9.</span></span></em></span></span></p>\r\n\r\n<ol>\r\n	<li style="list-style-type:none">\r\n	<ol>\r\n		<li style="list-style-type:none">\r\n		<ol start="3">\r\n			<li><span style="font-size:12pt"><span style="background-color:white"><span style="font-size:11.0pt"><span style="color:#3b3b3b">H&igrave;nh học : Gi&uacute;p học sinh được l&agrave;m quen về tất cả c&aacute;c h&igrave;nh phẳng trong chương tr&igrave;nh phổ th&ocirc;ng v&agrave; c&aacute;c b&agrave;i to&aacute;n li&ecirc;n quan đến h&igrave;nh phẳng như chu vi, diện t&iacute;ch. C&aacute;c h&igrave;nh kh&ocirc;ng gian cũng được đưa v&agrave;o bằng c&aacute;c m&ocirc; h&igrave;nh trực quan th&uacute; vị nhằm gi&uacute;p học sinh ph&acirc;n biệt c&aacute;c h&igrave;nh phẳng, h&igrave;nh khối. Đồng thời c&aacute;c em c&oacute; kh&aacute;i niệm về thể t&iacute;ch, diện t&iacute;ch xung quanh, diện t&iacute;ch to&agrave;n phần. Đ&acirc;y l&agrave; nền tảng để c&aacute;c em học tốt chương tr&igrave;nh phổ th&ocirc;ng v&agrave; &aacute;p dụng kiễn thức v&agrave;o thực tiễn.</span></span></span></span></li>\r\n		</ol>\r\n		</li>\r\n	</ol>\r\n	</li>\r\n</ol>\r\n\r\n<p style="margin-left:13.5pt; margin-right:0cm"><span style="font-size:12pt"><span style="background-color:white"><span style="font-size:11.0pt"><span style="color:#3b3b3b">C&aacute;c chủ đề c&aacute;c em đều được l&agrave;m quen với dạng b&agrave;i to&aacute;n giải quyết vấn đề ở những mức độ kh&aacute;c nhau. Từ những b&agrave;i to&aacute;n c&oacute; lời văn đơn giản đến c&aacute;c b&agrave;i to&aacute;n nhiều bước, lập sơ đồ giải to&aacute;n. Giải quyết vấn đề gi&uacute;p ph&aacute;t triển tư duy logic v&agrave; s&aacute;ng tạo để giải quyết c&aacute;c vấn đề trong cuộc sống. </span></span></span></span></p>\r\n\r\n<p style="margin-left:13.5pt; margin-right:0cm"><span style="font-size:12pt"><span style="background-color:white"><em><span style="font-size:11.0pt"><span style="color:#4f4f4f">Cũng cố v&agrave; bổ sung c&aacute;c kiến thức về chương tr&igrave;nh h&igrave;nh học của BGD&amp;ĐT từ lớp 6 đến lớp 9.</span></span></em></span></span></p>\r\n\r\n<p style="margin-left:0cm; margin-right:0cm"><span style="font-size:12pt"><span style="background-color:white"><span style="font-size:11.0pt"><span style="color:black">4. Luyện thi theo y&ecirc;u cầu : </span></span></span></span></p>\r\n\r\n<h4 style="margin-left:0cm; margin-right:0cm"><span style="font-size:11pt"><span style="background-color:whitesmoke"><span style="font-family:Cambria,serif"><span style="color:#4f81bd"><strong><em><span style="color:#4f4f4f">Luyện c&aacute;c loại đề thi của BGD&amp;ĐT, c&aacute;c chương tr&igrave;nh thi v&agrave;o c&aacute;c trường chuy&ecirc;n&hellip;..</span></em></strong></span></span></span></span></h4>\r\n\r\n<h4 style="margin-left:0cm; margin-right:0cm"><span style="font-size:11pt"><span style="background-color:whitesmoke"><span style="font-family:Cambria,serif"><span style="color:#4f81bd"><strong><em><span style="color:#4f4f4f">Luy&ecirc;n chương tr&igrave;nh của c&aacute;c trường Quốc tế..</span></em></strong></span></span></span></span></h4>\r\n', 'image-6-770x550.jpg', 0, 0, '', '2018-03-30 10:03:00', '2018-09-08 08:09:31', 1, '', '', '', '', '', 'Avits Math (IXL)', '', 'avits-math-ixl', '', 1);
INSERT INTO `news` (`news_id`, `news_name`, `news_des`, `news_content`, `news_img`, `news_views`, `newscat_id`, `news_author`, `news_created_date`, `news_update_date`, `state`, `news_sub_info1`, `news_sub_info2`, `news_sub_info3`, `news_sub_info4`, `news_sub_info5`, `title_seo`, `des_seo`, `friendly_url`, `keyword`, `created_id`) VALUES
(103, 'AVITS SMART READING (ĐỌC THÔNG MINH)', 'PHƯƠNG PHÁP ĐỌC THÔNG MINH GIÚP BÉ YÊU PHÁT TRIỂN TRÍ NÃO VÀ KHẢ NĂNG NGÔN NGỮ', '<p style="margin-left:0cm; margin-right:0cm; text-align:justify"><span style="font-size:11pt"><span style="background-color:white"><span style="font-family:Calibri,sans-serif"><span style="font-size:13.5pt"><span style="color:#333333">Chương tr&igrave;nh&nbsp;</span></span><strong><span style="font-size:13.5pt"><span style="color:#548dd4">Avits </span></span></strong><strong><span style="font-size:12.0pt"><span style="color:#548dd4">Smart Reading</span></span></strong>&nbsp;<span style="font-size:13.5pt"><span style="color:#333333">được ph&aacute;t triển tr&ecirc;n nền tảng phương ph&aacute;p học đọc&nbsp; đa gi&aacute;c quan kết hợp đa cấp độ của Mỹ&nbsp; đ&atilde; được &aacute;p dụng tại c&aacute;c trường học tr&ecirc;n khắp nước&nbsp; Mỹ&nbsp; cũng như tại nhiều quốc gia tr&ecirc;n thế giới. Phương ph&aacute;p n&agrave;y được phụ huynh ưa chuộng v&agrave; lựa chọn l&agrave; phương ph&aacute;p học đọc s&aacute;ng tạo&nbsp; v&agrave; hiệu quả nhất hiện nay.&nbsp;</span></span><strong><em><span style="font-size:12.0pt"><span style="color:blue">Avits Smart Reading được c&ocirc;ng nhận gi&uacute;p trẻ ph&aacute;t triển tr&iacute; n&atilde;o v&agrave; khả năng ng&ocirc;n ngữ.</span></span></em></strong></span></span></span></p>\r\n\r\n<p style="margin-left:0cm; margin-right:0cm; text-align:justify"><span style="font-size:11pt"><span style="background-color:white"><span style="font-family:Calibri,sans-serif"><span style="font-size:13.5pt"><span style="color:#333333">Theo nghi&ecirc;n cứu của Trường Đại Học Harvard- Mỹ th&igrave; c&oacute; đến 70% trẻ em dưới 6 tuổi được cha mẹ c&ugrave;ng đọc s&aacute;ch trước khi đi ngủ. C&aacute;c chuy&ecirc;n gia cho biết việc tiếp tục hướng dẫn trẻ đọc s&aacute;ch trong giai đoạn tiểu học l&agrave; rất quan trọng đối với sự ph&aacute;t triển tr&iacute; n&atilde;o v&agrave; ng&ocirc;n ngữ của c&aacute;c em. Tuy nhi&ecirc;n, hầu hết c&aacute;c trẻ em Việt Nam từ 7 tuổi trở l&ecirc;n kh&ocirc;ng được r&egrave;n luyện kỹ năng n&agrave;y ở trường cũng như ở nh&agrave; m&agrave; hầu hết c&aacute;c em đều tự m&igrave;nh đọc một c&aacute;ch tự ph&aacute;t. V&igrave; vậy, n&ecirc;n sau 7 tuổi c&aacute;c em bắt đầu bộc lộ nhiều điểm hạn chế về khả năng đọc, ph&acirc;n t&iacute;ch, diễn đạt bằng ng&ocirc;n ngữ cũng như khả năng tư duy độc lập. Thực tế cho thấy rằng những trẻ em th&iacute;ch đọc s&aacute;ch c&oacute; nhiều khả năng đạt th&agrave;nh t&iacute;ch học tập tốt ở trường v&agrave; th&agrave;nh c&ocirc;ng hơn ở nơi l&agrave;m việc sau n&agrave;y.</span></span></span></span></span></p>\r\n\r\n<p style="margin-left:0cm; margin-right:0cm; text-align:justify"><span style="font-size:11pt"><span style="background-color:white"><span style="font-family:Calibri,sans-serif"><span style="font-size:13.5pt"><span style="color:#333333">B&iacute; quyết gi&uacute;p c&aacute;c em quan t&acirc;m đến việc đọc l&agrave; giới thiệu với c&aacute;c em nhiều loại s&aacute;ch ph&ugrave; hợp với từng độ tuổi v&agrave; cho con tiếp x&uacute;c với việc học đọc c&agrave;ng sớm c&agrave;ng tốt. Với mỗi chủ đề n&ecirc;n cho trẻ tiếp cận v&agrave; hiểu được từ mới, nội dung cuốn s&aacute;ch v&agrave; c&ugrave;ng thảo luận về c&aacute;c nội dung đ&atilde; đọc để&nbsp; gi&uacute;p trẻ bộc lộ hiểu biết, khả nằn suy luận của m&igrave;nh v&agrave; ph&aacute;t triển tư duy.</span></span></span></span></span></p>\r\n\r\n<p style="margin-left:0cm; margin-right:0cm; text-align:justify"><span style="font-size:11pt"><span style="background-color:white"><span style="font-family:Calibri,sans-serif"><span style="font-size:13.5pt"><span style="color:#333333">Chương tr&igrave;nh&nbsp;</span></span><strong><span style="font-size:13.5pt"><span style="color:#548dd4">Avits </span></span></strong><strong><span style="font-size:12.0pt"><span style="color:#548dd4">Smart Reading</span></span></strong>&nbsp;<span style="font-size:13.5pt"><span style="color:#333333"> đ&atilde; được&nbsp; American Skills triển khai tại Việt Nam nhằm mang đến cho c&aacute;c em những lợi &iacute;ch sau:</span></span></span></span></span></p>\r\n\r\n<p style="margin-left:0cm; margin-right:0cm; text-align:justify"><span style="font-size:11pt"><span style="background-color:white"><span style="font-family:Calibri,sans-serif">&nbsp;</span></span></span></p>\r\n\r\n<p style="margin-left:0cm; margin-right:0cm; text-align:justify"><span style="font-size:11pt"><span style="background-color:white"><span style="font-family:Calibri,sans-serif"><span style="font-size:13.5pt"><span style="color:#333333">-&nbsp;&nbsp;Gi&uacute;p c&aacute;c b&eacute; luyện ph&aacute;t &acirc;m chuẩn.</span></span></span></span></span></p>\r\n\r\n<p style="margin-left:0cm; margin-right:0cm; text-align:justify"><span style="font-size:11pt"><span style="background-color:white"><span style="font-family:Calibri,sans-serif"><span style="font-size:13.5pt"><span style="color:#333333">-&nbsp;&nbsp;Gi&uacute;p b&eacute; từ việc biết đ&aacute;nh vần đến biết đọc trơn.</span></span></span></span></span></p>\r\n\r\n<p style="margin-left:0cm; margin-right:0cm; text-align:justify"><span style="font-size:11pt"><span style="background-color:white"><span style="font-family:Calibri,sans-serif"><span style="font-size:13.5pt"><span style="color:#333333">-&nbsp;&nbsp;Gi&uacute;p c&aacute;c em th&iacute;ch đọc s&aacute;ch v&agrave; biết c&aacute;ch tự đọc đ&uacute;ng c&aacute;ch.</span></span></span></span></span></p>\r\n\r\n<p style="margin-left:0cm; margin-right:0cm; text-align:justify"><span style="font-size:11pt"><span style="background-color:white"><span style="font-family:Calibri,sans-serif"><span style="font-size:13.5pt"><span style="color:#333333">-&nbsp;&nbsp;Gi&uacute;p c&aacute;c em h&igrave;nh th&agrave;nh c&aacute;c kỹ năng tư duy như: khả năng t&oacute;m tắt v&agrave; ghi nhớ th&ocirc;ng tin, khả năng ph&acirc;n t&iacute;ch v&agrave; kh&aacute;i qu&aacute;t một vấn đề, khả năng suy luận logic, khả năng tưởng tượng, li&ecirc;n tưởng v&agrave; s&aacute;ng tạo,&hellip;</span></span></span></span></span></p>\r\n\r\n<p style="margin-left:0cm; margin-right:0cm; text-align:justify"><span style="font-size:11pt"><span style="background-color:white"><span style="font-family:Calibri,sans-serif"><span style="font-size:13.5pt"><span style="color:#333333">-&nbsp;&nbsp;Gi&uacute;p n&atilde;o trẻ hoạt động v&agrave; gi&uacute;p suy nghĩ của trẻ ph&aacute;t triển đa chiều, đồng thời c&ograve;n l&agrave;m tăng sự tập trung của n&atilde;o bộ trong mọi ho&agrave;n cảnh.</span></span></span></span></span></p>\r\n\r\n<p style="margin-left:0cm; margin-right:0cm; text-align:justify"><span style="font-size:11pt"><span style="background-color:white"><span style="font-family:Calibri,sans-serif"><span style="font-size:13.5pt"><span style="color:#333333">-&nbsp;&nbsp;Gi&uacute;p tăng cường khả năng giao tiếp hiệu quả v&agrave; gi&uacute;p r&egrave;n luyện năng lực ng&ocirc;n ngữ: đọc s&aacute;ch gi&uacute;p l&agrave;m gi&agrave;u vốn từ, tăng khả năng sử dụng ng&ocirc; ngữ để diễn đạt v&agrave; giao tiếp.</span></span></span></span></span></p>\r\n\r\n<p style="margin-left:0cm; margin-right:0cm; text-align:justify"><span style="font-size:11pt"><span style="background-color:white"><span style="font-family:Calibri,sans-serif"><span style="font-size:13.5pt"><span style="color:#333333">-&nbsp;&nbsp;Gi&uacute;p c&aacute;c b&eacute; h&igrave;nh th&agrave;nh nh&acirc;n c&aacute;ch, vốn sống v&agrave; kiến thức x&atilde; hội th&ocirc;ng qua c&aacute;c chủ đề b&agrave;i học phong ph&uacute;, đa dạng.</span></span></span></span></span></p>\r\n\r\n<p style="margin-left:0cm; margin-right:0cm; text-align:justify"><span style="font-size:11pt"><span style="background-color:white"><span style="font-family:Calibri,sans-serif"><span style="font-size:13.5pt"><span style="color:#333333">-&nbsp;&nbsp;Gi&uacute;p trẻ cảm thấy phấn chấn hơn, gi&uacute;p b&eacute; giảm bớt những th&oacute;i quen ảnh hưởng đến khả năng tư duy v&agrave; tập trung của b&eacute; như xem tivi, chơi game,&hellip;</span></span></span></span></span></p>\r\n\r\n<p style="margin-left:0cm; margin-right:0cm; text-align:justify"><span style="font-size:11pt"><span style="background-color:white"><span style="font-family:Calibri,sans-serif"><span style="font-size:13.5pt"><span style="color:#333333">-&nbsp;&nbsp;Gi&uacute;p c&aacute;c em giảm bớt &aacute;p lực của cuộc sống v&agrave; lấy lại sự c&acirc;n bằng cần thiết, gi&uacute;p c&aacute;c em sống khoẻ v&agrave; sống tốt hơn.</span></span></span></span></span></p>\r\n\r\n<p style="margin-left:0cm; margin-right:0cm; text-align:justify"><span style="font-size:11pt"><span style="background-color:white"><span style="font-family:Calibri,sans-serif">&nbsp;</span></span></span></p>\r\n\r\n<p style="margin-left:0cm; margin-right:0cm"><span style="font-size:11pt"><span style="background-color:white"><span style="font-family:Calibri,sans-serif"><strong><span style="font-size:13.5pt"><span style="color:blue">PHƯƠNG PH&Aacute;P CỦA CHƯƠNG TR&Igrave;NH:</span></span></strong></span></span></span></p>\r\n\r\n<p style="margin-left:0cm; margin-right:0cm; text-align:justify"><span style="font-size:11pt"><span style="background-color:white"><span style="font-family:Calibri,sans-serif"><strong><span style="font-size:12.0pt"><span style="color:blue">Phương ph&aacute;p học đọc đa cấp độ</span></span></strong><span style="font-size:13.5pt"><span style="color:#333333">: Mỗi buổi học b&eacute; được học một nội dung/ chủ đề hấp dẫn v&agrave; ph&ugrave; hợp với độ tuổi v&agrave; tr&igrave;nh độ của b&eacute;. Đ&acirc;y l&agrave; nội dung được c&aacute;c chuy&ecirc;n gia nước ngo&agrave;i v&agrave; trong nước bi&ecirc;n soạn d&agrave;nh ri&ecirc;ng cho chương tr&igrave;nh&nbsp;</span></span><strong><span style="font-size:13.5pt"><span style="color:#548dd4">Avits </span></span></strong><strong><span style="font-size:12.0pt"><span style="color:#548dd4">Smart Reading</span></span></strong>&nbsp;<span style="font-size:13.5pt"><span style="color:#333333">với c&aacute;c chủ đề rất đa dạng, với nhiều cấp độ kh&aacute;c nhau như: thế giới quanh em, kh&aacute;m ph&aacute; bản th&acirc;n, gi&aacute;o dục t&igrave;nh cảm gia đ&igrave;nh, bạn b&egrave;, gi&aacute;o dục gi&aacute; trị sống, c&aacute;c hiện tượng thi&ecirc;n nhi&ecirc;n v&agrave; c&aacute;c t&aacute;c phẩm văn học nổi tiếng cho mọi lứa tuổi,&hellip;</span></span></span></span></span></p>\r\n\r\n<p style="margin-left:0cm; margin-right:0cm; text-align:justify"><span style="font-size:11pt"><span style="background-color:white"><span style="font-family:Calibri,sans-serif"><strong><span style="font-size:13.5pt"><span style="color:#333333">Phương ph&aacute;p học đọc đa gi&aacute;c quan</span></span></strong><span style="font-size:13.5pt"><span style="color:#333333">: Với mỗi chủ đề b&eacute; đều được tiếp cận th&ocirc;ng qua c&aacute;c gi&aacute;c quan như: nghe, nh&igrave;n, sờ, tưởng tượng, đọc, nhập vai,&hellip;với c&aacute;c hoạt động phong ph&uacute; như: đố vui, đ&oacute;ng kịch, kể chuyện, xem phim, b&igrave;nh luận, thảo luận nh&oacute;m, chơi tr&ograve; chơi tương t&aacute;c, vận động cơ thể theo ng&ocirc;n ngữ, diễn đạt ng&ocirc;n ngữ bằng c&aacute;c h&agrave;nh động phi ng&ocirc;n ngữ.</span></span></span></span></span></p>\r\n\r\n<p style="margin-left:0cm; margin-right:0cm; text-align:justify"><span style="font-size:11pt"><span style="background-color:white"><span style="font-family:Calibri,sans-serif"><span style="font-size:13.5pt"><span style="color:#333333">Ph&aacute;t triển Kỹ năng tư duy: Mỗi buổi b&eacute; được giới thiệu v&agrave; r&egrave;n luyện một hoặc một số kỹ năng tư duy nhất định. Chẳng hạn như:</span></span></span></span></span></p>\r\n\r\n<p style="margin-left:0cm; margin-right:0cm; text-align:justify"><span style="font-size:11pt"><span style="background-color:white"><span style="font-family:Calibri,sans-serif"><span style="font-size:13.5pt"><span style="color:#333333">-&nbsp;&nbsp;T&oacute;m tắt th&ocirc;ng tin &ndash; dưới dạng sơ đồ tư duy</span></span></span></span></span></p>\r\n\r\n<p style="margin-left:0cm; margin-right:0cm; text-align:justify"><span style="font-size:11pt"><span style="background-color:white"><span style="font-family:Calibri,sans-serif"><span style="font-size:13.5pt"><span style="color:#333333">-&nbsp;&nbsp;Ghi nhớ v&agrave; diễn đạt</span></span></span></span></span></p>\r\n\r\n<p style="margin-left:0cm; margin-right:0cm; text-align:justify"><span style="font-size:11pt"><span style="background-color:white"><span style="font-family:Calibri,sans-serif"><span style="font-size:13.5pt"><span style="color:#333333">-&nbsp;&nbsp;Kh&aacute;i qu&aacute;t v&agrave; tổng kết</span></span></span></span></span></p>\r\n\r\n<p style="margin-left:0cm; margin-right:0cm; text-align:justify"><span style="font-size:11pt"><span style="background-color:white"><span style="font-family:Calibri,sans-serif"><span style="font-size:13.5pt"><span style="color:#333333">-&nbsp;&nbsp;Kỹ năng suy luận v&agrave; tư duy</span></span></span></span></span></p>\r\n\r\n<p style="margin-left:0cm; margin-right:0cm; text-align:justify"><span style="font-size:11pt"><span style="background-color:white"><span style="font-family:Calibri,sans-serif"><span style="font-size:13.5pt"><span style="color:#333333">-&nbsp;&nbsp;Kỹ năng ph&aacute;n đo&aacute;n</span></span></span></span></span></p>\r\n\r\n<p style="margin-left:0cm; margin-right:0cm; text-align:justify"><span style="font-size:11pt"><span style="background-color:white"><span style="font-family:Calibri,sans-serif"><span style="font-size:13.5pt"><span style="color:#333333">-&nbsp;&nbsp;Kỹ năng ph&acirc;n t&iacute;ch nh&acirc;n vật v&agrave; ph&acirc;n t&iacute;ch bối cảnh</span></span></span></span></span></p>\r\n\r\n<p style="margin-left:0cm; margin-right:0cm; text-align:justify"><span style="font-size:11pt"><span style="background-color:white"><span style="font-family:Calibri,sans-serif"><span style="font-size:13.5pt"><span style="color:#333333">-&nbsp;&nbsp;Đưa ra giải ph&aacute;p cho một vấn đề</span></span></span></span></span></p>\r\n\r\n<p style="margin-left:0cm; margin-right:0cm; text-align:justify"><span style="font-size:11pt"><span style="background-color:white"><span style="font-family:Calibri,sans-serif"><span style="font-size:13.5pt"><span style="color:#333333">-&nbsp;&nbsp;Li&ecirc;n tưởng v&agrave; &aacute;p dụng</span></span></span></span></span></p>\r\n\r\n<p style="margin-left:0cm; margin-right:0cm; text-align:justify"><span style="font-size:11pt"><span style="background-color:white"><span style="font-family:Calibri,sans-serif"><span style="font-size:13.5pt"><span style="color:#333333">-&nbsp;&nbsp;Tưởng tượng v&agrave; s&aacute;ng tạo</span></span></span></span></span></p>\r\n\r\n<p style="margin-left:0cm; margin-right:0cm; text-align:justify"><span style="font-size:11pt"><span style="background-color:white"><span style="font-family:Calibri,sans-serif">&nbsp;</span></span></span></p>\r\n\r\n<p style="margin-left:0cm; margin-right:0cm; text-align:justify"><span style="font-size:11pt"><span style="background-color:white"><span style="font-family:Calibri,sans-serif"><span style="font-size:13.5pt"><span style="color:#333333">Từ vựng: Mỗi buổi sẽ cung cấp cho b&eacute; một lượng từ vựng mới nhất định tuỳ thuộc v&agrave;o từng cấp độ, gi&uacute;p b&eacute; bổ sung vốn từ th&ecirc;m phong ph&uacute;.</span></span></span></span></span></p>\r\n\r\n<p style="margin-left:0cm; margin-right:0cm; text-align:justify"><span style="font-size:11pt"><span style="background-color:white"><span style="font-family:Calibri,sans-serif"><span style="font-size:13.5pt"><span style="color:#333333">B&aacute;o c&aacute;o h&agrave;ng ng&agrave;y: Sau từng buổi học, phụ huynh đều nhận được th&ocirc;ng tin&nbsp; về những g&igrave; m&agrave; b&eacute; được học trong buổi học đ&oacute;, c&ugrave;ng với giới &yacute; về b&agrave;i tập gi&uacute;p b&eacute; r&egrave;n luyện tại nh&agrave;.</span></span></span></span></span></p>\r\n\r\n<h2 style="margin-left:0cm; margin-right:0cm">&nbsp;</h2>\r\n\r\n<h2 style="margin-left:0cm; margin-right:0cm"><span style="font-size:18pt"><span style="background-color:white"><strong><span style="font-size:12.0pt"><span style="color:black">CHƯƠNG TR&Igrave;NH TIỀN TIỂU HỌC : (D&agrave;nh cho trẻ từ 4-6 tuổi)</span></span></strong></span></span></h2>\r\n\r\n<h2 style="margin-left:0cm; margin-right:0cm"><span style="font-size:18pt"><span style="background-color:white"><strong><span style="font-size:12.0pt"><span style="color:#333333">AVITS&nbsp;</span></span><span style="font-size:12.0pt"><span style="color:black">SMART READING - FOR PRE -SCHOOL</span></span></strong></span></span></h2>\r\n\r\n<p style="margin-left:0cm; margin-right:0cm; text-align:justify"><span style="font-size:12pt"><span style="background-color:white"><span style="color:#333333">Chương tr&igrave;nh d&agrave;nh cho c&aacute;c b&eacute; từ 4 tuổi đến 6 tuổi. Ở mỗi cấp độ sẽ c&oacute; nội dung chương tr&igrave;nh học ph&ugrave; hợp với tr&igrave;nh độ của học sinh.</span></span></span></p>\r\n\r\n<p style="margin-left:0cm; margin-right:0cm; text-align:justify"><span style="font-size:12pt"><span style="background-color:white"><span style="color:#333333">Khi ghi danh, c&aacute;c em sẽ được l&agrave;m b&agrave;i kiểm đầu v&agrave;o để đ&aacute;nh gi&aacute; tr&igrave;nh độ. Với c&aacute;c b&eacute; từ 4-6 tuổi, đội ngũ chuy&ecirc;n gia ng&ocirc;n của American Skills sẽ ph&acirc;n t&iacute;ch giọng n&oacute;i để c&oacute; biện ph&aacute;p điều chỉnh ph&aacute;t &acirc;m kịp thời cho b&eacute;.&nbsp;</span></span></span></p>\r\n\r\n<p style="margin-left:0cm; margin-right:0cm; text-align:justify"><span style="font-size:12pt"><span style="background-color:white"><span style="color:#333333">Smart Reading Skills For Pre -School với 2cấp độ&nbsp;sau:&nbsp;</span></span></span></p>\r\n\r\n<p style="margin-left:0cm; margin-right:0cm; text-align:justify"><span style="font-size:12pt"><span style="background-color:white"><strong><span style="color:#333333">Cấp độ Starter &ndash; l&agrave;m quen:</span></strong></span></span></p>\r\n\r\n<p style="margin-left:0cm; margin-right:0cm; text-align:justify"><br />\r\n<span style="font-size:12pt"><span style="background-color:white"><span style="color:#333333">L&agrave; c&aacute;c b&eacute; từ 4-5 tuổi mới l&agrave;m quen với chữ c&aacute;i, b&eacute; n&oacute;i v&agrave; biết diễn đạt bằng ng&ocirc;n ngữ ở mức trung b&igrave;nh.</span></span></span></p>\r\n\r\n<p style="margin-left:0cm; margin-right:0cm; text-align:justify"><span style="font-size:12pt"><span style="background-color:white"><span style="color:#333333">Qua chương tr&igrave;nh n&agrave;y b&eacute; sẽ được l&agrave;m quen với c&aacute;c chữ c&aacute;i, biết đọc c&aacute;c từ đơn giản c&oacute; 2 hoặc 3 &acirc;m tiết. Biết sử dụng c&aacute;c từ đ&atilde; học v&agrave;o việc đặt c&acirc;u v&agrave; sử dụng từ trong giao tiếp.</span></span></span></p>\r\n\r\n<p style="margin-left:0cm; margin-right:0cm; text-align:justify"><span style="font-size:12pt"><span style="background-color:white"><span style="color:#333333">Ngo&agrave;i ra chương tr&igrave;nh c&ograve;n gi&uacute;p luyện ph&aacute;t &acirc;m chuẩn cho b&eacute; ngay từ đầu v&agrave; bổ sung, l&agrave;m phong ph&uacute; th&ecirc;m kho vốn từ của b&eacute;. B&eacute; được mở rộng c&aacute;c kiến thức về cuộc sống xung quanh, về văn ho&aacute;, x&atilde; hội, gi&aacute; trị sống th&ocirc;ng qua c&aacute;c c&acirc;u chuyện hấp dẫn v&agrave; mang &yacute; nghĩa gi&aacute;o dục cao.</span></span></span></p>\r\n\r\n<p style="margin-left:0cm; margin-right:0cm; text-align:justify"><span style="font-size:12pt"><span style="background-color:white"><strong><span style="color:#333333">Cấp độ </span></strong><strong><span style="color:black">Kindergarten</span><strong><span style="color:#333333"> (K): &ndash; Luyện đọc v&agrave; đọc một c&aacute;ch tr&ocirc;i chảy</span></strong></strong></span></span></p>\r\n\r\n<p style="margin-left:0cm; margin-right:0cm; text-align:justify"><span style="font-size:12pt"><span style="background-color:white"><span style="color:#333333">L&agrave; c&aacute;c b&eacute; từ 5-6 tuổi, đ&atilde; trải qua kho&aacute; học Starter hoặc đ&atilde; nhớ bảng chứ c&aacute;i tiếng Việt v&agrave; biết tự đ&aacute;nh vần một số từ đơn giản. Khả năng diễn đạt bằng ng&ocirc;n ngữ của b&eacute; kh&aacute; tốt.</span></span></span></p>\r\n\r\n<p style="margin-left:0cm; margin-right:0cm; text-align:justify"><span style="font-size:12pt"><span style="background-color:white"><span style="color:#333333">Qua chương tr&igrave;nh b&eacute; được mở rộng th&ecirc;m vốn từ vựng; từ việc biết c&aacute;ch đ&aacute;nh vần b&eacute; đ&atilde; c&oacute; thể đọc trơn; b&eacute; c&oacute; thể đọc được c&aacute;c mẩu chuyện ngắn v&agrave; tự t&oacute;m tắt được cốt chuyện.</span></span></span></p>\r\n\r\n<p style="margin-left:0cm; margin-right:0cm; text-align:justify"><span style="font-size:12pt"><span style="background-color:white"><span style="color:#333333">B&eacute; sẽ được n&acirc;ng cao tr&igrave;nh độ cũng như khả năng ứng dụng ng&ocirc;n ngữ một c&aacute;ch linh hoạt v&agrave; đa dạng.</span></span></span></p>\r\n\r\n<p style="margin-left:0cm; margin-right:0cm; text-align:justify"><span style="font-size:12pt"><span style="background-color:white"><span style="color:#333333">B&ecirc;n cạnh đ&oacute; khả năng tư duy, suy luận logic, quan s&aacute;t, ph&aacute;n đo&aacute;n v&agrave; đưa ra quyết định của b&eacute; cũng được cải thiện một c&aacute;ch đ&aacute;ng kể.</span></span></span></p>\r\n\r\n<p style="margin-left:0cm; margin-right:0cm; text-align:justify"><span style="font-size:12pt"><span style="background-color:white"><span style="color:#333333">Đ&acirc;y l&agrave; tiền đề gi&uacute;p c&aacute;c b&eacute; tiếp cận được với c&aacute;c m&ocirc;n học kh&aacute;c một c&aacute;ch dễ dạng như: To&aacute;n học, kể chuyện, ca h&aacute;t, kh&aacute;m ph&aacute; khoa học th&ocirc;ng qua c&aacute;c c&acirc;u chuyện l&yacute; th&uacute;. Vốn hiểu biết về x&atilde; hội của b&eacute; c&agrave;ng được mở rộng.</span></span></span></p>\r\n\r\n<h2 style="margin-left:0cm; margin-right:0cm"><span style="font-size:18pt"><span style="background-color:white"><strong><span style="font-size:12.0pt"><span style="color:black">CHƯƠNG TR&Igrave;NH TIỂU HỌC : </span></span></strong></span></span></h2>\r\n\r\n<h2 style="margin-left:0cm; margin-right:0cm"><span style="font-size:18pt"><span style="background-color:white"><strong><span style="font-size:12.0pt"><span style="color:#333333">AVITS&nbsp;</span></span><span style="font-size:12.0pt"><span style="color:black">SMART READING &nbsp;</span></span><span style="font-size:11.0pt"><span style="color:black">- FOR PRIMARY SCHOOL :</span></span></strong></span></span></h2>\r\n\r\n<p style="margin-left:36pt; margin-right:0cm"><span style="font-size:12pt"><span style="font-family:Calibri,sans-serif"><strong>Cấp độ </strong><strong><span style="color:black">Starter School (SC) </span></strong><strong>- Kho&aacute; học đặc biệt</strong></span></span></p>\r\n\r\n<p style="margin-left:36pt; margin-right:0cm">&nbsp;</p>\r\n\r\n<p style="margin-left:36pt; margin-right:0cm"><span style="font-size:12pt"><span style="font-family:Calibri,sans-serif">D&agrave;nh cho c&aacute;c b&eacute; từ 6-8 tuổi đ&atilde; biết đọc v&agrave; viết nhưng gặp kh&oacute; khăn về ng&ocirc;n ngữ, diễn đạt, ghi nhớ,&hellip;</span></span></p>\r\n\r\n<p style="margin-left:36pt; margin-right:0cm"><span style="font-size:12pt"><span style="font-family:Calibri,sans-serif">Chương tr&igrave;nh sẽ gi&uacute;p b&eacute; củng cố lại c&aacute;c kiến thức cơ bản về đọc như: cấu tạo từ, cấu tạo c&acirc;u, đoạn văn,&hellip;</span></span></p>\r\n\r\n<p style="margin-left:36pt; margin-right:0cm"><span style="font-size:12pt"><span style="font-family:Calibri,sans-serif">Gi&uacute;p b&eacute; biết &aacute;p dụng tư duy s&aacute;ng tạo v&agrave;o việc đọc v&agrave; ph&aacute; vỡ mọi trở ngại trước đ&acirc;y của b&eacute; về vấn đề ng&ocirc;n ngữ v&agrave; diễn đạt ng&ocirc;n ngữ.</span></span></p>\r\n\r\n<p style="margin-left:0cm; margin-right:0cm; text-align:justify"><span style="font-size:11pt"><span style="background-color:white"><span style="font-family:Calibri,sans-serif">Gi&uacute;p b&eacute; th&ecirc;m tự tin trong cuộc sống v&agrave; tiến bộ trong học tập cũng như th&agrave;nh c&ocirc;ng trong tương lai</span></span></span></p>\r\n\r\n<p style="margin-left:0cm; margin-right:0cm; text-align:justify">&nbsp;</p>\r\n\r\n<p style="margin-left:0cm; margin-right:0cm"><span style="font-size:11pt"><span style="font-family:Calibri,sans-serif"><strong>Chương tr&igrave;nh n&acirc;ng cao gồm c&aacute;c cấp độ:</strong></span></span></p>\r\n\r\n<p style="margin-left:0cm; margin-right:0cm"><span style="font-size:11pt"><span style="font-family:Calibri,sans-serif"><strong>Level 1 &ndash; Level 2 &ndash; Level 3 &ndash; Level 4 &ndash; Level 5</strong></span></span></p>\r\n\r\n<p style="margin-left:36pt; margin-right:0cm"><span style="font-size:12pt"><span style="font-family:Calibri,sans-serif">B&eacute; đ&atilde; chuyển từ giai đoạn học đọc sang giai đọan biết sử dụng ng&ocirc;n ngữ như một c&ocirc;ng cụ diễn đạt v&agrave; t&igrave;m kiếm th&ocirc;ng tin.</span></span></p>\r\n\r\n<p style="margin-left:36pt; margin-right:0cm"><span style="font-size:12pt"><span style="font-family:Calibri,sans-serif">Ở c&aacute;c cấp độ n&agrave;y c&aacute;c em sẽ được hướng dẫn c&aacute;ch vận dụng tư duy tổng hợp để nắm bắt, ph&acirc;n t&iacute;ch v&agrave; giải quyết c&aacute;c vấn đề ng&ocirc;n ngữ. </span></span></p>\r\n\r\n<p style="margin-left:0cm; margin-right:0cm; text-align:justify"><span style="font-size:11pt"><span style="background-color:white"><span style="font-family:Calibri,sans-serif">Th&ocirc;ng qua học đọc b&eacute; biết &aacute;p dụng ng&ocirc;n ngữ v&agrave;o c&aacute;c ngữ cảnh kh&aacute;c nhau một c&aacute;ch c&oacute; chủ đ&iacute;ch v&agrave; mang lại hiệu quả cao.</span></span></span></p>\r\n\r\n<p style="margin-left:0cm; margin-right:0cm; text-align:justify"><span style="font-size:11pt"><span style="background-color:white"><span style="font-family:Calibri,sans-serif">Chương tr&igrave;nh c&oacute; phối kết hợp SKG của Bộ gi&aacute;o dục đ&agrave;o tạo Việt nam.</span></span></span></p>\r\n', 'image-4-770x550.jpg', 0, 0, '', '2018-03-30 10:03:42', '2018-09-08 08:09:24', 1, '', '', '', '', '', 'AVITS SMART READING (ĐỌC THÔNG MINH)', '', 'avits-smart-reading-doc-thong-minh', '', 1);
INSERT INTO `news` (`news_id`, `news_name`, `news_des`, `news_content`, `news_img`, `news_views`, `newscat_id`, `news_author`, `news_created_date`, `news_update_date`, `state`, `news_sub_info1`, `news_sub_info2`, `news_sub_info3`, `news_sub_info4`, `news_sub_info5`, `title_seo`, `des_seo`, `friendly_url`, `keyword`, `created_id`) VALUES
(104, 'AVITS SOCIAL SKILLS', 'RÈN LUYỆN KỸ NĂNG XÃ HỘI GIÚP BÉ HOÀN THIỆN BẢN THÂN, TỰ TIN VÀ THÀNH CÔNG( Dành cho bé từ 4-12 tuổi)', '<p style="margin-left:0cm; margin-right:0cm"><span style="font-size:12pt"><span style="font-family:Calibri,sans-serif">Chương tr&igrave;nh <strong><span style="color:#548dd4">Avits Socail Skills</span></strong> của American Skills l&agrave; <strong><em>Chương tr&igrave;nh đ&agrave;o tạo kỹ năng x&atilde; hội</em></strong> d&agrave;i hạn đầu ti&ecirc;n tại Việt Nam d&agrave;nh cho c&aacute;c b&eacute; Mầm Non v&agrave; Tiểu học.&nbsp; Với gi&aacute;o tr&igrave;nh được đ&aacute;nh gi&aacute; l&agrave; Gi&aacute;o tr&igrave;nh Đ&agrave;o tạo kỹ năng x&atilde; hội ti&ecirc;n tiến nhất của Mỹ v&agrave; đ&atilde; được c&aacute;c chuy&ecirc;n gia về t&acirc;m l&yacute; học trẻ em của Việt Nam điều chỉnh cho ph&ugrave; hợp với trẻ em Việt Nam. American Skills mong muốn <strong><span style="color:#548dd4">Avits Socail Skills</span></strong> sẽ l&agrave; nền m&oacute;ng vững chắc cho c&aacute;c em x&acirc;y dựng ng&ocirc;i nh&agrave; tương lai của m&igrave;nh.</span></span></p>\r\n\r\n<p style="margin-left:0cm; margin-right:0cm">&nbsp;</p>\r\n\r\n<p style="margin-left:0cm; margin-right:0cm"><span style="font-size:12pt"><span style="font-family:Calibri,sans-serif"><strong>TẦM QUAN TRỌNG CỦA KỸ NĂNG X&Atilde; HỘI ĐỐI VỚI TRẺ:</strong></span></span></p>\r\n\r\n<p style="margin-left:0cm; margin-right:0cm">&nbsp;</p>\r\n\r\n<p style="margin-left:0cm; margin-right:0cm; text-align:justify"><span style="font-size:12pt"><span style="font-family:Calibri,sans-serif"><span style="color:#3b3b3b">L&agrave; những bậc l&agrave;m cha l&agrave;m mẹ, ai cũng mong mỏi con c&aacute;i m&igrave;nh sẽ được ph&aacute;t triển thật c&acirc;n bằng, h&agrave;i h&ograve;a cả về kiến thức văn ho&aacute; lần x&atilde; hội. Những tưởng khi kinh tế ph&aacute;t triển hơn, x&atilde; hội dư thừa vật chất hơn th&igrave; kh&ocirc;ng kh&oacute; để đạt được điều đ&oacute;; nhưng thực tế lại như đang chứng minh điều ngược lại.</span></span></span></p>\r\n\r\n<p style="margin-left:0cm; margin-right:0cm; text-align:justify"><span style="font-size:12pt"><span style="font-family:Calibri,sans-serif"><span style="color:#3b3b3b">&Aacute;p lực học tập ng&agrave;y c&agrave;ng căng thẳng khiến c&aacute;c em phải d&agrave;nh phần lớn tuổi thơ để vật lộn c&ugrave;ng b&agrave;i vở m&agrave; &iacute;t c&oacute; thời gian để kh&aacute;m ph&aacute; bản th&acirc;n, kh&aacute;m ph&aacute; thế giới xung quanh v&agrave; trải nghiệm cuộc sống như đ&uacute;ng nghĩa của n&oacute;. Trong khi đ&oacute;, nhiều bậc cha mẹ chỉ c&oacute; thể lo cho con được đủ đầy về c&aacute;i ăn c&aacute;i mặc, c&ograve;n những g&igrave; quan trọng hơn như tr&iacute; tuệ, t&acirc;m hồn, t&igrave;nh cảm, kỹ năng x&atilde; hội,&hellip; th&igrave; dẫu rất muốn cũng kh&oacute; l&ograve;ng chăm ch&uacute;t nổi. V&agrave; rồi, kh&ocirc;ng &iacute;t c&aacute;c em lớn l&ecirc;n trong trạng th&aacute;i &ldquo;đỏ vỏ xanh l&ograve;ng&rdquo;: năng lực tr&iacute; tuệ chưa chắc tương đồng với kết quả học tập ở trường; sự th&agrave;nh c&ocirc;ng ở trường lớp chưa chắc đảm bảo cho sự th&agrave;nh c&ocirc;ng khi ra ngo&agrave;i x&atilde; hội; v&agrave; sự th&ocirc;ng minh về tr&iacute; tuệ chưa chắc tương đồng với sự nhạy b&eacute;n về cảm x&uacute;c, t&acirc;m hồn&hellip;</span></span></span></p>\r\n\r\n<p style="margin-left:0cm; margin-right:0cm; text-align:justify"><span style="font-size:12pt"><span style="font-family:Calibri,sans-serif"><span style="color:#3b3b3b">V&igrave; vậy, American Skills đ&atilde; ph&aacute;t triển chương tr&igrave;nh Social Skills nhằm mang đến cho trẻ em sự ph&aacute;t triển to&agrave;n diễn kể cả về thể chất v&agrave; t&acirc;m hồn, cả về kiến thức văn ho&aacute; lẫn x&atilde; hội.</span></span></span></p>\r\n\r\n<p style="margin-left:0cm; margin-right:0cm; text-align:justify">&nbsp;</p>\r\n\r\n<p style="margin-left:0cm; margin-right:0cm"><span style="font-size:12pt"><span style="font-family:Calibri,sans-serif"><strong>NHỮNG LỢI &Iacute;CH B&Eacute; ĐẠT ĐƯỢC SAU KHO&Aacute; HỌC/ MỤC TI&Ecirc;U CỦA CHƯƠNG TR&Igrave;NH:</strong></span></span></p>\r\n\r\n<p style="margin-left:0cm; margin-right:0cm"><span style="font-size:12pt"><span style="font-family:Calibri,sans-serif">- L&agrave;m thế n&agrave;o để trẻ c&oacute; thể t&igrave;m được chỗ đứng cho m&igrave;nh ở tr&ecirc;n lớp cũng như ở ngo&agrave;i x&atilde; hội: khi trẻ bị tẩy chay, hay bị c&ocirc; lập,&hellip;</span></span></p>\r\n\r\n<p style="margin-left:0cm; margin-right:0cm"><span style="font-size:12pt"><span style="font-family:Calibri,sans-serif">- Cải thiệt những th&oacute;i quen xấu, gi&uacute;p trẻ biết c&aacute;ch cư xử đ&uacute;ng mực với bạn b&egrave;, thầy c&ocirc; v&agrave; những người xung quanh: th&ocirc; lỗ, v&ocirc; lễ, ki&ecirc;u ngạo, kh&ocirc;ng l&agrave;m những h&agrave;nh động kỳ quặc, ngốc nghếch, kh&ocirc;ng ph&ugrave; hợp,&hellip;</span></span></p>\r\n\r\n<p style="margin-left:0cm; margin-right:0cm"><span style="font-size:12pt"><span style="font-family:Calibri,sans-serif">- Biết t&igrave;m tới sự trợ gi&uacute;p của bạn b&egrave;, thầy c&ocirc;, v&agrave; những người xung quanh khi cần.</span></span></p>\r\n\r\n<p style="margin-left:0cm; margin-right:0cm"><span style="font-size:12pt"><span style="font-family:Calibri,sans-serif">- X&acirc;y dựng t&igrave;nh cảm bạn b&egrave;, người th&acirc;n: biết chia sẻ, cảm th&ocirc;ng, nhận lỗi v&agrave; tha lỗi cho người kh&aacute;c, gi&uacute;p đỡ người kh&aacute;c, động vi&ecirc;n v&agrave; hỗ trợ kịp thời khi bạn cần,&hellip;</span></span></p>\r\n\r\n<p style="margin-left:0cm; margin-right:0cm"><span style="font-size:12pt"><span style="font-family:Calibri,sans-serif">- Gi&uacute;p c&aacute;c em c&oacute; c&aacute;ch ứng xử b&igrave;nh tĩnh, nh&atilde; nhặn trong những t&igrave;nh hu&ocirc;́ng kh&oacute; chịu. (Chẳng hạn như bị bạn tr&ecirc;u chọc, cảm th&acirc;́y c&ocirc; đơn khi b&ocirc;́ mẹ sinh em b&eacute;, sợ h&atilde;i khi phải đi học...).</span></span></p>\r\n\r\n<p style="margin-left:0cm; margin-right:0cm"><span style="font-size:12pt"><span style="font-family:Calibri,sans-serif">- Gi&uacute;p c&aacute;c em trở th&agrave;nh người nhạy b&eacute;n, giao ti&ecirc;́p t&ocirc;́t, bi&ecirc;́t quan t&acirc;m, bi&ecirc;́t sẻ chia. Hiểu được cảm x&uacute;c của m&igrave;nh v&agrave; đọc được cảm x&uacute;c của người kh&aacute;c.</span></span></p>\r\n\r\n<p style="margin-left:0cm; margin-right:0cm"><span style="font-size:12pt"><span style="font-family:Calibri,sans-serif">- Gi&uacute;p c&aacute;c em vượt qua được những thời khắc kh&oacute; khăn m&agrave; c&aacute;c em gặp phải như: lỗi thất vọng, sự mất m&aacute;t, cạnh tranh với bạn b&egrave;, kh&aacute;t khao chiến thắng,&hellip;</span></span></p>\r\n\r\n<p style="margin-left:0cm; margin-right:0cm"><span style="font-size:12pt"><span style="font-family:Calibri,sans-serif">- Gi&uacute;p c&aacute;c em h&ograve;a nhập v&agrave;o một m&ocirc;i trường mới một c&aacute;ch tự tin, h&ograve;a đ&ocirc;̀ng. </span></span></p>\r\n\r\n<p style="margin-left:0cm; margin-right:0cm"><span style="font-size:12pt"><span style="font-family:Calibri,sans-serif">- Gi&uacute;p c&aacute;c em học tập t&ocirc;́t hơn v&agrave; h&ograve;a nhập với bạn b&egrave; t&ocirc;́t hơn khi ở trường, x&acirc;y dựng được mối quan hệ tốt với người th&acirc;n v&agrave; th&agrave;nh c&ocirc;ng hơn trong cuộc sống sau n&agrave;y.</span></span></p>\r\n\r\n<p style="margin-left:0cm; margin-right:0cm">&nbsp;</p>\r\n\r\n<p style="margin-left:0cm; margin-right:0cm">&nbsp;</p>\r\n\r\n<p style="margin-left:0cm; margin-right:0cm"><span style="font-size:12pt"><span style="font-family:Calibri,sans-serif">NỘI DUNG CHƯƠNG TR&Igrave;NH:</span></span></p>\r\n\r\n<p style="margin-left:0cm; margin-right:0cm">&nbsp;</p>\r\n\r\n<p style="margin-left:0cm; margin-right:0cm"><span style="font-size:12pt"><span style="font-family:Calibri,sans-serif">Qua những nghi&ecirc;n cứu, c&aacute;c chuy&ecirc;n gia cho rằng bắt đầu từ nhỏ, khi bộ n&atilde;o vẫn c&ograve;n đang trong giai đoạn h&igrave;nh th&agrave;nh, lu&ocirc;n l&agrave; thời điểm tốt nhất để dạy c&aacute;c kỹ năng x&atilde; hội, h&agrave;nh vi v&agrave; cảm x&uacute;c mới cho trẻ. Bắt đầu tại thời điểm n&agrave;y th&igrave; khả năng th&agrave;nh c&ocirc;ng sẽ cao hơn gấp nhiều lần so với c&aacute;c thời kỳ sau đ&oacute;. Độ tuổi 0-6 tuổi được xem l&agrave; thời điểm v&agrave;ng cho sự tạo dựng v&agrave; ph&aacute;t triển kỹ năng x&atilde; hội cần thiết cho trẻ.</span></span></p>\r\n\r\n<p style="margin-left:0cm; margin-right:0cm">&nbsp;</p>\r\n\r\n<p style="margin-left:0cm; margin-right:0cm"><span style="font-size:12pt"><span style="font-family:Calibri,sans-serif">Khi c&aacute;c em bắt đầu bước v&agrave;o Tiểu học, như mở ra cho c&aacute;c em m&ocirc;t thế giơi mới rộng lớn v&agrave; nhiều thử th&aacute;ch hơn. Đ&acirc;y l&agrave; thời gian để b&eacute; tạo dựng mối quan hệ bạn b&egrave; thực sự v&agrave; l&agrave; m&ocirc;i trường để trẻ t&igrave;m thấy &ldquo; Người bạn tốt nhất&rdquo; v&agrave; một nh&oacute;m bạn &ldquo; đồng đẳng đồng t&iacute;nh&rdquo; m&agrave; sẽ đi một chặng đường d&agrave;i hướng tới việc th&uacute;c đẩy qu&aacute; tr&igrave;nh h&igrave;nh th&agrave;nh t&iacute;nh c&aacute;ch ri&ecirc;ng của trẻ. Nếu tạo dựng được mối quan hệ bạn b&egrave; tốt ở trường sẽ g&oacute;p phần gi&uacute;p b&eacute; gặt h&aacute;i được nhiều th&agrave;nh c&ocirc;ng tại m&ocirc;i trường mới n&agrave;y.</span></span></p>\r\n\r\n<p style="margin-left:0cm; margin-right:0cm">&nbsp;</p>\r\n\r\n<p style="margin-left:0cm; margin-right:0cm"><span style="font-size:12pt"><span style="font-family:Calibri,sans-serif">American Skills đ&atilde; x&acirc;y dựng hai chương tr&igrave;nh d&agrave;nh ri&ecirc;ng cho học sinh Mầm non v&agrave; Tiều học với c&aacute;c chủ đề sau:</span></span></p>\r\n\r\n<ol>\r\n	<li><span style="font-size:12pt"><span style="font-family:Calibri,sans-serif">Small Steps, Bigs Skills: L&agrave; chương tr&igrave;nh gi&uacute;p b&eacute; tự ho&agrave;n thiện bản th&acirc;n, biết tự chủ trong mọi t&igrave;nh huống v&agrave; sống tự lập. Gồm c&aacute;c chủ đề nhỏ:</span></span></li>\r\n</ol>\r\n\r\n<ul>\r\n	<li><span style="font-size:12pt"><span style="font-family:Calibri,sans-serif">Helping in the Kitchen: rửa tay, l&agrave;m b&aacute;nh, dọn b&agrave;n, pha tr&agrave;, r&oacute;t nước, l&agrave;m nước hoa quả,&hellip;</span></span></li>\r\n	<li><span style="font-size:12pt"><span style="font-family:Calibri,sans-serif">Getting Ready for the Day: Chuẩn bị t&uacute;i s&aacute;ch đi học, mang giầy, mở cửa, mang thắt lưng,&hellip;</span></span></li>\r\n	<li><span style="font-size:12pt"><span style="font-family:Calibri,sans-serif">My Clean Room: chuẩn bị v&agrave; dọn dẹp giường ngủ, dọn ph&ograve;ng, m&oacute;c quần &aacute;o, gập quần &aacute;o,&hellip;</span></span></li>\r\n	<li><span style="font-size:12pt"><span style="font-family:Calibri,sans-serif">Helping at public place: rửa tay, bưng khay, rửa khay, xếp h&agrave;ng,&hellip;</span></span></li>\r\n	<li><span style="font-size:12pt"><span style="font-family:Calibri,sans-serif">Time to Relax: tắt bật Tivi, trồng c&acirc;y, chăm s&oacute;c c&acirc;y cảnh, thư cưng,&hellip;</span></span></li>\r\n</ul>\r\n\r\n<ol start="2">\r\n	<li><span style="font-size:12pt"><span style="font-family:Calibri,sans-serif">Social Skill Development: - nh&oacute;m kỹ năng ph&aacute;t triển kỹ năng x&atilde; hội</span></span></li>\r\n</ol>\r\n\r\n<ul>\r\n	<li><span style="font-size:12pt"><span style="font-family:Calibri,sans-serif">Frienship- Thiết lập t&igrave;nh bạn</span></span></li>\r\n</ul>\r\n\r\n<p style="margin-left:36pt; margin-right:0cm"><span style="font-size:12pt"><span style="font-family:Calibri,sans-serif">T&igrave;nh bạn l&agrave; điều v&ocirc; c&ugrave;ng quan trọng v&agrave; thi&ecirc;ng li&ecirc;ng đối với tuổi thơ của mỗi người. L&agrave;m thế n&agrave;o để nhận ra một người bạn tốt v&agrave; l&agrave;m g&igrave; để trở th&agrave;nh một người bạn tốt lu&ocirc;n l&agrave; vấn đề m&agrave; trẻ gặp phải. Kh&ocirc;ng chỉ trẻ m&agrave; cả phụ huynh cũng mong muốn con c&oacute; &iacute;t nhất l&agrave; một người bạn tốt. Người bạn tốt c&oacute; những ảnh hưởng rất lớn đến trẻ v&agrave; thậm tr&iacute; c&oacute; ảnh hưởng lớn hơn cả bố mẹ của trẻ.</span></span></p>\r\n\r\n<ul>\r\n	<li><span style="font-size:12pt"><span style="font-family:Calibri,sans-serif">Meeting people and making a Conversation- Gặp gỡ mọi người v&agrave; tiến h&agrave;nh một cuộc hội thoại:</span></span></li>\r\n</ul>\r\n\r\n<p style="margin-left:36pt; margin-right:0cm"><span style="font-size:12pt"><span style="font-family:Calibri,sans-serif">Tiến h&agrave;nh một cuộc tr&ograve; chuyện giống như một điệu nhảy, đ&ograve;i hỏi một sự nhạy b&eacute;n về thời điểm v&agrave; khả năng dẫn dắt cũng như l&agrave;m theo. Nhiều trẻ em gặp kh&oacute; khăn trong&nbsp; giao tiếp v&agrave; thực hiện c&aacute;c cuộc hội thoại,. Ch&uacute;ng kh&ocirc;ng biết diễn đạt &yacute; của m&igrave;nh bằng lời v&agrave; điều n&agrave;y l&agrave;m ch&uacute;ng ngại giao tiếp hoặc xa l&aacute;nh mọi người xung quanh. Đỉnh điểm của sự ngại giao tiếp l&agrave; biểu hiện của bệnh tự kỷ.</span></span></p>\r\n\r\n<p style="margin-left:0cm; margin-right:0cm">&nbsp;</p>\r\n\r\n<ul>\r\n	<li><span style="font-size:12pt"><span style="font-family:Calibri,sans-serif">Thanks - Cảm ơn</span></span></li>\r\n</ul>\r\n\r\n<p style="margin-left:36pt; margin-right:0cm"><span style="font-size:12pt"><span style="font-family:Calibri,sans-serif">Cảm ơn một c&aacute;ch ch&acirc;n th&agrave;nh v&agrave; đ&uacute;ng l&uacute;c l&agrave; một kỹ năng x&atilde; hội quan trong trong suốt cuộc đời của mỗi con người. Cuộc sống sẽ tươi đẹp hơn nếu ta biết tr&acirc;n trọng n&oacute;. Cảm ơn cũng l&agrave; c&aacute;ch thể hiện rằng ta đang tr&acirc;n trọng những điều ch&uacute;ng ta đang c&oacute;.</span></span></p>\r\n\r\n<ul>\r\n	<li><span style="font-size:12pt"><span style="font-family:Calibri,sans-serif">Apologizing- Xin lỗi</span></span></li>\r\n</ul>\r\n\r\n<p style="margin-left:36pt; margin-right:0cm"><span style="font-size:12pt"><span style="font-family:Calibri,sans-serif">Ch&uacute;ng ta kh&ocirc;ng phải l&agrave; những người ho&agrave;n hảo. Cũng c&oacute; khi ch&uacute;ng ta mắc một lỗi g&igrave; đ&oacute;. Điều quan trong l&agrave; ta nhận ra được sai lầm v&agrave; t&igrave;m c&aacute;ch sửa chữa những sai lầm đ&oacute;. Xin lỗi cũng l&agrave; c&aacute;ch để trẻ thiết lập c&aacute;c mối quan hệ bền chặt. Nếu trẻ kh&ocirc;ng được học kỹ năng n&agrave;y từ nhỏ, c&oacute; thể sẽ l&agrave;m cho trẻ gặp kh&oacute; khăn trong nhiều mối quan hệ sau n&agrave;y.</span></span></p>\r\n\r\n<ul>\r\n	<li><span style="font-size:12pt"><span style="font-family:Calibri,sans-serif">Group Skills and Sportmanship- Kỹ năng hoạt động nh&oacute;m v&agrave; tinh thần đồng đội</span></span></li>\r\n</ul>\r\n\r\n<p style="margin-left:36pt; margin-right:0cm"><span style="font-size:12pt"><span style="font-family:Calibri,sans-serif">Đ&acirc;y l&agrave; nh&oacute;m kỹ năng đ&ograve;i hỏi sự kết hợp của rất nhiều kỹ năng kh&aacute;c nhau. Th&ocirc;ng qua chủ đề n&agrave;y trẻ gi&uacute;p trẻ hiểu được gi&aacute; trị của bản th&acirc;n v&agrave; sức mạnh của tập thể. Điều n&agrave;y hết sức quan trọng trong c&ocirc;ng việc sau n&agrave;y của trẻ.</span></span></p>\r\n\r\n<ul>\r\n	<li><span style="font-size:12pt"><span style="font-family:Calibri,sans-serif">Using Nice Word, Showing Respect, Being Honest- Sử dụng lời hay &yacute; đẹp, t&ocirc;n trọng v&agrave; th&acirc;n thiện với mọi người.</span></span></li>\r\n</ul>\r\n\r\n<p style="margin-left:36pt; margin-right:0cm"><span style="font-size:12pt"><span style="font-family:Calibri,sans-serif">Đ&acirc;y l&agrave; những kỹ năng cần thiết gi&uacute;p trẻ tạo dựng được mối quan hệ x&atilde; hội tốt v&agrave; th&agrave;nh c&ocirc;ng trong c&aacute;c mội quan hệ x&atilde; hội.</span></span></p>\r\n\r\n<ul>\r\n	<li><span style="font-size:12pt"><span style="font-family:Calibri,sans-serif">Self Worth and Confidance ( Everyones is Differnents) - Hiểu gi&aacute; trị của bản th&acirc;n v&agrave; sự tự tin về bản th&acirc;n</span></span></li>\r\n</ul>\r\n\r\n<p style="margin-left:36pt; margin-right:0cm"><span style="font-size:12pt"><span style="font-family:Calibri,sans-serif">Trẻ nhỏ phải t&ocirc;n trọng bản th&acirc;n m&igrave;nh trước khi c&aacute;c em tiếp x&uacute;c với những người kh&aacute;c, gặp gỡ những người lạ v&agrave; những t&igrave;nh huống mới. Trẻ hiểu được gi&aacute; trị v&agrave; tự tin về bản th&acirc;n sẽ dễ d&agrave;ng hơn khi thiết lập mối quan hệ bạn b&egrave;, xử l&yacute; c&aacute;c xung đột, đối ph&oacute; tốt với c&aacute;c t&igrave;nh huống ti&ecirc;u cực.</span></span></p>\r\n\r\n<ul>\r\n	<li><span style="font-size:12pt"><span style="font-family:Calibri,sans-serif">Cooperation and Conprimise ( Working Together)- Hợp t&aacute;c v&agrave; thoả hiệp</span></span></li>\r\n</ul>\r\n\r\n<p style="margin-left:36pt; margin-right:0cm"><span style="font-size:12pt"><span style="font-family:Calibri,sans-serif">Hợp t&aacute;c li&ecirc;n quan đến việc lắng nghe người kh&aacute;c đang n&oacute;i, hiểu được lợi &iacute;ch của việc chia sẻ v&agrave; t&ocirc;n trọng sự lu&acirc;n phi&ecirc;n. Trong nhiều t&igrave;nh huống, để hợp t&aacute;c tốt với nhau trong nh&oacute;m đồng nghĩa với việc đi đến một sự thoả hiệp. Điều n&agrave;y thực sự quan trong trong khi trẻ sống trong m&ocirc;i trường tập thể v&agrave; c&aacute;c c&aacute; nh&acirc;n c&oacute; sự t&aacute;c động qua lại lẫn nhau. Bản th&acirc;n trẻ kh&ocirc;ng tự c&oacute; kỹ năng n&agrave;y m&agrave; kỹ năng n&agrave;y được h&igrave;nh th&agrave;nh trong qu&aacute; tr&igrave;nh trẻ tương t&aacute;c với x&atilde; hội.</span></span></p>\r\n\r\n<ul>\r\n	<li><span style="font-size:12pt"><span style="font-family:Calibri,sans-serif">Personal Space- Kh&ocirc;ng gian c&aacute; nh&acirc;n</span></span></li>\r\n</ul>\r\n\r\n<p style="margin-left:36pt; margin-right:0cm"><span style="font-size:12pt"><span style="font-family:Calibri,sans-serif">Bản th&acirc;n trẻ kh&ocirc;ng tự &yacute; thực được kh&ocirc;ng gian c&aacute; nh&acirc;n của m&igrave;nh. Điều n&agrave;y dẫn đến những sự việc rất đau l&ograve;ng l&agrave; ng&agrave;y c&agrave;ng c&oacute; nhiều trẻ em bị lạm dụng t&igrave;nh dục hoặc hiếp d&acirc;m. Đ&ocirc;i khi ch&uacute;ng ta thường bỏ qua việc n&agrave;y một c&aacute;ch v&ocirc; &yacute;. Trẻ em cần được gi&aacute;o dục sớm về điều n&agrave;y để trẻ biết được khoảng c&aacute;ch an to&agrave;n với người xung quanh để trẻ kh&ocirc;ng bị lợi dụng một c&aacute;ch qu&aacute; đ&aacute;ng.</span></span></p>\r\n\r\n<ul>\r\n	<li><span style="font-size:12pt"><span style="font-family:Calibri,sans-serif"><a href="http://socialskillscentral.com/social-skills-for-preschoolers/compassion-and-caring-pre-school/">Compassion, Caring</a> and sharing:</span></span></li>\r\n</ul>\r\n\r\n<p style="margin-left:36pt; margin-right:0cm"><span style="font-size:12pt"><span style="font-family:Calibri,sans-serif">Trẻ em vốn l&agrave; ngọn nguồn của sự tốt bụng, chu đ&aacute;o v&agrave; chia sẻ với người kh&aacute;c. Nhưng sự tốt bụng v&agrave; đồng cảm sẽ mất dần nếu ch&uacute;ng ta kh&ocirc;ng biết nu&ocirc;i dưỡng n&oacute;. Trẻ c&agrave;ng lớn th&igrave; c&aacute;i t&ocirc;i c&agrave;ng lớn v&agrave; &yacute; thức về lợi &iacute;ch c&aacute; nh&acirc;n c&agrave;ng cao. Ch&uacute;ng ta cần gi&uacute;p trẻ biết c&acirc;n bằng v&agrave; ph&acirc;n biệt giữa c&aacute;i t&ocirc;i c&aacute; nh&acirc;n v&agrave; t&igrave;nh y&ecirc;u thương v&agrave; chu đ&aacute;o với mọi người. Điều n&agrave;y thực sự cần thiết gi&uacute;p h&igrave;nh th&agrave;nh nh&acirc;n c&aacute;ch của trẻ. Khi c&oacute; t&igrave;nh y&ecirc;u thương v&agrave; sự đồng cảm với mọi người th&igrave; việc chia sẻ với người kh&aacute;c sẽ dẽ d&agrave;ng thực hiện hơn.</span></span></p>\r\n\r\n<p style="margin-left:36pt; margin-right:0cm">&nbsp;</p>\r\n\r\n<p style="margin-left:36pt; margin-right:0cm"><span style="font-size:12pt"><span style="font-family:Calibri,sans-serif">3. Fellings- Cảm x&uacute;c- ph&aacute;t triển tr&iacute; th&ocirc;ng minh về cảm x&uacute;c</span></span></p>\r\n\r\n<ul>\r\n	<li><span style="font-size:12pt"><span style="font-family:Calibri,sans-serif">Feelings and Thinking Positively- cảm x&uacute;c v&agrave; những suy nghĩ t&iacute;ch cực.</span></span></li>\r\n</ul>\r\n\r\n<p style="margin-left:36pt; margin-right:0cm"><span style="font-size:12pt"><span style="font-family:Calibri,sans-serif">Nhạy cảm l&agrave; một điều ho&agrave;n to&agrave;n tốt v&agrave; l&agrave; bản năng thi&ecirc;n ph&uacute;. Tuy nhi&ecirc;n trẻ em cần được thấy tầm quan trọng của những suy nghĩ t&iacute;ch cực v&agrave; tại sao cần phải suy nghĩ t&iacute;ch cực. Điều n&agrave;y ảnh hưởng rất lớn đến những quyết định v&agrave; h&agrave;nh động của trẻ với x&atilde; hội.</span></span></p>\r\n\r\n<p style="margin-left:0cm; margin-right:0cm">&nbsp;</p>\r\n\r\n<ul>\r\n	<li><span style="font-size:12pt"><span style="font-family:Calibri,sans-serif">Dealing with Disappointment, Competition,Winning and Losing</span></span></li>\r\n</ul>\r\n\r\n<p style="margin-left:36pt; margin-right:0cm"><span style="font-size:12pt"><span style="font-family:Calibri,sans-serif">Bất cứ ở đ&acirc;u cũng tồn tại sự cạnh tranh, chiến thắng, sự mất m&aacute;t v&agrave; lỗi thất vọng. Đ&oacute; l&agrave; sự phong ph&uacute; v&agrave; đa dạng của x&atilde; hội. Trẻ em thường gặp kh&oacute; khăn với cạnh tranh, chiến thắng, mất m&aacute;t v&agrave; thất vọng. Vậy l&agrave;m thế n&agrave;o để trẻ tự tin vượt qua được tất cả điều n&agrave;y?</span></span></p>\r\n\r\n<p style="margin-left:0cm; margin-right:0cm">&nbsp;</p>\r\n\r\n<ul>\r\n	<li><span style="font-size:12pt"><span style="font-family:Calibri,sans-serif">Anxiety and Shyness- Lo lắng v&agrave; nh&uacute;t nh&aacute;t</span></span></li>\r\n</ul>\r\n\r\n<p style="margin-left:36pt; margin-right:0cm"><span style="font-size:12pt"><span style="font-family:Calibri,sans-serif">Lo lắng l&agrave; vấn đề m&agrave; hầu hết c&aacute;c trẻ em đều gặp phải. Nh&uacute;t nh&aacute;t l&agrave; biểu hiện của sự lo lắng ở trẻ. C&aacute;c nh&agrave; t&acirc;m l&yacute; học cho rằng những trẻ em hay lo lắng khi giao tiếp x&atilde; hội thường c&oacute; xu hướng gặp vấn đề khi ch&uacute;ng lớn l&ecirc;n. Điều n&agrave;y c&oacute; thể l&agrave;m cho cuộc sống của trẻ hết sức kh&oacute; khăn. L&agrave;m thế n&agrave;o để trẻ vượt qua được sự lo lắng v&agrave; thấy tự tin trong giao tiếp?</span></span></p>\r\n\r\n<ul>\r\n	<li><span style="font-size:12pt"><span style="font-family:Calibri,sans-serif">Felling Angry- Tức giận</span></span></li>\r\n</ul>\r\n\r\n<p style="margin-left:36pt; margin-right:0cm"><span style="font-size:12pt"><span style="font-family:Calibri,sans-serif">Khi trẻ tức giận trẻ phải l&agrave;m thế n&agrave;o để k&igrave;m chế c&aacute;c cơn tức giận của m&igrave;nh một c&aacute;ch hợp l&yacute; v&agrave; kh&ocirc;n kh&eacute;o. B&ecirc;n cạnh đ&oacute; khi trẻ đối mặt với cơn tức giận của người kh&aacute;c th&igrave; trẻ phải xử l&yacute; thế n&agrave;o để trẻ kh&ocirc;ng bị tổn thương?</span></span></p>\r\n\r\n<ol start="4">\r\n	<li><span style="font-size:12pt"><span style="font-family:Calibri,sans-serif">Daily Routines and Rules: Tu&acirc;n thủ c&aacute;c quy tắc v&agrave; luật lệ </span></span></li>\r\n</ol>\r\n\r\n<ul>\r\n	<li><span style="font-size:12pt"><span style="font-family:Calibri,sans-serif">Getting ready for School: Gi&uacute;p trẻ chuẩn bị t&acirc;m l&yacute; sẵn s&agrave;ng khi đến trường v&agrave; đến trường với th&aacute;i đội vui vẻ v&agrave; thoải m&aacute;i. Điều n&agrave;y rất quan trọng v&agrave; quyết định đến kết quả học tập ở trường của trẻ.</span></span></li>\r\n	<li><span style="font-size:12pt"><span style="font-family:Calibri,sans-serif">Listening and Following Directions: Ở bất cứ đ&acirc;u trẻ cũng đều phải tu&acirc;n thủ sự hướng dẫn. Điều n&agrave;y gi&uacute;p b&eacute; trở th&agrave;nh một c&ocirc;ng d&acirc;n văn minh, lịch sự v&agrave; tr&aacute;nh mọi rủi ro kh&ocirc;ng đ&aacute;ng c&oacute;.</span></span></li>\r\n	<li><span style="font-size:12pt"><span style="font-family:Calibri,sans-serif">My Day at School: Mỗi ng&agrave;y ở trường với bao nhi&ecirc;u hoạt động diễn ra v&agrave; c&aacute;c em phải xử l&yacute; rất nhiều mối quan hệ x&atilde; hội kh&aacute;c nhau. L&agrave;m thế n&agrave;o để trẻ c&oacute; một ng&agrave;y đến trường vui vẻ v&agrave; th&agrave;nh c&ocirc;ng ( học được những kiến thức bổ &iacute;ch, tạo dựng được mối quan hệ tốt với thầy c&ocirc; v&agrave; bạn b&egrave;, an to&agrave;n v&agrave; khoẻ mạnh) đ&oacute; l&agrave; những vấn đề lớn m&agrave; mỗi ch&uacute;ng ta đều quan t&acirc;n.</span></span></li>\r\n	<li><span style="font-size:12pt"><span style="font-family:Calibri,sans-serif">When Things Change: Mọi thứ xung quanh trẻ lu&ocirc;n thay đổi v&agrave; l&agrave;m thế n&agrave;o để trẻ c&oacute; thể th&iacute;ch nghi với những sự thay đổi đ&oacute; một c&aacute;ch t&iacute;ch cực v&agrave; kh&ocirc;ng &aacute;p lực?</span></span></li>\r\n	<li><span style="font-size:12pt"><span style="font-family:Calibri,sans-serif">School Rules: Thậm tr&iacute; ngay trong m&ocirc;i trường Mầm non, trẻ cũng gặp kh&oacute; khăn khi tu&acirc;n theo c&aacute;c quy tắc của lớp học, g&acirc;y rối trong lớp học, c&oacute; những h&agrave;nh vi kh&ocirc;ng đ&uacute;ng đối với bạn b&egrave; v&agrave; thầy c&ocirc; trong lớp. Điều n&agrave;y ảnh hưởng rất lớn đến mối quan hệ của trẻ với bạn b&egrave; v&agrave; thầy c&ocirc; v&agrave; hơn nữa sẽ ảnh hưởng rất lớn đến kết qủa học tập cũng như sự y&ecirc;u th&iacute;ch khi tới lớp của trẻ. Đối với trẻ từ 3-7 tuổi, việc hiểu v&agrave; tu&acirc;n thủ c&aacute;c quy định của trường lớp gi&uacute;p tạo dựng cho trẻ một nề nếp v&agrave; th&oacute;i quen học tập tốt v&agrave; mang lại hiệu quả học tập cao sau n&agrave;y.</span></span></li>\r\n	<li><span style="font-size:12pt"><span style="font-family:Calibri,sans-serif">Getting Ready for Bed: Rất nhiều trẻ gặp kh&oacute; khăn đối với việc ngủ tại lớp hay ở nh&agrave;. Điều n&agrave;y ảnh hưởng đến sức khoẻ của trẻ. Gi&uacute;p trẻ c&oacute; một th&oacute;i quen ngủ tốt cũng l&agrave; một điều hết sức quan trọng.</span></span></li>\r\n	<li><span style="font-size:12pt"><span style="font-family:Calibri,sans-serif">Making Good Choices: C&oacute; rất nhiều lựa chọn v&agrave; l&agrave;m thể n&agrave;o để trẻ đưa ra được sự lựa chọn đ&uacute;ng đắn v&agrave; hợp l&yacute; ở từng thời điểm?</span></span></li>\r\n	<li><span style="font-size:12pt"><span style="font-family:Calibri,sans-serif">School Breaks: sự đ&aacute;nh lộn, c&atilde;i lộn với bạn b&egrave; tại trường lu&ocirc;n l&agrave; điều kh&ocirc;ng thể tr&aacute;nh khỏi khi trẻ đi học. Nhưng l&agrave;m thế n&agrave;o để trẻ c&oacute; th&aacute;i độ t&iacute;ch cực sau những sự việc như vậy v&agrave; c&oacute; những điều chỉnh h&agrave;nh vi hợp l&yacute;.</span></span></li>\r\n</ul>\r\n\r\n<ol start="5">\r\n	<li><span style="font-size:12pt"><span style="font-family:Calibri,sans-serif">Safety- An to&agrave;n</span></span></li>\r\n</ol>\r\n\r\n<p style="margin-left:36pt; margin-right:0cm"><span style="font-size:12pt"><span style="font-family:Calibri,sans-serif">Đ&acirc;y l&agrave; mối quan t&acirc;m h&agrave;ng đầu của c&aacute;c bậc Phụ huynh khi con trẻ kh&ocirc;ng phải l&uacute;c n&agrave;o cũng ở trong tầm mắt của m&igrave;nh. Vậy ch&uacute;ng ta phải chuẩn bị cho trẻ h&agrave;nh trang như thế n&agrave;o để trẻ lu&ocirc;n an to&agrave;n mọi l&uacute;c mọi nơi. Từ việc đi cầu thang an to&agrave;n, tham gia giao th&ocirc;ng, hay việc bị bắt nạt, hoặc gặp người lạ,&hellip;</span></span></p>\r\n\r\n<ol start="6">\r\n	<li><span style="font-size:12pt"><span style="font-family:Calibri,sans-serif">Helth- Sức khoẻ của trẻ l&agrave; điều phụ huynh lu&ocirc;n quan t&acirc;m nhưng lại &iacute;t khi để &yacute; đến việc dạy trẻ tự biết bảo vệ sức khoẻ của m&igrave;nh. Vơi c&aacute;c chủ đề: Taking Care of Me, Trying New Foods, Going the Doctor, Using the Bathroom,&hellip;C&aacute;c chủ đề n&agrave;y sẽ gi&uacute;p trẻ biết c&aacute;ch bảo vệ m&igrave;nh để c&oacute; một sức khoẻ thật tốt.</span></span></li>\r\n</ol>\r\n\r\n<p style="margin-left:0cm; margin-right:0cm">&nbsp;</p>\r\n\r\n<p style="margin-left:36pt; margin-right:0cm"><span style="font-size:12pt"><span style="font-family:Calibri,sans-serif">ĐIỂM ĐẶC BIỆT CỦA CHƯƠNG TR&Igrave;NH:</span></span></p>\r\n\r\n<p style="margin-left:36pt; margin-right:0cm">&nbsp;</p>\r\n\r\n<ul>\r\n	<li><span style="font-size:12pt"><span style="font-family:Calibri,sans-serif">Chương tr&igrave;nh <strong><span style="color:#548dd4">Avits Socail Skills</span></strong> đặc biệt cần sự trợ gi&uacute;p của Phụ huynh trong từng bải giải của gi&aacute;o vi&ecirc;n tr&ecirc;n lớp th&ocirc;ng qua c&aacute;c Bảng c&acirc;u hỏi, Phiếu khảo s&aacute;t phụ huynh/học sinh, v&agrave; những hướng dẫn cụ thể đối với Phụ huynh về việc gi&aacute;m s&aacute;t, hỗ trợ học sinh thực h&agrave;nh c&aacute;c kỹ năng đ&atilde; học.</span></span></li>\r\n	<li><span style="font-size:12pt"><span style="font-family:Calibri,sans-serif">B&aacute;o c&aacute;o kết quả học tập h&agrave;ng ng&agrave;y của học sinh: Việc trao đổi với Phụ huynh được duy tr&igrave; sau từng buổi học qua đ&oacute; Phụ huynh biết được c&aacute;c con được học những g&igrave; v&agrave; việc ứng dụng của c&aacute;c kỹ năng đ&atilde; học trong cuộc sống như thế n&agrave;o. Ch&uacute;ng t&ocirc;i quan niệm, kiến thức c&aacute;c con học được rất quan trọng nhưng quan trọng hơn l&agrave; c&aacute;c con thể hiện n&oacute; như thế n&agrave;o trong c&aacute;c hoạt động x&atilde; hội của m&igrave;nh.</span></span></li>\r\n</ul>\r\n\r\n<p style="margin-left:36pt; margin-right:0cm">&nbsp;</p>\r\n\r\n<p style="margin-left:36pt; margin-right:0cm"><span style="font-size:12pt"><span style="font-family:Calibri,sans-serif">CẤP ĐỘ</span></span></p>\r\n\r\n<p style="margin-left:36pt; margin-right:0cm">&nbsp;</p>\r\n\r\n<p style="margin-left:36pt; margin-right:0cm"><span style="font-size:12pt"><span style="font-family:Calibri,sans-serif">Chương tr&igrave;nh <strong><span style="color:#548dd4">Avits Socail Skills</span></strong> được ph&acirc;n th&agrave;nh 2 cấp độ</span></span></p>\r\n\r\n<ul>\r\n	<li><span style="font-size:12pt"><span style="font-family:Calibri,sans-serif">Cấp độ Mầm Non- <strong><span style="color:#548dd4">Avits Socail Skills -</span></strong> for Kindergarten ( K) d&agrave;nh cho học sinh từ 4-6 tuổi</span></span></li>\r\n	<li><span style="font-size:12pt"><span style="font-family:Calibri,sans-serif">Cấp độ Tiểu học- <strong><span style="color:#548dd4">Avits Socail Skills</span></strong><span style="color:#548dd4"> &nbsp;- </span>for Primary School ( PS) d&agrave;nh cho học sinh từ 6 đến 12 tuổi</span></span></li>\r\n</ul>\r\n', 'image-3-770x550.jpg', 0, 75, '', '2018-03-30 10:03:25', '2018-09-08 09:09:48', 1, '', '', '', '', '', 'AVITS SOCIAL SKILLS', '', 'avits-social-skills', '', 1),
(105, 'Lisp intensive treatment', 'Khóa học  Lisp intensive treatment dành cho các bé có độ tuổi từ 4 đến 10 tuổi. ', '<p style="margin-left:0cm; margin-right:0cm; text-align:justify"><span style="font-size:11pt"><span style="background-color:white"><span style="font-family:Calibri,sans-serif"><span style="font-size:18.0pt"><span style="color:#222222">N&oacute;i ngọng l&agrave; hiện tượng rối loạn ng&ocirc;n ngữ</span></span></span></span></span></p>\r\n\r\n<p style="margin-left:0cm; margin-right:0cm; text-align:justify"><span style="font-size:11pt"><span style="background-color:white"><span style="font-family:Calibri,sans-serif"><span style="font-size:10.5pt"><span style="color:#222222">Ng&ocirc;n ngữ của trẻ được h&igrave;nh th&agrave;nh tr&ecirc;n cơ sở c&aacute;c phản xạ c&oacute; điều kiện, dựa tr&ecirc;n t&aacute;c động của c&aacute;c yếu tố từ m&ocirc;i trường b&ecirc;n ngo&agrave;i k&iacute;ch th&iacute;ch v&agrave;o trung t&acirc;m nghe.</span></span></span></span></span></p>\r\n\r\n<p style="margin-left:0cm; margin-right:0cm; text-align:justify"><span style="font-size:11pt"><span style="background-color:white"><span style="font-family:Calibri,sans-serif"><span style="font-size:10.5pt"><span style="color:#222222">Nếu c&oacute; sự trục trặc n&agrave;o đ&oacute; trong qu&aacute; tr&igrave;nh h&igrave;nh th&agrave;nh ng&ocirc;n ngữ sẽ xảy ra hiện tượng rối loạn ng&ocirc;n ngữ ở trẻ, điển h&igrave;nh l&agrave; ngọng.</span></span></span></span></span></p>\r\n\r\n<p style="margin-left:0cm; margin-right:0cm; text-align:justify"><span style="font-size:11pt"><span style="background-color:white"><span style="font-family:Calibri,sans-serif"><span style="font-size:10.5pt"><span style="color:#222222">C&oacute; 2 dạng n&oacute;i ngọng ở trẻ</span></span></span></span></span></p>\r\n\r\n<ul>\r\n	<li style="text-align:justify"><span style="font-size:11pt"><span style="background-color:white"><span style="font-family:Calibri,sans-serif"><span style="font-size:10.0pt"><span style="color:#222222">N&oacute;i ngọng sinh l&yacute;: cơ quan ph&aacute;t &acirc;m c&oacute; lỗi bẩm sinh như ngắn lưỡi, đầy lưỡi&hellip;</span></span></span></span></span></li>\r\n	<li style="text-align:justify"><span style="font-size:11pt"><span style="background-color:white"><span style="font-family:Calibri,sans-serif"><span style="font-size:10.0pt"><span style="color:#222222">N&oacute;i ngọng mang t&iacute;nh x&atilde; hội: ph&aacute;t &acirc;m lệch so với chuẩn.</span></span></span></span></span></li>\r\n</ul>\r\n\r\n<p style="margin-left:0cm; margin-right:0cm; text-align:justify"><span style="font-size:11pt"><span style="background-color:white"><span style="font-family:Calibri,sans-serif"><span style="font-size:18.0pt"><span style="color:#222222">Nguy&ecirc;n nh&acirc;n khiến cho trẻ n&oacute;i ngọng</span></span></span></span></span></p>\r\n\r\n<ul>\r\n	<li style="text-align:justify"><span style="font-size:11pt"><span style="background-color:white"><span style="font-family:Calibri,sans-serif"><span style="font-size:10.0pt"><span style="color:#222222">L&agrave; do trẻ tự b&oacute;p m&eacute;o &acirc;m thanh để truyền đạt &yacute; m&igrave;nh cho người kh&aacute;c hiểu theo suy nghĩ ri&ecirc;ng của trẻ.</span></span></span></span></span></li>\r\n	<li style="text-align:justify"><span style="font-size:11pt"><span style="background-color:white"><span style="font-family:Calibri,sans-serif"><span style="font-size:10.0pt"><span style="color:#222222">Cha, mẹ kh&ocirc;ng sửa ngay những từ n&oacute;i sai, khiến trẻ tạo th&agrave;nh th&oacute;i quen m&agrave; lặp lại.</span></span></span></span></span></li>\r\n	<li style="text-align:justify"><span style="font-size:11pt"><span style="background-color:white"><span style="font-family:Calibri,sans-serif"><span style="font-size:10.0pt"><span style="color:#222222">Cha mẹ v&agrave; những người xung quanh sử dụng sai ng&ocirc;n ngữ khiến con c&aacute;i bắt chước.</span></span></span></span></span></li>\r\n	<li style="text-align:justify"><span style="font-size:11pt"><span style="background-color:white"><span style="font-family:Calibri,sans-serif"><span style="font-size:10.0pt"><span style="color:#222222">Một số bệnh khi trẻ mắc phải g&acirc;y kh&oacute; thở, ngạt mũi khiến khi n&oacute;i trẻ phải th&egrave; lưỡi ra để ph&aacute;t &acirc;m cũng l&agrave; nguy&ecirc;n nh&acirc;n khiến trẻ n&oacute;i ngọng.</span></span></span></span></span></li>\r\n</ul>\r\n\r\n<p style="margin-left:0cm; margin-right:0cm; text-align:justify"><span style="font-size:11pt"><span style="background-color:white"><span style="font-family:Calibri,sans-serif"><span style="font-size:18.0pt"><span style="color:#222222">Phương ph&aacute;p sửa n&oacute;i ngọng</span></span></span></span></span></p>\r\n\r\n<ul>\r\n	<li style="text-align:justify"><span style="font-size:11pt"><span style="background-color:white"><span style="font-family:Calibri,sans-serif"><span style="font-size:10.0pt"><span style="color:#222222">Gi&uacute;p b&eacute; thoải m&aacute;i, thả l&ograve;ng người v&agrave; thật b&igrave;nh tĩnh trước khi n&oacute;i.</span></span></span></span></span></li>\r\n	<li style="text-align:justify"><span style="font-size:11pt"><span style="background-color:white"><span style="font-family:Calibri,sans-serif"><span style="font-size:10.0pt"><span style="color:#222222">Kh&ocirc;ng hỏi dồn khiến b&eacute; l&uacute;ng t&uacute;ng, n&oacute;i lắp, ngọng&hellip;</span></span></span></span></span></li>\r\n	<li style="text-align:justify"><span style="font-size:11pt"><span style="background-color:white"><span style="font-family:Calibri,sans-serif"><span style="font-size:10.0pt"><span style="color:#222222">Dạy b&eacute; c&aacute;ch đặt lưỡi thế n&agrave;o, hơi bật ra l&agrave;m sao v&agrave; l&agrave;m mẫu để b&eacute; dễ d&agrave;ng bắt chước v&agrave; học theo.</span></span></span></span></span></li>\r\n	<li style="text-align:justify"><span style="font-size:11pt"><span style="background-color:white"><span style="font-family:Calibri,sans-serif"><span style="font-size:10.0pt"><span style="color:#222222">N&oacute;i chuyện, h&aacute;t cho b&eacute; nghe: d&ugrave;ng từ ngữ thật chuẩn v&agrave; thường xuy&ecirc;n, b&eacute; sẽ c&oacute; một qu&aacute; tr&igrave;nh để bắt chước theo những b&agrave;i h&aacute;t, c&acirc;u chuyện m&agrave; bạn kể.</span></span></span></span></span></li>\r\n	<li style="text-align:justify"><span style="font-size:11pt"><span style="background-color:white"><span style="font-family:Calibri,sans-serif"><span style="font-size:10.0pt"><span style="color:#222222">Với những từ b&eacute; bị ngọng ch&uacute;ng ta sẽ kể lại phần đ&oacute; nhiều lần để b&eacute; ghi nhớ v&agrave; l&agrave;m theo.</span></span></span></span></span></li>\r\n	<li style="text-align:justify"><span style="font-size:11pt"><span style="background-color:white"><span style="font-family:Calibri,sans-serif"><span style="font-size:10.0pt"><span style="color:#222222">Cho b&eacute; tiếp x&uacute;c với m&ocirc;i trường rộng lớn b&ecirc;n ngo&agrave;i. Việc tăng cường những hoạt động giao tiếp, nhất l&agrave; ở chỗ đ&ocirc;ng người sẽ khiến b&eacute; nhanh nhẹn, mau miệng hơn.</span></span></span></span></span></li>\r\n	<li style="text-align:justify"><span style="font-size:11pt"><span style="background-color:white"><span style="font-family:Calibri,sans-serif"><span style="font-size:10.0pt"><span style="color:#222222">Hạn chế để b&eacute; tiếp x&uacute;c với người hay bị n&oacute;i ngọng.</span></span></span></span></span></li>\r\n	<li style="text-align:justify"><span style="font-size:11pt"><span style="background-color:white"><span style="font-family:Calibri,sans-serif"><span style="font-size:10.0pt"><span style="color:#222222">Khi con ngọng, tuyệt đối kh&ocirc;ng nhại lại, điều n&agrave;y khiến b&eacute; sẽ kh&ocirc;ng &yacute; thức được việc ph&aacute;t &acirc;m chuẩn l&agrave; việc n&ecirc;n l&agrave;m.</span></span></span></span></span></li>\r\n</ul>\r\n\r\n<p style="margin-left:0cm; margin-right:0cm"><span style="font-size:11pt"><span style="font-family:Calibri,sans-serif"><span style="font-size:10.5pt"><span style="background-color:white"><span style="color:#1d2129">MỤC Đ&Iacute;CH SỬA PH&Aacute;T &Acirc;M CHO CON L&Agrave; G&Igrave;?</span></span></span><br />\r\n<span style="font-size:10.5pt"><span style="color:#1d2129"><span style="background-color:white">Ph&aacute;t &acirc;m đ&uacute;ng kh&ocirc;ng phải mục ti&ecirc;u duy nhất v&agrave; nếu đạt được cũng chưa phải l&agrave; kết quả cuối c&ugrave;ng m&agrave; American Skills mong muốn hướng đến.</span><br />\r\n<span style="background-color:white">Hơn thế nữa,</span><br />\r\n<span style="background-color:white">C&aacute;c con c&ograve;n phải n&oacute;i lưu lo&aacute;t, tr&ocirc;i chảy, giao tiếp tốt với người xung quanh.</span><br />\r\n<span style="background-color:white">Ch&iacute;nh v&igrave; vậy, sau khi kết th&uacute;c việc sửa ph&aacute;t &acirc;m, c&aacute;c b&eacute; sẽ tiếp tục trải nghiệm những buổi tập phản xạ để c&oacute; thể n&oacute;i lưu lo&aacute;t hoặc c&oacute; những buổi ngồi tr&ograve; chuyện c&ugrave;ng người lạ để r&egrave;n luyện th&ecirc;m về ng&ocirc;n ngữ.<br />\r\nTất cả đều nằm trong chương tr&igrave;nh r&egrave;n luyện sửa ph&aacute;t &acirc;m cho c&aacute;c con của American Skills.<br />\r\nNội dung Chương tr&igrave;nh :</span></span></span></span></span></p>\r\n\r\n<p style="margin-left:0cm; margin-right:0cm; text-align:justify"><span style="font-size:11pt"><span style="background-color:white"><span style="font-family:Calibri,sans-serif"><span style="font-size:12.0pt"><span style="color:black">Bước đầu ti&ecirc;n khi dạy, American Skills sẽ đi từ một phụ &acirc;m hay một nguy&ecirc;n &acirc;m chứ kh&ocirc;ng n&ecirc;n đi từ tiếng hoặc từ, trẻ kh&oacute; c&oacute; thể bắt chước được. Sau khi đ&atilde; n&oacute;i tốt &acirc;m đ&oacute;, ch&uacute;ng ta mới gh&eacute;p v&agrave;o c&aacute;c tiếng, c&aacute;c từ, cụm từ, c&aacute;c c&acirc;u v&agrave; cuối c&ugrave;ng l&agrave; hội thoại.</span></span></span></span></span></p>\r\n\r\n<p style="margin-left:0cm; margin-right:0cm; text-align:justify"><span style="font-size:11pt"><span style="background-color:white"><span style="font-family:Calibri,sans-serif"><span style="font-size:12.0pt"><span style="color:black">Người hướng dẫn sẽ l&agrave;m mẫu &acirc;m cần dạy, giới thiệu c&aacute;ch tạo n&ecirc;n &acirc;m đ&oacute; v&agrave; hướng dẫn cho trẻ l&agrave;m. Đặt một c&aacute;i gương trước mặt, người hướng dẫn sẽ l&agrave;m mẫu v&agrave; n&oacute;i về vị tr&iacute; tạo n&ecirc;n &acirc;m đ&oacute; (vị tr&iacute; của lưỡi, h&igrave;nh d&aacute;ng, độ mở của miệng, cử động của v&ograve;m miệng&hellip;), c&aacute;ch tạo n&ecirc;n &acirc;m đ&oacute; (c&aacute;ch lấy hơi v&agrave; đẩy hơi) v&agrave; sự cảm nhận độ rung của d&acirc;y thanh nếu c&oacute;.<br />\r\nSau khi trẻ đ&atilde; n&oacute;i tốt c&aacute;c &acirc;m độc lập, người hướng dẫn chọn từ 15-20 bức tranh c&oacute; &acirc;m đ&oacute; (v&iacute; dụ: nếu ch&uacute;ng ta dạy &acirc;m &ldquo;s&rdquo;, ch&uacute;ng ta sẽ chọn ra những bức tranh c&oacute; phụ &acirc;m đầu l&agrave; &ldquo;s&rdquo; như: &ldquo;s&ocirc;ng&rdquo;, &ldquo;sao&rdquo;, &ldquo;s&aacute;ch&rdquo;&hellip;) để dạy trẻ ph&aacute;t &acirc;m v&agrave;o c&aacute;c tiếng v&agrave; từ.</span></span></span></span></span></p>\r\n\r\n<p style="margin-left:0cm; margin-right:0cm; text-align:justify"><span style="font-size:11pt"><span style="background-color:white"><span style="font-family:Calibri,sans-serif"><span style="font-size:12.0pt"><span style="color:black">Việc sửa c&aacute;c &acirc;m lỗi được coi như l&agrave; ho&agrave;n th&agrave;nh khi trẻ n&oacute;i đ&uacute;ng được c&aacute;c &acirc;m lỗi trong mọi hội thoại, ở mọi ho&agrave;n cảnh kh&aacute;c nhau. Tuy nhi&ecirc;n, việc n&oacute;i tốt c&aacute;c &acirc;m trong từ hoặc c&acirc;u ngắn kh&ocirc;ng đồng nghĩa với việc trẻ sẽ n&oacute;i tốt trong hội thoại. Để l&agrave;m tốt được việc n&agrave;y th&igrave; ngo&agrave;i sự cố gắng của trẻ c&ograve;n cần đến sự tham gia của c&aacute;c th&agrave;nh vi&ecirc;n trong gia đ&igrave;nh trẻ v&agrave; những người giao tiếp thường xuy&ecirc;n với trẻ. Sau &acirc;m được chỉnh xong, cứ 3 th&aacute;ng 1 lần, cần thiết phải kiểm tra lại sự ph&aacute;t &acirc;m của trẻ. Nếu trong 1 năm, trong giao tiếp của trẻ kh&ocirc;ng c&ograve;n c&aacute;c &acirc;m sai xuất hiện th&igrave; việc chỉnh &acirc;m kết th&uacute;c.</span></span></span></span></span></p>\r\n\r\n<p style="margin-left:0cm; margin-right:0cm"><span style="font-size:11pt"><span style="font-family:Calibri,sans-serif"><a href="http://blueoceankids.edu.vn/tieng-anh-tre-em.html" style="color:blue; text-decoration:underline"><span style="font-size:10.5pt">Kh&oacute;a học </span></a><strong>&nbsp;</strong><strong><span style="font-size:14.0pt"><span style="background-color:white"><span style="color:#222222">Lisp intensive treatment </span></span></span></strong><span style="font-size:10.5pt"><span style="color:black">d&agrave;nh cho c&aacute;c b&eacute; c&oacute; độ tuổi từ 4 đến 10 tuổi. </span></span></span></span></p>\r\n\r\n<p style="margin-left:0cm; margin-right:0cm"><span style="font-size:11pt"><span style="background-color:white"><span style="font-family:Calibri,sans-serif"><strong><span style="font-size:10.5pt"><span style="color:black">Đối tượng:</span></span></strong><span style="font-size:10.5pt"><span style="color:black">&nbsp;d&agrave;nh cho c&aacute;c b&eacute; c&oacute; độ tuổi từ 4 đến 10 tuổi. </span></span></span></span></span></p>\r\n\r\n<p style="margin-left:0cm; margin-right:0cm"><span style="font-size:11pt"><span style="background-color:white"><span style="font-family:Calibri,sans-serif"><strong><span style="font-size:10.5pt"><span style="color:black">Thời gian học:</span></span></strong><span style="font-size:10.5pt"><span style="color:black">&nbsp;24 giờ/ cấp độ, k&eacute;o d&agrave;i khoảng 3 th&aacute;ng</span></span><br />\r\n<strong><span style="font-size:10.5pt"><span style="color:black">Cấp độ:</span></span></strong></span></span></span></p>\r\n\r\n<ul>\r\n	<li><span style="font-size:11pt"><span style="background-color:white"><span style="color:black"><span style="font-family:Calibri,sans-serif"><span style="font-size:10.5pt">&nbsp;Starters </span></span></span></span></span></li>\r\n	<li><span style="font-size:11pt"><span style="background-color:white"><span style="color:black"><span style="font-family:Calibri,sans-serif"><span style="font-size:10.5pt">&nbsp; SC</span></span></span></span></span></li>\r\n</ul>\r\n\r\n<p style="margin-left:0cm; margin-right:0cm"><span style="font-size:11pt"><span style="background-color:white"><span style="font-family:Calibri,sans-serif"><strong><span style="font-size:10.5pt"><span style="color:black">Gi&aacute;o tr&igrave;nh</span></span></strong><span style="font-size:10.5pt"><span style="color:black">: Bi&ecirc;n soạn độc quyền của American Skills</span></span><br />\r\n<strong><span style="font-size:10.0pt"><span style="color:black">Nh&oacute;m học</span></span></strong><span style="font-size:10.0pt"><span style="color:black"> : 1 gi&aacute;o vi&ecirc;n hướng dẫn 1-2 học sinh</span></span></span></span></span></p>\r\n\r\n<p style="margin-left:0cm; margin-right:0cm; text-align:justify"><span style="font-size:11pt"><span style="background-color:white"><span style="font-family:Calibri,sans-serif"><strong><span style="font-size:10.5pt"><span style="color:darkorange">Phương ph&aacute;p giảng dạy khoa học cho từng độ tuổi:</span></span></strong></span></span></span></p>\r\n\r\n<p style="margin-left:0cm; margin-right:0cm; text-align:justify"><span style="font-size:11pt"><span style="background-color:white"><span style="font-family:Calibri,sans-serif"><strong><span style="font-size:10.5pt"><span style="color:black">Kiểm tra đ&aacute;nh gi&aacute;</span></span></strong></span></span></span></p>\r\n\r\n<ul>\r\n	<li style="text-align:justify"><span style="font-size:11pt"><span style="background-color:white"><span style="color:black"><span style="font-family:Calibri,sans-serif"><span style="font-size:10.5pt">Kiểm tra: C&oacute; hai b&agrave;i kiểm tra giữa v&agrave; cuối kh&oacute;a để gi&uacute;p c&aacute;c gi&aacute;o vi&ecirc;n đ&aacute;nh gi&aacute; khả năng tiến bộ của trẻ trong từng giai đoạn.&nbsp;</span></span></span></span></span></li>\r\n	<li style="text-align:justify"><span style="font-size:11pt"><span style="background-color:white"><span style="color:black"><span style="font-family:Calibri,sans-serif"><span style="font-size:10.5pt">Kết quả kiểm tra đ&aacute;nh gi&aacute; được th&ocirc;ng b&aacute;o tới Phụ huynh .</span></span></span></span></span></li>\r\n	<li style="text-align:justify"><span style="font-size:11pt"><span style="background-color:white"><span style="color:black"><span style="font-family:Calibri,sans-serif"><span style="font-size:10.5pt">H&agrave;ng ng&agrave;y Gi&aacute;o vi&ecirc;n sẽ th&ocirc;ng b&aacute;o kết quả r&egrave;n &acirc;m v&agrave; hướng dẫn Phụ huynh c&aacute;ch luyện cho b&eacute; tại nh&agrave; để đạt hiệu quả cao nhất</span></span></span></span></span></li>\r\n</ul>\r\n', 'image-2-770x550.jpg', 0, 0, '', '2018-03-30 10:03:56', '2018-09-08 08:09:07', 1, '', '', '', '', '', 'Lisp intensive treatment', '', 'lisp-intensive-treatment', '', 1);
INSERT INTO `news` (`news_id`, `news_name`, `news_des`, `news_content`, `news_img`, `news_views`, `newscat_id`, `news_author`, `news_created_date`, `news_update_date`, `state`, `news_sub_info1`, `news_sub_info2`, `news_sub_info3`, `news_sub_info4`, `news_sub_info5`, `title_seo`, `des_seo`, `friendly_url`, `keyword`, `created_id`) VALUES
(106, 'Toán mầm non', '', '<p style="margin-left:0cm; margin-right:0cm"><span style="font-size:18pt"><span style="background-color:white"><strong><span style="font-size:11.0pt"><span style="color:black">CHƯƠNG TR&Igrave;NH TIỀN TIỂU HỌC : (D&agrave;nh cho trẻ từ 4-6 tuổi)</span></span></strong></span></span></p>\r\n\r\n<h2 style="margin-left:0cm; margin-right:0cm"><span style="font-size:18pt"><span style="background-color:white"><strong><span style="font-size:11.0pt"><span style="color:black">avits MATH FOR PRE- SCHOOL: </span></span><span style="font-size:11.0pt"><span style="background-color:white"><span style="color:black">trang bị cho trẻ những kiến thức nền tảng của tư duy to&aacute;n học, tiếp cận v&agrave; ph&aacute;t triển tư duy số, khơi dậy niềm hứng th&uacute; với m&ocirc;n To&aacute;n tr&ecirc;n cơ sở thấu hiểu bản chất của c&aacute;c kh&aacute;i niệm to&aacute;n v&agrave; sự ứng dụng của to&aacute;n để giải quyết vấn đề thế giới thực.</span></span></span><br />\r\n<span style="font-size:11.0pt"><span style="color:#333333">Với 3 cấp độ: Starter =&gt; K =&gt; SC</span></span></strong></span></span></h2>\r\n\r\n<p style="margin-left:0cm; margin-right:0cm"><span style="font-size:12pt"><span style="background-color:white"><span style="font-size:11.0pt"><span style="color:#333333">GỒM C&Aacute;C CHỦ ĐỀ:</span></span></span></span></p>\r\n\r\n<p style="margin-left:0cm; margin-right:0cm"><span style="font-size:12pt"><span style="background-color:white"><strong><span style="font-size:11.0pt"><span style="color:fuchsia">Color - M&agrave;u sắc</span></span></strong></span></span></p>\r\n\r\n<p style="margin-left:0cm; margin-right:0cm"><span style="font-size:12pt"><span style="background-color:white"><span style="font-size:11.0pt"><span style="color:#333333">Ngo&agrave;i &nbsp;việc &nbsp;nhận &nbsp;biết, &nbsp;ph&acirc;n &nbsp;biệt &nbsp;v&agrave; &nbsp;đọc &nbsp;t&ecirc;n &nbsp;m&agrave;u sắc c&aacute;c em c&ograve;n biết th&ocirc;ng qua m&agrave;u sắc ph&acirc;n biệt sự giống nhau v&agrave; kh&aacute;c nhau của sự vật, hiện tượng. T&igrave;m ra quy luật của sự vận động m&agrave;u sắc trong tự nhi&ecirc;n.</span></span></span></span></p>\r\n\r\n<p style="margin-left:0cm; margin-right:0cm"><span style="font-size:12pt"><span style="background-color:white"><strong><span style="font-size:11.0pt"><span style="color:fuchsia">Material - Chất liệu</span></span></strong></span></span></p>\r\n\r\n<p style="margin-left:0cm; margin-right:0cm"><span style="font-size:12pt"><span style="background-color:white"><span style="font-size:11.0pt"><span style="color:#333333">Chất liệu l&agrave; một thuộc t&iacute;nh quan trọng gi&uacute;p trẻ cảm nhận được c&aacute;c đồ vật, ph&acirc;n biệt đặc t&iacute;nh của c&aacute;c đồ &nbsp;vật. &nbsp;R&egrave;n &nbsp;luyện &nbsp;kỹ &nbsp;năng tư &nbsp;duy &nbsp;của &nbsp;trẻ &nbsp;về &nbsp;sự giống v&agrave; kh&aacute;c nhau của c&aacute;c đồ vật th&ocirc;ng qua chất liệu. Qua đ&oacute; gi&uacute;p c&aacute;c em thấy được sự đa dạng của cuộc sống.</span></span></span></span></p>\r\n\r\n<p style="margin-left:0cm; margin-right:0cm"><span style="font-size:12pt"><span style="background-color:white"><strong><span style="font-size:11.0pt"><span style="color:fuchsia">Size - K&iacute;ch thước</span></span></strong></span></span></p>\r\n\r\n<p style="margin-left:0cm; margin-right:0cm"><span style="font-size:12pt"><span style="background-color:white"><span style="font-size:11.0pt"><span style="color:#333333">Trẻ bước đầu được l&agrave;m quen với k&iacute;ch cỡ to/ nhỏ, ngắn/d&agrave;i. &nbsp;Biết &nbsp;so &nbsp;s&aacute;nh &nbsp;hơn/nhất. &nbsp;Ban &nbsp;đầu &nbsp;h&igrave;nh th&agrave;nh tư duy ước lượng v&agrave; tỷ lệ.</span></span></span></span></p>\r\n\r\n<p style="margin-left:0cm; margin-right:0cm"><span style="font-size:12pt"><span style="background-color:white"><strong><span style="font-size:11.0pt"><span style="color:fuchsia">Shape - H&igrave;nh dạng</span></span></strong></span></span></p>\r\n\r\n<p style="margin-left:0cm; margin-right:0cm"><span style="font-size:12pt"><span style="background-color:white"><span style="font-size:11.0pt"><span style="color:#333333">H&igrave;nh &nbsp;dạng &nbsp;l&agrave; &nbsp;kh&aacute;i &nbsp;niệm &nbsp;ban &nbsp;đầu &nbsp;của &nbsp;tư &nbsp;duy &nbsp;về h&igrave;nh học. Qua chủ để n&agrave;y c&aacute;c em kh&ocirc;ng chỉ dừng lại ở việc nhận biết h&igrave;nh dạng m&agrave; c&ograve;n biết được đặc điểm của c&aacute;c dạng h&igrave;nh, so s&aacute;nh sự giống v&agrave; kh&aacute;c nhau của h&igrave;nh. Gi&uacute;p c&aacute;c em ph&aacute;t triển khả năng quan s&aacute;t, ph&acirc;n t&iacute;ch v&agrave; tư duy về h&igrave;nh.</span></span></span></span></p>\r\n\r\n<p style="margin-left:0cm; margin-right:0cm"><span style="font-size:12pt"><span style="background-color:white"><strong><span style="font-size:11.0pt"><span style="color:fuchsia">Classify - Ph&acirc;n loại</span></span></strong></span></span></p>\r\n\r\n<p style="margin-left:0cm; margin-right:0cm"><span style="font-size:12pt"><span style="background-color:white"><span style="font-size:11.0pt"><span style="color:#333333">Ph&acirc;n loại l&agrave; chủ đề tư duy tổng hợp của c&aacute;c chủ đề tr&ecirc;n. Qua chủ đề n&agrave;y học sinh được ứng dụng c&aacute;c kiến thức đ&atilde; học v&agrave;o c&aacute;c dạng b&agrave;i tập ph&acirc;n t&iacute;ch v&agrave; tư duy tổng hợp. Gi&uacute;p học sinh r&egrave;n luyện khả năng tư duy về h&igrave;nh v&agrave; ph&aacute;t triển khả năng qua s&aacute;t nhạy b&eacute;n.</span></span></span></span></p>\r\n\r\n<p style="margin-left:0cm; margin-right:0cm"><span style="font-size:12pt"><span style="background-color:white"><strong><span style="font-size:11.0pt"><span style="color:fuchsia">Positions - Vị tr&iacute;</span></span></strong></span></span></p>\r\n\r\n<p style="margin-left:0cm; margin-right:0cm"><span style="font-size:12pt"><span style="background-color:white"><span style="font-size:11.0pt"><span style="color:#333333">Qua chủ đề n&agrave;y học sinh c&oacute; được những kh&aacute;i niệm ban &nbsp;đầu &nbsp;về &nbsp;kh&ocirc;ng &nbsp;gian &nbsp;v&agrave; &nbsp;l&agrave; &nbsp;tiền &nbsp;đề &nbsp;cho &nbsp;h&igrave;nh &nbsp;học kh&ocirc;ng gian sau n&agrave;y. Tư duy về vị tr&iacute; trong kh&ocirc;ng gian gi&uacute;p &nbsp;trẻ &nbsp;ph&aacute;t &nbsp;triển &nbsp;khả &nbsp;năng &nbsp;tưởng &nbsp;tượng &nbsp;v&agrave; &nbsp;định hướng trong kh&ocirc;ng gian tốt.</span></span></span></span></p>\r\n\r\n<p style="margin-left:0cm; margin-right:0cm"><span style="font-size:12pt"><span style="background-color:white"><strong><span style="font-size:11.0pt"><span style="color:fuchsia">Patterns - Quy luật</span></span></strong></span></span></p>\r\n\r\n<p style="margin-left:0cm; margin-right:0cm"><span style="font-size:12pt"><span style="background-color:white"><span style="font-size:11.0pt"><span style="color:#333333">L&agrave; chủ đề điển h&igrave;nh của kỹ năng tư duy của bộ n&atilde;o. Chủ đề n&agrave;y gi&uacute;p r&egrave;n luyện chỉ số IQ của trẻ, gi&uacute;p trẻ ph&aacute;t triển khả năng quan s&aacute;t, ph&acirc;n t&iacute;ch, ph&aacute;n đo&aacute;n, suy luận logic.</span></span></span></span></p>\r\n\r\n<p style="margin-left:0cm; margin-right:0cm"><span style="font-size:12pt"><span style="background-color:white"><strong><span style="font-size:11.0pt"><span style="color:fuchsia">Numbers and counting - Tư duy số</span></span></strong></span></span></p>\r\n\r\n<p style="margin-left:0cm; margin-right:0cm"><span style="font-size:12pt"><span style="background-color:white"><span style="font-size:11.0pt"><span style="color:#333333">Tư duy số l&agrave; chủ đề kh&ocirc;ng thể thiếu gi&uacute;p trẻ học giỏi To&aacute;n. Ngo&agrave;i việc gi&uacute;p trẻ nhận diện v&agrave; viết số, th&ocirc;ng qua &nbsp;c&aacute;c &nbsp;b&agrave;i &nbsp;tập &nbsp;ứng dụng &nbsp;sẽ &nbsp;gi&uacute;p &nbsp;c&aacute;c &nbsp;em &nbsp;hiểu &nbsp;bản chất của số, vị tr&iacute; của số tr&ecirc;n trục số, khoảng c&aacute;ch của c&aacute;c số. Học đếm sẽ gi&uacute;p trẻ tăng khả năng tập trung, ph&aacute;t triển tr&iacute; n&atilde;o v&agrave; h&igrave;nh th&agrave;nh nếp nhăn của n&atilde;o bộ.</span></span></span></span></p>\r\n\r\n<p style="margin-left:0cm; margin-right:0cm"><span style="font-size:12pt"><span style="background-color:white"><strong><span style="font-size:11.0pt"><span style="color:fuchsia">Sorting, ordering, and classifying - Sắp xếp, thứ tự, ph&acirc;n nh&oacute;m</span></span></strong></span></span></p>\r\n\r\n<p style="margin-left:0cm; margin-right:0cm"><span style="font-size:12pt"><span style="background-color:white"><span style="font-size:11.0pt"><span style="color:#333333">Khi đ&atilde; hiểu bản chất của c&aacute;c số c&aacute;c em sẽ được r&egrave;n luyện sắp xếp thứ tự c&aacute;c số theo y&ecirc;u cầu. L&agrave;m quen với việc ph&acirc;n nh&oacute;m theo số lượng v&agrave; hiểu được bản chất của nh&oacute;m. Tư duy về nh&oacute;m l&agrave; một dạng tư duy ho&agrave;n to&agrave;n mới m&agrave; từ trước đến nay c&aacute;c học sinh &iacute;t được tiếp cận. Tư duy nh&oacute;m gi&uacute;p c&aacute;c em giải quyết được rất nhiều dạng b&agrave;i tập sau n&agrave;y v&agrave; thậm ch&iacute; cả c&aacute;c b&agrave;i to&aacute;n k&iacute;nh tế, x&atilde; hội cũng như tiếp cận c&aacute;c m&ocirc;n học kh&aacute;c dễ d&agrave;ng hơn.</span></span></span></span></p>\r\n\r\n<p style="margin-left:0cm; margin-right:0cm"><span style="font-size:12pt"><span style="background-color:white"><strong><span style="font-size:11.0pt"><span style="color:fuchsia">Fractions - Ph&acirc;n số</span></span></strong></span></span></p>\r\n\r\n<p style="margin-left:0cm; margin-right:0cm"><span style="font-size:12pt"><span style="background-color:white"><span style="font-size:11.0pt"><span style="color:#333333">L&agrave; một chủ đề ho&agrave;n to&agrave;n mới với c&aacute;c em học sinh ở tuổi Mầm mon. Nhưng với c&aacute;ch tiếp cận thực tế v&agrave; trực quan th&ocirc;ng qua việc chia đồ vật, chia h&igrave;nh chương tr&igrave;nh gi&uacute;p c&aacute;c em hiểu bản chất của ph&acirc;n số v&agrave; t&igrave;m được gi&aacute; trị của ph&acirc;n số một c&aacute;ch dễ d&agrave;ng.</span></span></span></span></p>\r\n\r\n<p style="margin-left:0cm; margin-right:0cm"><span style="font-size:12pt"><span style="background-color:white"><strong><span style="font-size:11.0pt"><span style="color:fuchsia">Measurement - Đo lường</span></span></strong></span></span></p>\r\n\r\n<p style="margin-left:0cm; margin-right:0cm"><span style="font-size:12pt"><span style="background-color:white"><span style="font-size:11.0pt"><span style="color:#333333">Gi&uacute;p c&aacute;c em c&oacute; kh&aacute;i niệm ban đầu về k&iacute;ch thước bằng c&aacute;ch so s&aacute;nh với c&aacute;c vật kh&aacute;c. Gi&uacute;p c&aacute;c em ph&aacute;t triển tư duy về tỷ lệ v&agrave; khả năng ước lượng. Ngo&agrave;i ra, c&aacute;c em c&ograve;n biết so s&aacute;nh c&aacute;c nh&oacute;m vật với nhau như: d&agrave;i hơn/ d&agrave;i nhất, ngắn hơn/ ngắn nhất, thấp hơn/ thấp nhất,&hellip;</span></span></span></span></p>\r\n\r\n<p style="margin-left:0cm; margin-right:0cm"><span style="font-size:12pt"><span style="background-color:white"><strong><span style="font-size:11.0pt"><span style="color:fuchsia">Time - Tư duy thời gian</span></span></strong></span></span></p>\r\n\r\n<p style="margin-left:0cm; margin-right:0cm"><span style="font-size:12pt"><span style="background-color:white"><span style="font-size:11.0pt"><span style="color:#333333">Thời gian l&agrave; nh&acirc;n tố v&ocirc; c&ugrave;ng quan trọng với cuộc sống của mỗi người. Biết tư duy về thời gian sẽ gi&uacute;p trẻ biết sắp xếp kế hoạch học tập v&agrave; vui chơi ph&ugrave; hợp. Hiểu về sự vận động của thời gian sẽ gi&uacute;p c&aacute;c em c&oacute; &yacute; thức v&agrave; biết c&aacute;ch sử dụng thời gian tốt hơn v&agrave; hiệu quả hơn.</span></span></span></span></p>\r\n\r\n<p style="margin-left:0cm; margin-right:0cm"><span style="font-size:12pt"><span style="background-color:white"><strong><span style="font-size:11.0pt"><span style="color:fuchsia">Comparing - So s&aacute;nh</span></span></strong></span></span></p>\r\n\r\n<p style="margin-left:0cm; margin-right:0cm"><span style="font-size:12pt"><span style="background-color:white"><span style="font-size:11.0pt"><span style="color:#333333">Qua chủ đề n&agrave;y gi&uacute;p c&aacute;c em hiểu được mối tương quan giữa c&aacute;c sự vật v&agrave; hiện tượng qua đ&oacute; c&aacute;c em thấy được quy luật của To&aacute;n học. Đ&acirc;y l&agrave; một chủ đề tư duy tổng hợp của phần tư duy số. Để giải quyết được c&aacute;c dạng b&agrave;i tập trong chủ đề n&agrave;y c&aacute;c em phải c&oacute; tư duy tốt về lượng, nh&oacute;m, về tương quan tỷ lệ.</span></span></span></span></p>\r\n\r\n<p style="margin-left:0cm; margin-right:0cm"><span style="font-size:12pt"><span style="background-color:white"><strong><span style="font-size:11.0pt"><span style="color:fuchsia">Addition - Ph&eacute;p cộng</span></span></strong></span></span></p>\r\n\r\n<p style="margin-left:0cm; margin-right:0cm"><span style="font-size:12pt"><span style="background-color:white"><span style="font-size:11.0pt"><span style="color:#333333">Ph&eacute;p cộng l&agrave; chủ đề kh&ocirc;ng thể thiếu trong To&aacute;n học. Math Skills kh&ocirc;ng ch&uacute; trọng đến kết quả của ph&eacute;p t&iacute;nh m&agrave; quan t&acirc;m đến phương ph&aacute;p để đi đến kết quả đ&oacute;. Với phương ph&aacute;p tư duy số kh&ocirc;ng chỉ gi&uacute;p c&aacute;c em t&iacute;nh nhẩm nhanh, nhẩm đ&uacute;ng m&agrave; c&ograve;n gi&uacute;p ph&aacute;t triển tư duy v&agrave; tr&iacute; n&atilde;o.</span></span></span></span></p>\r\n\r\n<p style="margin-left:0cm; margin-right:0cm"><span style="font-size:12pt"><span style="background-color:white"><strong><span style="font-size:11.0pt"><span style="color:fuchsia">Subtraction - Ph&eacute;p trừ</span></span></strong></span></span></p>\r\n\r\n<p style="margin-left:0cm; margin-right:0cm"><span style="font-size:12pt"><span style="background-color:white"><span style="font-size:11.0pt"><span style="color:#333333">Ph&eacute;p trừ l&agrave; dạng ngược lại của ph&eacute;p cộng. &nbsp;Tư duy ngược đ&ocirc;i khi kh&oacute; hơn tư duy xu&ocirc;i. Với phương ph&aacute;p tư duy Math Skills gi&uacute;p tr&iacute; n&atilde;o của c&aacute;c em hoạt động đa chiều v&agrave; linh hoạt.</span></span></span></span></p>\r\n\r\n<p style="margin-left:0cm; margin-right:0cm"><span style="font-size:12pt"><span style="background-color:white"><strong><span style="font-size:11.0pt"><span style="color:fuchsia">Proportional thinking - Tư duy tỷ lệ</span></span></strong></span></span></p>\r\n\r\n<p style="margin-left:0cm; margin-right:0cm"><span style="font-size:12pt"><span style="background-color:white"><span style="font-size:11.0pt"><span style="color:#333333">Đ&acirc;y l&agrave; đỉnh cao của tư duy số. B&agrave;i tập tư duy tỷ lệ gi&uacute;p r&egrave;n luyện khả năng tư duy tổng hợp, khả năng định lượng v&agrave; tư duy nh&oacute;m.</span></span></span></span></p>\r\n\r\n<p style="margin-left:0cm; margin-right:0cm">&nbsp;</p>\r\n\r\n<p style="margin-left:0cm; margin-right:0cm"><span style="font-size:11pt"><span style="background-color:white"><span style="font-family:Calibri,sans-serif"><strong><span style="color:black">1. Cấp độ Starter : </span></strong><span style="background-color:white"><span style="color:black">sẽ bắt đầu được tiếp cận dần với c&aacute;c nội dung To&aacute;n căn bản. Bắt đầu với c&aacute;c nội dung nền tảng: ph&acirc;n biệt h&igrave;nh dạng, m&agrave;u sắc, chất liệu, con số để dần dần y&ecirc;u th&iacute;ch việc tương t&aacute;c với con số. Từ đ&oacute; c&aacute;c b&eacute; sẽ y&ecirc;u th&iacute;ch dần m&ocirc;n To&aacute;n học tưởng chừng như rất kh&ocirc; khan.</span></span><br />\r\n<span style="color:black"><span style="background-color:white">Khi đ&atilde; y&ecirc;u th&iacute;ch m&ocirc;n học, trẻ sẽ tiếp tục được kh&aacute;m ph&aacute; c&aacute;c kiến thức To&aacute;n n&acirc;ng cao hơn: Đếm &ndash; viết, sắp xếp thứ tự c&aacute;c con số. Dần dần từ đ&oacute; mới tiếp cận đến c&aacute;c ph&eacute;p t&iacute;nh cộng v&agrave; trừ. &nbsp;Đ&acirc;y cũng ch&iacute;nh l&agrave; nền tảng để ph&aacute;t triển tư duy v&agrave;o lứa tuổi n&agrave;y cho trẻ.</span></span></span></span></span></p>\r\n\r\n<p style="margin-left:0cm; margin-right:0cm"><span style="font-size:11pt"><span style="background-color:white"><span style="font-family:Calibri,sans-serif"><strong><span style="color:black">2. Cấp độ Kindergarten&nbsp;(K) : </span></strong><span style="color:black">được x&acirc;y dựng đặc th&ugrave; d&agrave;nh cho trẻ từ 5 đến 6 tuổi.<br />\r\n&nbsp;<br />\r\nTrẻ được l&agrave;m quen, kh&aacute;m ph&aacute; c&aacute;c con số th&ocirc;ng qua c&aacute;c nội dung: số liền trước - số liền sau, đếm xu&ocirc;i - đếm ngược, đơn vị&hellip; để hiểu được thứ tự v&agrave; bản chất c&aacute;c con số. Trẻ được t&igrave;m hiểu th&ecirc;m về c&aacute;c h&igrave;nh học: h&igrave;nh oval, h&igrave;nh thoi, h&igrave;nh 5 cạnh đồng thời biết chia h&igrave;nh, gh&eacute;p h&igrave;nh, s&aacute;ng tạo h&igrave;nh để tạo ra c&aacute;c h&igrave;nh mới. Thay v&igrave; trẻ học c&aacute;ch cộng, trừ &ldquo;một c&aacute;ch m&aacute;y m&oacute;c&rdquo; bằng việc nhớ ph&eacute;p t&iacute;nh, trẻ tại IXL được học bản chất của c&aacute;c ph&eacute;p t&iacute;nh qua nhiều c&aacute;ch tiếp cận kh&aacute;c nhau. VD: C&oacute; 2 nh&oacute;m số lượng kh&aacute;c nhau, cần th&ecirc;m v&agrave;o bao nhi&ecirc;u h&igrave;nh để 2 nh&oacute;m bằng nhau. Đ&acirc;y l&agrave; nền tảng gi&uacute;p trẻ biết c&aacute;ch tư duy đ&uacute;ng về To&aacute;n học. V&agrave; khi đ&atilde; hiểu điều nay, trẻ sẽ rất th&iacute;ch học m&ocirc;n To&aacute;n.<br />\r\n&nbsp;<br />\r\n<strong>3. Cấp độ Starter School (SC) : </strong>được x&acirc;y dựng đặc th&ugrave; d&agrave;nh cho trẻ&nbsp;<strong>đang chuẩn bị v&agrave;o lớp 1.</strong><br />\r\nThời điểm n&agrave;y rất quan trọng đối với trẻ v&igrave; đ&acirc;y l&agrave; giai đoạn chuyển tiếp m&ocirc;i trường học tập từ mầm non l&ecirc;n tiểu học.<br />\r\n&nbsp;<br />\r\nTrẻ sẽ được tiếp cận với c&aacute;c kiến thức to&aacute;n một c&aacute;ch logic hơn. Thay v&igrave; học ngay c&aacute;c ph&eacute;p cộng, ph&eacute;p trừ, trẻ vẫn sẽ được tiếp cận c&aacute;c nội dung nền tảng từ quy luật, h&igrave;nh học... V&agrave; dần dần l&agrave;m quen với c&aacute;c kh&aacute;i niệm to&aacute;n học: trục số, đếm c&aacute;ch, t&igrave;m khoảng c&aacute;ch giữa c&aacute;c số.</span></span></span></span></p>\r\n\r\n<p style="margin-left:0cm; margin-right:0cm"><span style="font-size:11pt"><span style="background-color:white"><span style="font-family:Calibri,sans-serif"><span style="color:black">&nbsp;<br />\r\n<em>Với chương tr&igrave;nh Tư duy To&aacute;n&nbsp;Mỹ - Avits Math (IXL) - </em></span><span style="color:black">FOR PRE- SCHOOL</span><em><span style="color:black">, trẻ kh&ocirc;ng chỉ thực hiện đ&uacute;ng theo y&ecirc;u cầu, trẻ cần phải giải th&iacute;ch được qu&aacute; tr&igrave;nh đi đến kết quả quả, v&igrave; sao lại l&agrave;m được như vậy để thực h&agrave;nh c&aacute;ch diễn đạt suy nghĩ của m&igrave;nh. C&aacute;c hoạt động thực h&agrave;nh v&agrave; l&agrave;m quen kiến thức được đan xen với nhau trong qu&aacute; tr&igrave;nh học gi&uacute;p trẻ hứng th&uacute; với m&ocirc;n học, tự tin hơn với những b&agrave;i To&aacute;n ở trường. Quan trọng hơn, trẻ được cung cấp c&aacute;c kiến thức rất nền tảng một c&aacute;ch hệ thống v&agrave; hiểu s&acirc;u về bản chất, gi&uacute;p trẻ tư duy v&agrave; ứng dụng v&agrave;o những kiến thức học ở cấp cao hơn.</span></em><br />\r\n<span style="color:black">&nbsp;<br />\r\n<em>Điều đặc biệt của Chương tr&igrave;nh Avits Math (IXL)</em></span><span style="color:black"> FOR PRE- SCHOOL</span><em><span style="color:black"> l&agrave; lu&ocirc;n c&oacute; hoạt động s&aacute;ng tạo mang t&iacute;nh ứng dụng của nội dung vừa học v&agrave;o thực tế. Khi trẻ biết c&aacute;ch vận dụng những điều m&igrave;nh vừa học v&agrave;o cuộc sống, trẻ hiểu bản chất kiến thức v&agrave; sẽ nhớ rất l&acirc;u nội dung học đ&oacute;. Từ đ&oacute; l&agrave;m nền tảng để ph&aacute;t triển tư duy, tr&iacute; th&ocirc;ng minh v&agrave; t&iacute;nh s&aacute;ng tạo của trẻ lứa tuổi n&agrave;y.</span></em></span></span></span></p>\r\n', 'image-1-770x550.jpg', 0, 68, '', '2018-04-02 13:04:52', '2018-09-08 08:09:00', 1, '', '', '', '', '', 'Toán mầm non', '', 'toan-mam-non', '', 1),
(107, 'Toán tiểu học', 'Lorem Ipsum is simply dummy text of the printing and typesetting industry. Lorem Ipsum has been the industry''s standard dummy text ever since the 1500s', '<h2 style="margin-left:0cm; margin-right:0cm"><span style="font-size:18pt"><span style="background-color:white"><strong><span style="font-size:11.0pt"><span style="color:black">CHƯƠNG TR&Igrave;NH TIỂU HỌC </span></span></strong></span></span></h2>\r\n\r\n<h2 style="margin-left:0cm; margin-right:0cm"><span style="font-size:18pt"><span style="background-color:white"><strong><span style="font-size:11.0pt"><span style="color:black">avits math (IXL) - FOR PRIMARY SCHOOL :</span></span></strong></span></span></h2>\r\n\r\n<p style="margin-left:0cm; margin-right:0cm"><span style="font-size:12pt"><span style="background-color:white"><span style="font-size:11.0pt"><span style="color:#333333">D&agrave;nh cho học sinh tiểu học (6-10 tuổi)&nbsp;được thiết kế nội dung song song với kiến thức to&aacute;n tr&ecirc;n trường của học sinh gi&uacute;p bổ trợ c&aacute;c kiến thức cần thiết cho học sinh. Ngo&agrave;i ra Avits Math c&ograve;n bổ sung một số dạng to&aacute;n quốc tế mang t&iacute;nh ứng dụng cao gi&uacute;p c&aacute;c em ph&aacute;t triển khả năng tư duy, biết ứng dụng to&aacute;n v&agrave;o thực tế.</span></span><br />\r\n<br />\r\n<span style="font-size:11.0pt"><span style="color:#333333">Với phương ph&aacute;p tiệp cận vấn đề To&aacute;n ho&agrave;n to&agrave;n mới v&agrave; khoa học, đi từ dễ đến kh&oacute;, đi từ cơ bản đến phức tạp. Avits Math </span></span><span style="font-size:11.0pt"><span style="color:black">(IXL) </span></span><span style="font-size:11.0pt"><span style="color:#333333">gi&uacute;p học sinh hiểu bản chất vấn đề, c&oacute; kiến thức To&aacute;n vững chắc v&agrave; kh&ocirc;ng c&ograve;n cảm thấy &aacute;p lực với m&ocirc;n To&aacute;n.</span></span></span></span></p>\r\n\r\n<p style="margin-left:0cm; margin-right:0cm"><br />\r\n<span style="font-size:12pt"><span style="background-color:white"><span style="font-size:11.0pt"><span style="color:#333333">Nội dung Chương tr&igrave;nh được thiết kế với 5 cấp độ:</span></span></span></span></p>\r\n\r\n<p style="margin-left:0cm; margin-right:0cm"><span style="font-size:12pt"><span style="background-color:white"><span style="font-size:11.0pt"><span style="color:#333333">Level 1 &ndash; Level 2 &ndash; Level 3 &ndash; Level 4 &ndash; Level 5</span></span></span></span></p>\r\n\r\n<p style="margin-left:0cm; margin-right:0cm">&nbsp;</p>\r\n\r\n<p style="margin-left:0cm; margin-right:0cm; text-align:justify"><span style="font-size:11pt"><span style="background-color:white"><span style="font-family:Calibri,sans-serif"><strong><span style="color:black">1. Tư duy số v&agrave; c&aacute;c ph&eacute;p to&aacute;n (<em>Number sense &amp; operations</em>)</span></strong></span></span></span></p>\r\n\r\n<p style="margin-left:0cm; margin-right:0cm; text-align:justify"><span style="font-size:11pt"><span style="background-color:white"><span style="font-family:Calibri,sans-serif"><span style="color:black">Hiểu r&otilde; c&aacute;c kh&aacute;i niệm, bản chất về số tự nhi&ecirc;n, cấu tạo số l&agrave;m tiền đề để r&egrave;n luyện kỹ năng t&iacute;nh to&aacute;n v&agrave; ph&aacute;t triển khả năng t&iacute;nh nhẩm, t&iacute;nh nhanh v&agrave; tư duy logic cho trẻ. Hiểu r&otilde; bản chất của c&aacute;c ph&eacute;p to&aacute;n cộng, trừ, nh&acirc;n, chia để đưa ra phương ph&aacute;p t&iacute;nh&nbsp; to&aacute;n ph&ugrave; hợp v&agrave; cho kết quả nhanh, ch&iacute;nh x&aacute;c nhất.</span></span></span></span></p>\r\n\r\n<p style="margin-left:0cm; margin-right:0cm; text-align:justify"><span style="font-size:11pt"><span style="background-color:white"><span style="font-family:Calibri,sans-serif">&nbsp;</span></span></span></p>\r\n\r\n<p style="margin-left:0cm; margin-right:0cm; text-align:justify"><span style="font-size:11pt"><span style="background-color:white"><span style="font-family:Calibri,sans-serif"><strong><span style="color:black">2.Ph&acirc;n số (<em>Fractions</em>)</span></strong></span></span></span></p>\r\n\r\n<p style="margin-left:0cm; margin-right:0cm; text-align:justify"><span style="font-size:11pt"><span style="background-color:white"><span style="font-family:Calibri,sans-serif"><span style="color:black">Giới thiệu về ph&acirc;n số cho học sinh hiểu r&otilde; kh&aacute;i niệm &ldquo;ph&acirc;n số l&agrave; g&igrave;?&rdquo; từ những h&igrave;nh ảnh trực quan. Khi nắm chắc được kh&aacute;i niệm, hiểu được bản chất của ph&acirc;n số học sinh sẽ thực hiện ph&eacute;p t&iacute;nh li&ecirc;n quan đến ph&acirc;n số một c&aacute;ch dễ d&agrave;ng v&agrave; ứng dụng th&agrave;nh thạo trong c&aacute;c b&agrave;i to&aacute;n đố li&ecirc;n quan.<br />\r\n&nbsp;</span></span></span></span></p>\r\n\r\n<p style="margin-left:0cm; margin-right:0cm; text-align:justify"><span style="font-size:11pt"><span style="background-color:white"><span style="font-family:Calibri,sans-serif"><strong><span style="color:black">3. Đo lường &ndash; Thời gian (<em>Measurement - Time</em>)</span></strong></span></span></span></p>\r\n\r\n<p style="margin-left:0cm; margin-right:0cm"><span style="font-size:11pt"><span style="background-color:white"><span style="font-family:Calibri,sans-serif"><span style="color:black">Trẻ nắm vững c&aacute;c đơn vị đo lường </span><span style="background-color:#f9f9f9"><span style="color:#3b3b3b">- thời gian, độ d&agrave;i, diện t&iacute;ch, thể t&iacute;ch, khối lượng, dung t&iacute;ch v&agrave; tiền tệ.</span></span><span style="color:black">, biết &aacute;p dụng v&agrave;o c&aacute;c b&agrave;i to&aacute;n thực tế.<br />\r\n&nbsp;</span></span></span></span></p>\r\n\r\n<p style="margin-left:0cm; margin-right:0cm; text-align:justify"><span style="font-size:11pt"><span style="background-color:white"><span style="font-family:Calibri,sans-serif"><strong><span style="color:black">4. H&igrave;nh học (<em>Geometry</em>)</span></strong></span></span></span></p>\r\n\r\n<p style="margin-left:0cm; margin-right:0cm; text-align:justify"><span style="font-size:11pt"><span style="background-color:white"><span style="font-family:Calibri,sans-serif"><span style="color:black">Gi&uacute;p trẻ &nbsp;nhận biết kh&aacute;i niệm, thuộc t&iacute;nh, h&igrave;nh th&agrave;nh của mỗi loại h&igrave;nh kh&aacute;c nhau; mối tương quan giữa c&aacute;c h&igrave;nh. Từ đ&oacute;, trẻ &aacute;p dụng t&iacute;nh diện t&iacute;ch, chu vi hay thể t&iacute;ch của c&aacute;c h&igrave;nh kh&aacute;c nhau.</span></span></span></span></p>\r\n\r\n<p style="margin-left:0cm; margin-right:0cm; text-align:justify"><span style="font-size:11pt"><span style="background-color:white"><span style="font-family:Calibri,sans-serif">&nbsp;</span></span></span></p>\r\n\r\n<p style="margin-left:0cm; margin-right:0cm; text-align:justify"><span style="font-size:11pt"><span style="background-color:white"><span style="font-family:Calibri,sans-serif"><strong><span style="color:black">5. Tư duy tổng hợp (<em>Mathematical Thinking</em>) </span></strong></span></span></span></p>\r\n\r\n<p style="margin-left:0cm; margin-right:0cm"><span style="font-size:11pt"><span style="background-color:white"><span style="font-family:Calibri,sans-serif"><span style="color:black">Gi&uacute;p trẻ r&egrave;n luyện nhiều kỹ năng tư duy to&aacute;n tổng hợp th&ocirc;ng qua c&aacute;c dạng to&aacute;n đa dạng như c&acirc;n thăng bằng, to&aacute;n quy luật, tư duy nh&oacute;m, tư duy tỷ lệ, to&aacute;n đố, tư duy l&ocirc;gic, lập v&agrave; đọc biểu đồ, to&aacute;n x&aacute;c suất, l&agrave;m tr&ograve;n, ước lượng &hellip; Trẻ được r&egrave;n luyện nhiều kỹ năng như: đọc đề, ph&acirc;n t&iacute;ch đề b&agrave;i, &nbsp;chia nhỏ c&aacute;c vấn đề trong b&agrave;i to&aacute;n, vận dụng khả năng tư duy logic để việc giải to&aacute;n trở n&ecirc;n đơn giản, hiệu quả v&agrave; ch&iacute;nh x&aacute;c.</span></span></span></span><br />\r\n&nbsp;</p>\r\n\r\n<p><span style="font-size:11.0pt"><span style="color:black">&nbsp;6. </span></span><strong><span style="font-size:11.0pt"><span style="background-color:#f9f9f9"><span style="color:black">Giải to&aacute;n c&oacute; lời văn (<em>Problem solving )</em></span></span></span></strong><br />\r\n<span style="font-size:11.0pt"><span style="background-color:#f9f9f9"><span style="color:#3b3b3b">R&egrave;n luyện c&aacute;c bước gồm: Chia vấn đề th&agrave;nh những phần nhỏ, đơn giản hơn, rồi ph&acirc;n t&iacute;ch, giải to&aacute;n, kiểm tra v&agrave; đ&aacute;nh gi&aacute;.</span></span></span><br />\r\n&nbsp;</p>\r\n', 'image-7-770x550.jpg', 0, 68, '', '2018-04-02 13:04:07', '2018-09-08 08:09:23', 1, '', '', '', '', '', 'Toán tiểu học', '', 'toan-tieu-hoc', '', 1),
(108, 'Toán THCS', 'Lorem Ipsum is simply dummy text of the printing and typesetting industry. Lorem Ipsum has been the industry''s standard dummy text ever since the 1500s', '<h2 style="margin-left:0cm; margin-right:0cm"><span style="font-size:18pt"><span style="background-color:white"><strong><span style="font-size:11.0pt"><span style="color:black">CHƯƠNG TR&Igrave;NH thcs </span></span></strong></span></span></h2>\r\n\r\n<p style="margin-left:0cm; margin-right:0cm"><span style="font-size:12pt"><span style="background-color:white"><strong><span style="font-size:11.0pt"><span style="color:black">avits math (IXL) - junior high school</span></span></strong></span></span></p>\r\n\r\n<p style="margin-left:0cm; margin-right:0cm"><span style="font-size:12pt"><span style="background-color:white"><span style="font-size:11.0pt"><span style="color:#3b3b3b">Kết hợp v&agrave; n&acirc;ng cao giữa l&yacute; thuyết v&agrave; c&aacute;c b&agrave;i to&aacute;n ứng dụng, ph&aacute;t triển cho học sinh kỹ năng tư duy, sự hiểu biết v&agrave; th&aacute;i độ tự tin. Nắm chắc kiến thức từ cơ bản đến n&acirc;ng cao.</span></span></span></span></p>\r\n\r\n<p style="margin-left:0cm; margin-right:0cm"><span style="font-size:12pt"><span style="background-color:white"><span style="font-size:10.5pt"><span style="background-color:white"><span style="color:#333333">-&nbsp;T&iacute;ch cực ho&aacute; hoạt động học tập của học sinh, r&egrave;n luyện khả năng tự học, ph&aacute;t hiện v&agrave; giải quyết vấn đề của HS nhằm h&igrave;nh th&agrave;nh v&agrave; ph&aacute;t triển ở HS tư duy t&iacute;ch cực, độc lập v&agrave; s&aacute;ng tạo.</span></span></span><br />\r\n<span style="font-size:10.5pt"><span style="color:#333333"><span style="background-color:white">&minus; Chọn lựa sử dụng những phương ph&aacute;p ph&aacute;t huy t&iacute;nh t&iacute;ch cực chủ động của Học Sinh trong học tập v&agrave; ph&aacute;t huy khả năng tự học. Hoạt động ho&aacute; việc học tập của HS bằng những dẫn dắt cho HS tự th&acirc;n trải nghiệm chiếm lĩnh tri thức, chống lối học thụ động.</span><br />\r\n<span style="background-color:white">&minus; Tận dụng ưu thế của từng phương ph&aacute;p dạy học, ch&uacute; trọng sử dụng phương ph&aacute;p dạy học ph&aacute;t hiện v&agrave; giải quyết vấn đề.</span><br />\r\n<span style="background-color:white">&minus; Coi trọng cung cấp kiến thức, r&egrave;n luyện kĩ năng vận dụng kiến thức v&agrave;o thực tiễn.</span></span></span></span></span></p>\r\n\r\n<p style="margin-left:0cm; margin-right:0cm"><span style="font-size:12pt"><span style="background-color:white"><span style="font-size:11.0pt"><span style="color:#333333">Nội dung Chương tr&igrave;nh được thiết kế với 4 cấp độ:</span></span></span></span></p>\r\n\r\n<p style="margin-left:0cm; margin-right:0cm"><span style="font-size:12pt"><span style="background-color:white"><span style="font-size:11.0pt"><span style="color:#333333">Level 6 &ndash; Level 7 &ndash; Level 8 &ndash; Level 9</span></span></span></span></p>\r\n\r\n<p style="margin-left:0cm; margin-right:0cm">&nbsp;</p>\r\n\r\n<ol>\r\n	<li style="list-style-type:none">\r\n	<ol>\r\n		<li style="list-style-type:none">\r\n		<ol>\r\n			<li><span style="font-size:12pt"><span style="background-color:white"><span style="font-size:11.0pt"><span style="color:#3b3b3b">Số học : T&iacute;nh chia hết, số nguy&ecirc;n tố, số ch&iacute;nh phương, bội v&agrave; ước c&aacute;c số .</span></span></span></span></li>\r\n			<li><span style="font-size:12pt"><span style="background-color:white"><span style="font-size:11.0pt"><span style="color:#3b3b3b">Đại số : Gi&uacute;p học sinh thực hiện th&agrave;nh thạo tất cả c&aacute;c dạng to&aacute;n đại số nền tảng như tỷ lệ thức, biểu thức, ph&acirc;n thức đến c&aacute;c kh&aacute;i niệm n&acirc;ng cao như biến số, h&agrave;m số hay giải c&aacute;c dạng to&aacute;n đại số đặc trưng như phương tr&igrave;nh, bất phương tr&igrave;nh, hệ phương tr&igrave;nh, căn thức. </span></span></span></span></li>\r\n		</ol>\r\n		</li>\r\n	</ol>\r\n	</li>\r\n</ol>\r\n\r\n<p style="margin-left:13.5pt; margin-right:0cm"><span style="font-size:12pt"><span style="background-color:white"><span style="font-size:11.0pt"><span style="color:#3b3b3b">Ngo&agrave;i ra, học sinh được tiếp cận với dạng ph&acirc;n t&iacute;ch dữ liệu từ những thao t&aacute;c đơn giản như đọc dữ liệu, so s&aacute;nh v&agrave; sắp xếp dữ liệu. B&ecirc;n cạnh đ&oacute;, học sinh c&ograve;n biết c&aacute;ch biểu diễn c&aacute;c dữ liệu bằng đồ thị từ đ&oacute; suy luận t&igrave;m ra đ&aacute;p &aacute;n cũng như x&acirc;y dựng c&aacute;c qui luật logic</span></span></span></span></p>\r\n\r\n<p style="margin-left:13.5pt; margin-right:0cm"><span style="font-size:12pt"><span style="background-color:white"><em><span style="font-size:11.0pt"><span style="color:#4f4f4f">Cũng cố v&agrave; bổ sung c&aacute;c kiến thức về chương tr&igrave;nh đại số của BGD&amp;ĐT từ lớp 6 đến lớp 9.</span></span></em></span></span></p>\r\n\r\n<ol>\r\n	<li style="list-style-type:none">\r\n	<ol>\r\n		<li style="list-style-type:none">\r\n		<ol start="3">\r\n			<li><span style="font-size:12pt"><span style="background-color:white"><span style="font-size:11.0pt"><span style="color:#3b3b3b">H&igrave;nh học : Gi&uacute;p học sinh được l&agrave;m quen về tất cả c&aacute;c h&igrave;nh phẳng trong chương tr&igrave;nh phổ th&ocirc;ng v&agrave; c&aacute;c b&agrave;i to&aacute;n li&ecirc;n quan đến h&igrave;nh phẳng như chu vi, diện t&iacute;ch. C&aacute;c h&igrave;nh kh&ocirc;ng gian cũng được đưa v&agrave;o bằng c&aacute;c m&ocirc; h&igrave;nh trực quan th&uacute; vị nhằm gi&uacute;p học sinh ph&acirc;n biệt c&aacute;c h&igrave;nh phẳng, h&igrave;nh khối. Đồng thời c&aacute;c em c&oacute; kh&aacute;i niệm về thể t&iacute;ch, diện t&iacute;ch xung quanh, diện t&iacute;ch to&agrave;n phần. Đ&acirc;y l&agrave; nền tảng để c&aacute;c em học tốt chương tr&igrave;nh phổ th&ocirc;ng v&agrave; &aacute;p dụng kiễn thức v&agrave;o thực tiễn.</span></span></span></span></li>\r\n		</ol>\r\n		</li>\r\n	</ol>\r\n	</li>\r\n</ol>\r\n\r\n<p style="margin-left:13.5pt; margin-right:0cm"><span style="font-size:12pt"><span style="background-color:white"><span style="font-size:11.0pt"><span style="color:#3b3b3b">C&aacute;c chủ đề c&aacute;c em đều được l&agrave;m quen với dạng b&agrave;i to&aacute;n giải quyết vấn đề ở những mức độ kh&aacute;c nhau. Từ những b&agrave;i to&aacute;n c&oacute; lời văn đơn giản đến c&aacute;c b&agrave;i to&aacute;n nhiều bước, lập sơ đồ giải to&aacute;n. Giải quyết vấn đề gi&uacute;p ph&aacute;t triển tư duy logic v&agrave; s&aacute;ng tạo để giải quyết c&aacute;c vấn đề trong cuộc sống. </span></span></span></span></p>\r\n\r\n<p style="margin-left:13.5pt; margin-right:0cm"><span style="font-size:12pt"><span style="background-color:white"><em><span style="font-size:11.0pt"><span style="color:#4f4f4f">Cũng cố v&agrave; bổ sung c&aacute;c kiến thức về chương tr&igrave;nh h&igrave;nh học của BGD&amp;ĐT từ lớp 6 đến lớp 9.</span></span></em></span></span></p>\r\n\r\n<p style="margin-left:0cm; margin-right:0cm"><span style="font-size:12pt"><span style="background-color:white"><span style="font-size:11.0pt"><span style="color:black">4. Luyện thi theo y&ecirc;u cầu : </span></span></span></span></p>\r\n\r\n<h4 style="margin-left:0cm; margin-right:0cm"><span style="font-size:11pt"><span style="background-color:whitesmoke"><span style="font-family:Cambria,serif"><span style="color:#4f81bd"><strong><em><span style="color:#4f4f4f">Luyện c&aacute;c loại đề thi của BGD&amp;ĐT, c&aacute;c chương tr&igrave;nh thi v&agrave;o c&aacute;c trường chuy&ecirc;n&hellip;..</span></em></strong></span></span></span></span></h4>\r\n\r\n<h4 style="margin-left:0cm; margin-right:0cm"><span style="font-size:11pt"><span style="background-color:whitesmoke"><span style="font-family:Cambria,serif"><span style="color:#4f81bd"><strong><em><span style="color:#4f4f4f">Luy&ecirc;n chương tr&igrave;nh của c&aacute;c trường Quốc tế..</span></em></strong></span></span></span></span></h4>\r\n', 'image-6-770x550.jpg', 0, 68, '', '2018-04-02 13:04:18', '2018-09-08 08:09:07', 1, '', '', '', '', '', 'Toán THCS', '', 'toan-thcs', '', 1),
(109, 'Lisp Intensive Treatment Phương pháp sửa nói ngọng', 'Nói ngọng là hiện tượng rối loạn ngôn ngữ. Ngôn ngữ của trẻ được hình thành trên cơ sở các phản xạ có điều kiện, dựa trên tác động của các yếu tố từ môi trường bên ngoài kích thích vào trung tâm nghe. Nếu có sự trục trặc nào đó trong quá trình hình thành ngôn ngữ sẽ xảy ra hiện tượng rối loạn ngôn ngữ ở trẻ, điển hình là ngọng.', '', 'image-4-770x550.jpg', 0, 72, '', '2018-04-05 11:04:35', '2018-09-08 08:09:21', 1, '', '', '', '', '', 'Lisp Intensive Treatment Phương pháp sửa nói ngọng', '', 'lisp-intensive-treatment-phuong-phap-sua-noi-ngong', '', 1),
(110, 'Avits English Ngôn ngữ Tiếng Anh: 4-14 tuổi', 'Sự tự tin sử dụng tiếng Anh là lợi thế cho con bạn ngay từ lúc còn ngồi trên ghế nhà trường, để trẻ có thể tự nhiên phát triển kiến thức và nền tảng thành công cho các cơ hội nghề nghiệp trong tương lai. Các khóa học tiếng Anh cho trẻ em tại Hội đồng Anh được thiết kế đặc biệt dựa trên đặc tính của mỗi cá nhân, và được giảng dạy bởi các chuyên gia tiếng Anh toàn cầu luôn tâm huyết với sự nghiệp giáo dục trẻ em. ', '', 'image-3-770x550.jpg', 0, 72, '', '2018-04-05 11:04:16', '2018-09-08 08:09:14', 1, '', '', '', '', '', 'Avits English Ngôn ngữ Tiếng Anh: 4-14 tuổi', '', 'avits-english-ngon-ngu-tieng-anh-4-14-tuoi', '', 1),
(111, 'White Pager', 'Lorem Ipsum is simply dummy text of the printing and typesetting industry. Lorem Ipsum has been the industry''s standard dummy text ever since the 1500s', '<p style="text-align:center"><img alt="le-xuan-quang" height="425" src="/image/images/le-xuan-quang.jpg" width="600" /></p>\r\n\r\n<p style="margin-left:0cm; margin-right:0cm; text-align:center"><span style="font-size:16px"><span style="font-family:Times New Roman,Times,serif"><span style="background-color:white"><strong><em><span style="color:#1d2129">Bạn L&ecirc; Xu&acirc;n Quang &ndash; Sinh năm 2006 - Học sinh xuất sắc ti&ecirc;u biểu của Americanskills Quận 1</span></em></strong></span></span></span></p>\r\n\r\n<p style="margin-left:0cm; margin-right:0cm; text-align:justify"><br />\r\n<strong><span style="font-size:16px"><span style="font-family:Times New Roman,Times,serif"><span style="background-color:white"><span style="color:#1d2129"><img alt="" height="16" src="file:///C:\\Users\\HUYENT~1\\AppData\\Local\\Temp\\msohtmlclip1\\01\\clip_image002.png" width="16" />- Huy chương bạc trong k&igrave; thi American Mathematics Oplympiad (AMO) - Cuộc thi to&aacute;n quốc tế Hoa Kỳ</span><br />\r\n<span style="color:#1d2129"><img alt="" height="16" src="file:///C:\\Users\\HUYENT~1\\AppData\\Local\\Temp\\msohtmlclip1\\01\\clip_image002.png" width="16" />- Giải Bạc v&ograve;ng chung kết k&igrave; thi To&aacute;n Olympic Titan.</span></span></span></span></strong></p>\r\n\r\n<p style="margin-left:0cm; margin-right:0cm; text-align:justify"><span style="font-size:16px"><span style="font-family:Times New Roman,Times,serif"><span style="background-color:white"><span style="color:#1d2129"><img alt="" height="16" src="file:///C:\\Users\\HUYENT~1\\AppData\\Local\\Temp\\msohtmlclip1\\01\\clip_image001.png" width="16" />Ch&uacute;c mừng Xu&acirc;n Quang! American Skills v&ocirc; c&ugrave;ng tự h&agrave;o về th&agrave;nh t&iacute;ch tuyệt vời của con. Ch&uacute;c Xu&acirc;n Quang tiếp tục gặt h&aacute;i được nhiều th&agrave;nh c&ocirc;ng tr&ecirc;n con đường học vấn!&nbsp;<br />\r\n<img alt="" height="16" src="file:///C:\\Users\\HUYENT~1\\AppData\\Local\\Temp\\msohtmlclip1\\01\\clip_image003.png" width="16" />V&agrave; phần thưởng tặng B&eacute;: <strong>Học bổng kh&oacute;a To&aacute;n tư duy n&acirc;ng cao 3.000.000 đ&nbsp;</strong><br />\r\nCh&uacute;c cho Xu&acirc;n Quang gặt h&aacute;i được nhiều th&agrave;nh t&iacute;ch hơn nữa!</span></span></span></span></p>\r\n', 'image-2-770x550.jpg', 0, 75, '', '2018-04-21 15:04:58', '2018-09-08 09:09:40', 1, '', '', '', '', '', 'White Pager', '', 'white-pager', 'học viên tiêu biểu', 1),
(112, 'News', ' Đặc biệt môn Toán - con học tại American Skills nổi bật vượt cấp độ, hiện đã học xong chương trình Lớp 4 - con đang được ôn luyện nâng cao và dần bước sang chương trình Lớp 5.', '<p style="margin-left:0cm; margin-right:0cm"><span style="font-size:16px"><span style="font-family:Times New Roman,Times,serif"><span style="background-color:white"><span style="color:#1d2129"><strong>- C&ocirc; b&eacute; rất c&aacute; t&iacute;nh th&ocirc;ng minh n&agrave;y học giỏi to&agrave;n diện c&aacute;c m&ocirc;n :</strong> Đặc biệt m&ocirc;n To&aacute;n - con học tại American Skills nổi bật vượt cấp độ, hiện đ&atilde; học xong chương tr&igrave;nh Lớp 4 - con đang được &ocirc;n luyện n&acirc;ng cao v&agrave; dần bước sang chương tr&igrave;nh Lớp 5.<img alt="" height="16" src="file:///C:\\Users\\HUYENT~1\\AppData\\Local\\Temp\\msohtmlclip1\\01\\clip_image001.png" width="16" /></span></span></span></span></p>\r\n\r\n<p style="margin-left:0cm; margin-right:0cm"><span style="font-size:16px"><span style="font-family:Times New Roman,Times,serif"><span style="background-color:white"><span style="color:#1d2129">- <strong>AMERICAN SKILLS</strong> v&ocirc; c&ugrave;ng tự h&agrave;o đ&atilde; được đồng h&agrave;nh c&ugrave;ng &nbsp;con 4 năm, v&agrave; th&agrave;nh t&iacute;ch h&ocirc;m nay của c&aacute;c con l&agrave; niềm động vi&ecirc;n, kh&iacute;ch lệ, tự tin với hướng giảng dạy đ&uacute;ng, đủ , đảm bảo h&agrave;nh trang cho c&aacute;c con vững v&agrave;ng.</span></span></span></span><br />\r\n<span style="font-family:Times New Roman,Times,serif"><span style="font-size:16px"><span style="color:#1d2129">- Ch&uacute;c mừng Yến Linh nh&eacute; .</span></span></span></p>\r\n\r\n<p style="text-align:center"><img alt="ngo-hoang-yen-linh" height="400" src="/image/images/ngo-hoang-yen-linh.jpg" width="600" /></p>\r\n', 'image-1-770x550.jpg', 0, 73, '', '2018-04-21 16:04:44', '2018-09-08 08:09:50', 1, '', '', '', '', '', 'News', '', 'news', 'học viên tiêu biểu', 1);

-- --------------------------------------------------------

--
-- Table structure for table `newscat`
--

CREATE TABLE IF NOT EXISTS `newscat` (
  `newscat_id` int(11) NOT NULL,
  `newscat_name` text COLLATE utf8_unicode_ci,
  `newscat_des` text COLLATE utf8_unicode_ci,
  `newscat_content` text COLLATE utf8_unicode_ci,
  `newscat_parent` int(11) DEFAULT NULL,
  `newscat_sort_order` int(11) DEFAULT NULL,
  `newscat_created_date` datetime DEFAULT NULL,
  `newscat_update_date` datetime DEFAULT NULL,
  `state` int(11) DEFAULT '0',
  `newscat_img` text COLLATE utf8_unicode_ci,
  `newscat_sub_info1` text COLLATE utf8_unicode_ci,
  `newscat_sub_info2` text COLLATE utf8_unicode_ci,
  `newscat_sub_info3` text COLLATE utf8_unicode_ci,
  `newscat_sub_info4` text COLLATE utf8_unicode_ci,
  `newscat_sub_info5` text COLLATE utf8_unicode_ci,
  `title_seo` text COLLATE utf8_unicode_ci,
  `des_seo` text COLLATE utf8_unicode_ci,
  `friendly_url` text COLLATE utf8_unicode_ci,
  `keyword` text COLLATE utf8_unicode_ci,
  `created_id` int(11) DEFAULT NULL
) ENGINE=InnoDB AUTO_INCREMENT=76 DEFAULT CHARSET=utf8 COLLATE=utf8_unicode_ci;

--
-- Dumping data for table `newscat`
--

INSERT INTO `newscat` (`newscat_id`, `newscat_name`, `newscat_des`, `newscat_content`, `newscat_parent`, `newscat_sort_order`, `newscat_created_date`, `newscat_update_date`, `state`, `newscat_img`, `newscat_sub_info1`, `newscat_sub_info2`, `newscat_sub_info3`, `newscat_sub_info4`, `newscat_sub_info5`, `title_seo`, `des_seo`, `friendly_url`, `keyword`, `created_id`) VALUES
(59, 'Tin Khác', '', '', 0, 0, '2017-12-01 16:12:11', NULL, 1, 's1.jpg', '', '', '', '', '', 'Tin Khác', '', 'tin-khac', '', 1),
(60, 'Tin Kế Toán', '', '', 0, 0, '2017-12-01 16:12:55', NULL, 1, 's1.jpg', '', '', '', '', '', 'Tin Kế Toán', '', 'tin-ke-toan', '', 1),
(68, 'Tin Merican Skills', '', '', 0, 0, '2018-03-27 15:03:42', NULL, 1, '', '', '', '', '', '', 'Tin Merican Skills', '', 'tin-merican-skills', '', 1),
(69, 'Tin bài page', '<p>Thay cho trang c&aacute;c b&agrave;i page</p>\r\n', '', 0, 0, '2018-03-27 16:03:36', NULL, 1, '', '', '', '', '', '', 'Tin bài page', '', 'tin-bai-page', '', 1),
(70, ' Học viên tiêu biểu', '', '', 0, 0, '2018-03-27 16:03:09', NULL, 1, '', '', '', '', '', '', ' Học viên tiêu biểu', '', 'hoc-vien-tieu-bieu', '', 1),
(71, 'Trải nghiệm người dùng', '', '', 0, 0, '2018-09-08 11:09:59', NULL, 1, NULL, '', '', '', '', '', 'Trải nghiệm người dùng', '', 'trai-nghiem-nguoi-dung', '', 1),
(72, 'Chia sẻ kinh nghiệm', '', '', 0, 0, '2018-09-08 11:09:33', NULL, 1, NULL, '', '', '', '', '', 'Chia sẻ kinh nghiệm', '', 'chia-se-kinh-nghiem', '', 1),
(73, 'Tin khuyến mãi', '', '', 0, 0, '2018-09-08 11:09:15', NULL, 1, NULL, '', '', '', '', '', 'Tin khuyến mãi', '', 'tin-khuyen-mai', '', 1),
(74, 'Tin Hot', '', '', 0, 0, '2018-09-08 11:09:53', NULL, 1, NULL, '', '', '', '', '', 'Tin Hot', '', 'tin-hot', '', 1),
(75, 'Truyền thông nói gì về chúng tôi', '', '', 0, 0, '2018-09-08 09:09:51', NULL, 1, NULL, '', '', '', '', '', 'Truyền thông nói gì về chúng tôi', '', 'truyen-thong-noi-gi-ve-chung-toi', '', 1);

-- --------------------------------------------------------

--
-- Table structure for table `newscat_languages`
--

CREATE TABLE IF NOT EXISTS `newscat_languages` (
  `id` int(11) NOT NULL,
  `newscat_id` int(11) DEFAULT NULL,
  `languages_code` varchar(255) COLLATE utf8_unicode_ci DEFAULT NULL,
  `lang_newscat_name` text COLLATE utf8_unicode_ci,
  `lang_newscat_des` text COLLATE utf8_unicode_ci,
  `lang_newscat_content` text COLLATE utf8_unicode_ci,
  `lang_newscat_sub_info1` text COLLATE utf8_unicode_ci,
  `lang_newscat_sub_info2` text COLLATE utf8_unicode_ci,
  `lang_newscat_sub_info3` text COLLATE utf8_unicode_ci,
  `lang_newscat_sub_info4` text COLLATE utf8_unicode_ci,
  `lang_newscat_sub_info5` text COLLATE utf8_unicode_ci,
  `edit_state` int(11) NOT NULL DEFAULT '0',
  `friendly_url` varchar(255) COLLATE utf8_unicode_ci DEFAULT NULL,
  `keyword` text COLLATE utf8_unicode_ci,
  `title_seo` varchar(255) COLLATE utf8_unicode_ci DEFAULT NULL,
  `des_seo` text COLLATE utf8_unicode_ci
) ENGINE=InnoDB AUTO_INCREMENT=147 DEFAULT CHARSET=utf8 COLLATE=utf8_unicode_ci;

--
-- Dumping data for table `newscat_languages`
--

INSERT INTO `newscat_languages` (`id`, `newscat_id`, `languages_code`, `lang_newscat_name`, `lang_newscat_des`, `lang_newscat_content`, `lang_newscat_sub_info1`, `lang_newscat_sub_info2`, `lang_newscat_sub_info3`, `lang_newscat_sub_info4`, `lang_newscat_sub_info5`, `edit_state`, `friendly_url`, `keyword`, `title_seo`, `des_seo`) VALUES
(113, 59, 'vn', 'Tin Khác', '', NULL, '', '', '', '', '', 0, 'tin-khac', '', 'Tin Khác', ''),
(114, 59, 'en', 'Dịch vụ', '', '', '', '', '', '', '', 0, 'dich-vu', '', 'Dịch vụ', ''),
(115, 60, 'vn', 'Tin Kế Toán', '', NULL, '', '', '', '', '', 0, 'tin-ke-toan', '', 'Tin Kế Toán', ''),
(116, 60, 'en', 'Ý kiến khách hàng', '', '', '', '', '', '', '', 0, 'y-kien-khach-hang', '', 'Ý kiến khách hàng', ''),
(131, 68, 'vn', 'Tin Merican Skills', '', '', '', '', '', '', '', 0, 'tin-merican-skills', '', 'Tin Merican Skills', ''),
(132, 68, 'en', 'Tin Merican Skills', '', '', '', '', '', '', '', 0, 'tin-merican-skills', '', 'Tin Merican Skills', ''),
(133, 69, 'vn', 'Tin bài page', '<p>Thay cho trang c&aacute;c b&agrave;i page</p>\r\n', '', '', '', '', '', '', 0, 'tin-bai-page', '', 'Tin bài page', ''),
(134, 69, 'en', 'Tin bài page', '<p>Thay cho trang c&aacute;c b&agrave;i page</p>\r\n', '', '', '', '', '', '', 0, 'tin-bai-page', '', 'Tin bài page', ''),
(135, 70, 'vn', ' Học viên tiêu biểu', '', '', '', '', '', '', '', 0, 'hoc-vien-tieu-bieu', '', ' Học viên tiêu biểu', ''),
(136, 70, 'en', ' Học viên tiêu biểu', '', '', '', '', '', '', '', 0, 'hoc-vien-tieu-bieu', '', ' Học viên tiêu biểu', ''),
(137, 71, 'vn', 'Trải nghiệm người dùng', '', NULL, '', '', '', '', '', 0, 'trai-nghiem-nguoi-dung', '', 'Trải nghiệm người dùng', ''),
(138, 71, 'en', 'Nhượng quyền', '', '', '', '', '', '', '', 0, 'nhuong-quyen', '', 'Nhượng quyền', ''),
(139, 72, 'vn', 'Chia sẻ kinh nghiệm', '', NULL, '', '', '', '', '', 0, 'chia-se-kinh-nghiem', '', 'Chia sẻ kinh nghiệm', ''),
(140, 72, 'en', 'Khóa học Home', '', '', '', '', '', '', '', 0, 'khoa-hoc-home', '', 'Khóa học Home', ''),
(141, 73, 'vn', 'Tin khuyến mãi', '', NULL, '', '', '', '', '', 0, 'tin-khuyen-mai', '', 'Tin khuyến mãi', ''),
(142, 73, 'en', 'Video Clip', '', '', '', '', '', '', '', 0, 'video-clip', '', 'Video Clip', ''),
(143, 74, 'vn', 'Tin Hot', '', NULL, '', '', '', '', '', 0, 'tin-hot', '', 'Tin Hot', ''),
(144, 74, 'en', ' Học viên', '', '', '', '', '', '', '', 0, 'hoc-vien', '', ' Học viên', ''),
(145, 75, 'vn', 'Truyền thông nói gì về chúng tôi', '', NULL, '', '', '', '', '', 0, 'truyen-thong-noi-gi-ve-chung-toi', '', 'Truyền thông nói gì về chúng tôi', ''),
(146, 75, 'en', 'Chương trình học', '', '', '', '', '', '', '', 0, 'chuong-trinh-hoc', '', 'Chương trình học', '');

-- --------------------------------------------------------

--
-- Table structure for table `news_languages`
--

CREATE TABLE IF NOT EXISTS `news_languages` (
  `id` bigint(20) NOT NULL,
  `news_id` int(11) DEFAULT NULL,
  `languages_code` varchar(255) COLLATE utf8_unicode_ci DEFAULT NULL,
  `lang_news_name` text COLLATE utf8_unicode_ci,
  `lang_news_des` text COLLATE utf8_unicode_ci,
  `lang_news_content` text COLLATE utf8_unicode_ci,
  `lang_news_sub_info1` text COLLATE utf8_unicode_ci,
  `lang_news_sub_info2` text COLLATE utf8_unicode_ci,
  `lang_news_sub_info3` text COLLATE utf8_unicode_ci,
  `lang_news_sub_info4` text COLLATE utf8_unicode_ci,
  `lang_news_sub_info5` text COLLATE utf8_unicode_ci,
  `edit_state` int(11) NOT NULL DEFAULT '0',
  `friendly_url` varchar(255) COLLATE utf8_unicode_ci DEFAULT NULL,
  `title_seo` varchar(255) COLLATE utf8_unicode_ci DEFAULT NULL,
  `des_seo` text COLLATE utf8_unicode_ci,
  `keyword` text COLLATE utf8_unicode_ci
) ENGINE=InnoDB AUTO_INCREMENT=225 DEFAULT CHARSET=utf8 COLLATE=utf8_unicode_ci;

--
-- Dumping data for table `news_languages`
--

INSERT INTO `news_languages` (`id`, `news_id`, `languages_code`, `lang_news_name`, `lang_news_des`, `lang_news_content`, `lang_news_sub_info1`, `lang_news_sub_info2`, `lang_news_sub_info3`, `lang_news_sub_info4`, `lang_news_sub_info5`, `edit_state`, `friendly_url`, `title_seo`, `des_seo`, `keyword`) VALUES
(181, 91, 'vn', 'Giới thiệu về Smart Skills', 'Math Skills được xem là phương pháp phát triển tư duy Toán học tiên tiến của Mỹ dành cho học sinh Mầm non và Tiểu học', '<h2>KỸ NĂNG TƯ DUY TO&Aacute;N HỌC &ndash; GI&Uacute;P TRẺ EM PH&Aacute;T TRIỂN TƯ DUY V&Agrave; HỌC GIỎI TO&Aacute;N</h2>\r\n\r\n<p><br />\r\n<br />\r\nMath Skills được xem l&agrave;&nbsp;<strong>phương ph&aacute;p ph&aacute;t triển tư duy To&aacute;n học ti&ecirc;n tiến của Mỹ d&agrave;nh cho học sinh Mầm non v&agrave; Tiểu học.</strong>&nbsp;Math Skills hướng đến việc ph&aacute;t triển kỹ năng tư duy To&aacute;n học cho trẻ em ngay từ nhỏ với phương ph&aacute;p c&aacute; thể h&oacute;a nhằm tối đa ho&aacute; hiệu quả v&agrave; ph&aacute;t huy được điểm mạnh đồng thời khắc phục điểm yếu của từng học sinh.</p>\r\n\r\n<p><br />\r\nNghi&ecirc;n cứu của Trường Đại Học Harvard- Mỹ năm 2006 cho thấy, trẻ em được tiếp cận với kỹ năng tư duy To&aacute;n ngay từ tuổi Mầm non sẽ c&oacute; khả năng tiếp cận với tất cả c&aacute;c m&ocirc;n học tại trường Tiểu học tốt hơn c&aacute;c bạn c&ugrave;ng trang lứa chưa được tiếp cận với kỹ năng n&agrave;y. Nghi&ecirc;n cứu cũng chỉ ra rằng, trẻ em được tiếp cận với kỹ năng tư duy To&aacute;n trước 6 tuổi sẽ c&oacute; khả năng tập trung, khả năng quan s&aacute;t, ph&acirc;n t&iacute;ch vấn đề v&agrave; tư duy logic tốt hơn so với c&aacute;c trẻ em kh&aacute;c.</p>\r\n\r\n<p><img alt="" height="218" src="http://americanskills.vn/contents_americanskills/uploads/images/0033-01-1024x447.jpg" width="500" /></p>\r\n\r\n<p><br />\r\nTheo kết quả khảo s&aacute;t của&nbsp;<strong>Bộ Gi&aacute;o dục Mỹ</strong>&nbsp;cũng cho thấy:</p>\r\n\r\n<p><br />\r\n- Học sinh học giỏi To&aacute;n cũng c&oacute; khả năng học giỏi c&aacute;c m&ocirc;n học kh&aacute;c. Tỷ lệ n&agrave;y l&agrave; 38%.<br />\r\n- Học sinh c&oacute; khả năng tư duy To&aacute;n tốt c&oacute; khả năng đỗ v&agrave;o c&aacute;c Trường Đại học cao hơn c&aacute;c học sinh kh&aacute;c đồng thời những sinh vi&ecirc;n n&agrave;y ra trường c&oacute; tỷ lệ t&igrave;m được c&ocirc;ng việc tốt với mức lương cao hơn c&aacute;c sinh vi&ecirc;n kh&aacute;c kh&ocirc;ng giỏi To&aacute;n. Tỷ lệ n&agrave;y l&agrave; 42%.</p>\r\n\r\n<p><br />\r\nThực tế cho thấy trẻ em Việt Nam c&oacute; tố chất học giỏi m&ocirc;n To&aacute;n. Tuy nhi&ecirc;n, phương ph&aacute;p gi&aacute;o dục hiện tại mới chỉ dừng lại ở việc học nhớ, học vẹt v&agrave; l&agrave;m nhiều th&agrave;nh quen m&agrave; kh&ocirc;ng vận dụng kỹ năng tư duy logic, quan s&aacute;t, ph&acirc;n t&iacute;ch vấn đề. American Skills x&acirc;y dựng chương tr&igrave;nh Math Skills với mong muốn mang đến cho trẻ em Việt Nam kiến thức nền tảng về To&aacute;n học &ndash; th&ocirc;ng qua việc hiểu bản chất vấn đề, đồng thời luyện tập khả năng tư duy logic v&agrave; ph&acirc;n t&iacute;ch vấn đề m&agrave; kh&ocirc;ng cần học nhớ, học vẹt.</p>\r\n\r\n<h2>PHƯƠNG PH&Aacute;P Đ&Agrave;O TẠO</h2>\r\n\r\n<ul>\r\n	<li>Đ&agrave;o tạo theo&nbsp;<strong>phương ph&aacute;p c&aacute; thể ho&aacute;</strong>&nbsp;&ndash; mỗi học sinh sẽ được học theo một kế hoạch học tập ri&ecirc;ng.</li>\r\n	<li>Vận dụng c&aacute;c&nbsp;<strong>kỹ thuật giảng dạy đa chiều</strong>&nbsp;gồm: quan s&aacute;t h&igrave;nh ảnh gi&aacute;o cụ trực quan -&gt; diễn đạt bằng ng&ocirc;n từ -&gt; suy luận tư duy logic-&gt; to&aacute;n viết -&gt; ứng dụng.Gi&uacute;p học sinh hiểu nhanh bản chất của vấn đề, ph&aacute;t triển khả năng quan s&aacute;t, ph&aacute;n đo&aacute;n, tư duy đồng thời biết ứng dụng to&aacute;n v&agrave;o thực tế.</li>\r\n</ul>\r\n\r\n<p>&nbsp;</p>\r\n\r\n<ul>\r\n	<li>Vận dụng c&aacute;ch tiếp cận vấn đề đi từ bản chất, từ c&aacute;i cơ bản đến tổng thể v&agrave; n&acirc;ng cao với 3 bộ b&agrave;i tập: r&egrave;n luyện kỹ năng t&iacute;nh to&aacute;n, To&aacute;n c&oacute; lời giải, To&aacute;n tư duy tổng hợp. Gi&uacute;p trẻ thấu hiểu to&aacute;n, y&ecirc;u th&iacute;ch học to&aacute;n v&agrave; ph&aacute;t triển tư duy.</li>\r\n	<li>Qu&aacute; tr&igrave;nh học tập với quy tr&igrave;nh kh&eacute;p k&iacute;n:&nbsp;<strong>Kiểm tra đầu v&agrave;o- Đ&agrave;o tạo- Kiểm tra cuối kho&aacute;</strong>. Gi&uacute;p đ&aacute;nh gi&aacute; sự tiến bộ của học sinh trong từng kho&aacute; học.</li>\r\n	<li><strong>Gi&aacute;o tr&igrave;nh</strong>&nbsp;do c&aacute;c chuy&ecirc;n gia To&aacute;n học của American Skills x&acirc;y dựng c&oacute; sự điều chỉnh cho&nbsp;<em>ph&ugrave; hợp với chương tr&igrave;nh To&aacute;n của Việt Nam</em>.</li>\r\n	<li>Phương ph&aacute;p giảng dạy trực quan, sinh động lấy học sinh l&agrave;m chủ thể.</li>\r\n	<li>M&ocirc;i trường học tập th&acirc;n thiện, chuy&ecirc;n nghiệp.</li>\r\n</ul>\r\n\r\n<h2>&nbsp;</h2>\r\n\r\n<h2>LƠI &Iacute;CH SAU KH&Oacute;A HỌC</h2>\r\n\r\n<ul>\r\n	<li>&nbsp; &nbsp; &nbsp;&nbsp;Gi&uacute;p học sinh hiểu bản chất vấn đề v&agrave; biết ứng dụng To&aacute;n v&agrave;o thực tế.</li>\r\n	<li>&nbsp;&nbsp;&nbsp; Gi&uacute;p trẻ em y&ecirc;u th&iacute;ch học to&aacute;n, c&oacute; &yacute; thức tự gi&aacute;c trong học tập.</li>\r\n	<li>&nbsp;&nbsp;&nbsp; Gi&uacute;p c&aacute;c em học tốt M&ocirc;n To&aacute;n v&agrave; c&aacute;c m&ocirc;n học kh&aacute;c tr&ecirc;n trường.</li>\r\n	<li>&nbsp;&nbsp;&nbsp; Gi&uacute;p trẻ em ph&aacute;t triển tư duy to&agrave;n diện.</li>\r\n	<li>&nbsp;&nbsp;&nbsp; Gi&uacute;p c&aacute;c em ho&agrave;n thiện bản th&acirc;n v&agrave; l&agrave;m chủ cuộc sống.</li>\r\n</ul>\r\n', '', '', '', '', '', 0, 'gioi-thieu-ve-smart-skills', 'Giới thiệu về Smart Skills', 'Với dịch vụ kê khai thuế online sẽ giúp bạn tiết kiệm thời gian, công sức một cách hiệu quả nhất.\r\n', 'dịch vụ kê khai thuế online'),
(182, 91, 'en', 'Có nên sử dụng dịch vụ kê khai thuế online?', 'Với dịch vụ kê khai thuế online sẽ giúp bạn tiết kiệm thời gian, công sức một cách hiệu quả nhất.\r\n', '<p dir="ltr">Để tiết kiệm thời gian, c&ocirc;ng sức cho c&aacute;c doanh nghiệp trong c&ocirc;ng việc của c&aacute;c c&ocirc;ng ty, doanh nghiệp, tổ chức th&igrave; <a href="http://baocaothueonline.vn/ke-khai-thue-online"><strong>dịch vụ k&ecirc; khai thuế online</strong></a> v&ocirc; c&ugrave;ng cần thiết v&agrave; quan trọng. Tuy nhi&ecirc;n vẫn c&ograve;n rất nhiều người băn khoăn về vấn đề n&agrave;y, b&agrave;i viết n&agrave;y sẽ gi&uacute;p bạn giải đ&aacute;p thắc mắc n&agrave;y.</p>\r\n\r\n<h2 dir="ltr"><strong>Ưu điểm của dịch vụ k&ecirc; khai thuế online:</strong></h2>\r\n\r\n<p style="text-align:center"><img alt="Hình ảnh có liên quan" height="330" src="https://lh3.googleusercontent.com/1CDSTmwu0QiAHho42Jy8KzBYGRiVYpcRIWhWFjerIQkRVfxgoptz0P0TeexazU5MIkcNyn2q6bGLmplByGAkvxeTaalLS_qVTztsCobIPgtsYDfMip7G3LeCM_9dID9xh9r5Eks4ULkB07rrSg" width="590" /></p>\r\n\r\n<p dir="ltr" style="text-align:center">Dịch vụ k&ecirc; khai thuế online</p>\r\n\r\n<p dir="ltr">Để biết được c&oacute; n&ecirc;n sử dụng<a href="http://baocaothueonline.vn/index.php"> <strong>dịch vụ k&ecirc; khai thuế online</strong></a><strong> </strong>th&igrave; h&atilde;y t&igrave;m hiểu những ưu điểm m&agrave; dịch vụ mang lại như:</p>\r\n\r\n<ul>\r\n	<li dir="ltr">\r\n	<p dir="ltr">Dịch vụ n&agrave;y ch&iacute;nh l&agrave; kết quả ho&agrave;n hảo giữa kiến thức chuy&ecirc;n s&acirc;u, kĩ năng chuy&ecirc;n nghiệp của đội ngũ kế to&aacute;n v&agrave; những luật sư nổi tiếng.</p>\r\n	</li>\r\n	<li dir="ltr">\r\n	<p dir="ltr">Đ&acirc;y ch&iacute;nh l&agrave; dịch vụ trọn g&oacute;i được thực hiện từ khi tiếp nhận th&ocirc;ng tin, k&ecirc; khai. Dịch vụ gi&uacute;p tiết kiệm thời gian, c&ocirc;ng sức v&agrave; đạt được độ ch&iacute;nh x&aacute;c cao với qui tr&igrave;nh l&agrave;m việc bằng những con số phức tạp như k&ecirc; khai thuế.</p>\r\n	</li>\r\n	<li dir="ltr">\r\n	<p dir="ltr">Chi ph&iacute; hợp l&yacute;, gi&aacute; cả cạnh trạnh</p>\r\n	</li>\r\n	<li dir="ltr">\r\n	<p dir="ltr">G&oacute;i dịch vụ v&ocirc; c&ugrave;ng đa dạng v&agrave; chất lượng</p>\r\n	</li>\r\n	<li dir="ltr">\r\n	<p dir="ltr">Thời gian thực hiện k&ecirc; khai thuế đ&uacute;ng qui định, nhanh ch&oacute;ng, ch&iacute;nh x&aacute;c</p>\r\n	</li>\r\n</ul>\r\n\r\n<h2 dir="ltr"><strong>Địa chỉ cung cấp dịch vụ k&ecirc; khai thuế online chất lượng, uy t&iacute;n:</strong></h2>\r\n\r\n<p dir="ltr">Để sở hữu những ưu điểm của <strong>dịch vụ k&ecirc; khai thuế online</strong> như tr&ecirc;n th&igrave; bạn cần phải c&oacute; một địa chỉ uy t&iacute;n mang đến dịch vụ chất lượng nhất. L&agrave; một doanh nghiệp cung cấp dịch vụ k&ecirc; khai thuế chất lượng sẽ đ&aacute;p ứng đầy đủ c&aacute;c ti&ecirc;u chuẩn như:</p>\r\n\r\n<ul>\r\n	<li dir="ltr">\r\n	<p dir="ltr">C&oacute; giấy chứng nhận</p>\r\n	</li>\r\n	<li dir="ltr">\r\n	<p dir="ltr">C&oacute; cấp ph&eacute;p ph&aacute;p l&yacute;</p>\r\n	</li>\r\n	<li dir="ltr">\r\n	<p dir="ltr">C&oacute; đội ngũ chuy&ecirc;n vi&ecirc;n gi&agrave;u kinh nghiệm v&agrave; được đ&agrave;o tạo b&agrave;i bản</p>\r\n	</li>\r\n	<li dir="ltr">\r\n	<p dir="ltr">C&oacute; uy t&iacute;n về chất lượng dịch vụ cũng như thời gian thực hiện đ&uacute;ng hạn, ch&iacute;nh x&aacute;c</p>\r\n	</li>\r\n</ul>\r\n\r\n<p style="text-align:center"><img alt="" height="312" src="https://lh6.googleusercontent.com/EPYWONud2trgeR24eWoJU1nOTvR5Vonr_SrP7qCjKWkdnIVJEwvHY_yD4zzddUD3eO5H8skz6uCWv1HrKWq_EIjC-9Bneuw2fqbmwG8agqWKmxpNBcD6R5wV2LK1aH5-aRUbx86u" width="600" /></p>\r\n\r\n<p dir="ltr" style="text-align:center">Địa chỉ cung cấp dịch vụ k&ecirc; khai thuế online chất lượng</p>\r\n\r\n<p dir="ltr">V&agrave; kh&ocirc;ng ở đ&acirc;u xa, địa chỉ uy t&iacute;n m&agrave; bạn đang chờ đợi ch&iacute;nh l&agrave; Nguy&ecirc;n Anh Tax - C&ocirc;ng Ty TNHH Quản Trị Rủi Ro Thuế Nguy&ecirc;n Anh. L&agrave; một doanh nghiệp chuy&ecirc;n cung cấp c&aacute;c dịch vụ về kiểm so&aacute;t rủi ro, k&ecirc; khai thuế chất lượng với tầm nh&igrave;n hoạt động ch&iacute;nh l&agrave; x&acirc;y dựng hệ thống kế to&aacute;n thuế vững mạnh, trở th&agrave;nh mắt x&iacute;ch gi&uacute;p doanh nghiệp kinh doanh hiệu quả sẽ gi&uacute;p bạn c&oacute; được trải nghiệm ưng &yacute; nhất, chất lượng nhất.</p>\r\n\r\n<p dir="ltr">Một số dịch vụ được cung cấp tại Nguy&ecirc;n Anh Tax:</p>\r\n\r\n<ul>\r\n	<li dir="ltr">\r\n	<p dir="ltr">K&ecirc; khai thuế trọn g&oacute;i</p>\r\n	</li>\r\n	<li dir="ltr">\r\n	<p dir="ltr">K&ecirc; khai thuế online</p>\r\n	</li>\r\n	<li dir="ltr">\r\n	<p dir="ltr">R&agrave; so&aacute;t sổ s&aacute;ch</p>\r\n	</li>\r\n	<li dir="ltr">\r\n	<p dir="ltr">Ho&agrave;n thiện sổ s&aacute;ch</p>\r\n	</li>\r\n	<li dir="ltr">\r\n	<p dir="ltr">Quyết to&aacute;n thuế</p>\r\n	</li>\r\n	<li dir="ltr">\r\n	<p dir="ltr">Th&agrave;nh lập doanh nghiệp</p>\r\n	</li>\r\n</ul>\r\n\r\n<p dir="ltr">C&ograve;n chần chừ g&igrave; m&agrave; kh&ocirc;ng đến ngay với http://nguyenanhtax.vn để c&oacute; được những dịch vụ chất lượng nhất đặc biệt l&agrave; dịch vụ k&ecirc; khai thuế online.</p>\r\n', '', '', '', '', '', 0, 'co-nen-su-dung-dich-vu-ke-khai-thue-online', 'Có nên sử dụng dịch vụ kê khai thuế online?', 'Với dịch vụ kê khai thuế online sẽ giúp bạn tiết kiệm thời gian, công sức một cách hiệu quả nhất.\r\n', 'dịch vụ kê khai thuế online'),
(183, 92, 'vn', 'Giới thiệu về Smart Reading Skills', 'Chương trình Smart Reading Skills được phát triển trên nền tảng phương pháp học đọc  đa giác quan kết hợp đa cấp độ của Mỹ', '<h2>PHƯƠNG PH&Aacute;P ĐỌC TH&Ocirc;NG MINH GI&Uacute;P B&Eacute; Y&Ecirc;U PH&Aacute;T TRIỂN TR&Iacute; N&Atilde;O V&Agrave; KHẢ NĂNG NG&Ocirc;N NGỮ</h2>\r\n\r\n<p><br />\r\nChương tr&igrave;nh&nbsp;Smart Reading Skills&nbsp;được ph&aacute;t triển tr&ecirc;n nền tảng phương ph&aacute;p học đọc&nbsp; đa gi&aacute;c quan kết hợp đa cấp độ của Mỹ&nbsp; đ&atilde; được &aacute;p dụng tại c&aacute;c trường học tr&ecirc;n khắp nước&nbsp; Mỹ&nbsp; cũng như tại nhiều quốc gia tr&ecirc;n thế giới. Phương ph&aacute;p n&agrave;y được phụ huynh ưa chuộng v&agrave; lựa chọn l&agrave; phương ph&aacute;p học đọc s&aacute;ng tạo&nbsp; v&agrave; hiệu quả nhất hiện nay.&nbsp;<em><strong>Smart Reading Skills được c&ocirc;ng nhận gi&uacute;p trẻ ph&aacute;t triển tr&iacute; n&atilde;o v&agrave; khả năng ng&ocirc;n ngữ.</strong></em></p>\r\n\r\n<p>Theo nghi&ecirc;n cứu của Trường Đại Học Harvard- Mỹ th&igrave; c&oacute; đến 70% trẻ em dưới 6 tuổi được cha mẹ c&ugrave;ng đọc s&aacute;ch trước khi đi ngủ. C&aacute;c chuy&ecirc;n gia cho biết việc tiếp tục hướng dẫn trẻ đọc s&aacute;ch trong giai đoạn tiểu học l&agrave; rất quan trọng đối với sự ph&aacute;t triển tr&iacute; n&atilde;o v&agrave; ng&ocirc;n ngữ của c&aacute;c em. Tuy nhi&ecirc;n, hầu hết c&aacute;c trẻ em Việt Nam từ 7 tuổi trở l&ecirc;n kh&ocirc;ng được r&egrave;n luyện kỹ năng n&agrave;y ở trường cũng như ở nh&agrave; m&agrave; hầu hết c&aacute;c em đều tự m&igrave;nh đọc một c&aacute;ch tự ph&aacute;t. V&igrave; vậy, n&ecirc;n sau 7 tuổi c&aacute;c em bắt đầu bộc lộ nhiều điểm hạn chế về khả năng đọc, ph&acirc;n t&iacute;ch, diễn đạt bằng ng&ocirc;n ngữ cũng như khả năng tư duy độc lập. Thực tế cho thấy rằng những trẻ em th&iacute;ch đọc s&aacute;ch c&oacute; nhiều khả năng đạt th&agrave;nh t&iacute;ch học tập tốt ở trường v&agrave; th&agrave;nh c&ocirc;ng hơn ở nơi l&agrave;m việc sau n&agrave;y.</p>\r\n\r\n<p>B&iacute; quyết gi&uacute;p c&aacute;c em quan t&acirc;m đến việc đọc l&agrave; giới thiệu với c&aacute;c em nhiều loại s&aacute;ch ph&ugrave; hợp với từng độ tuổi v&agrave; cho con tiếp x&uacute;c với việc học đọc c&agrave;ng sớm c&agrave;ng tốt. Với mỗi chủ đề n&ecirc;n cho trẻ tiếp cận v&agrave; hiểu được từ mới, nội dung cuốn s&aacute;ch v&agrave; c&ugrave;ng thảo luận về c&aacute;c nội dung đ&atilde; đọc để&nbsp; gi&uacute;p trẻ bộc lộ hiểu biết, khả nằn suy luận của m&igrave;nh v&agrave; ph&aacute;t triển tư duy.</p>\r\n\r\n<p>Chương tr&igrave;nh&nbsp;<strong>Smart Reading Skills</strong>&nbsp;đ&atilde; được&nbsp; American Skills triển khai tại Việt Nam nhằm mang đến cho c&aacute;c em những lợi &iacute;ch sau:</p>\r\n\r\n<p>&nbsp;</p>\r\n\r\n<p>-&nbsp;&nbsp;&nbsp;&nbsp;&nbsp;&nbsp;&nbsp;&nbsp;&nbsp; Gi&uacute;p c&aacute;c b&eacute; luyện ph&aacute;t &acirc;m chuẩn.</p>\r\n\r\n<p>-&nbsp;&nbsp;&nbsp;&nbsp;&nbsp;&nbsp;&nbsp;&nbsp;&nbsp; Gi&uacute;p b&eacute; từ việc biết đ&aacute;nh vần đến biết đọc trơn.</p>\r\n\r\n<p>-&nbsp;&nbsp;&nbsp;&nbsp;&nbsp;&nbsp;&nbsp;&nbsp;&nbsp; Gi&uacute;p c&aacute;c em th&iacute;ch đọc s&aacute;ch v&agrave; biết c&aacute;ch tự đọc đ&uacute;ng c&aacute;ch.</p>\r\n\r\n<p>-&nbsp;&nbsp;&nbsp;&nbsp;&nbsp;&nbsp;&nbsp;&nbsp;&nbsp; Gi&uacute;p c&aacute;c em h&igrave;nh th&agrave;nh c&aacute;c kỹ năng tư duy như: khả năng t&oacute;m tắt v&agrave; ghi nhớ th&ocirc;ng tin, khả năng ph&acirc;n t&iacute;ch v&agrave; kh&aacute;i qu&aacute;t một vấn đề, khả năng suy luận logic, khả năng tưởng tượng, li&ecirc;n tưởng v&agrave; s&aacute;ng tạo,&hellip;</p>\r\n\r\n<p>-&nbsp;&nbsp;&nbsp;&nbsp;&nbsp;&nbsp;&nbsp;&nbsp;&nbsp; Gi&uacute;p n&atilde;o trẻ hoạt động v&agrave; gi&uacute;p suy nghĩ của trẻ ph&aacute;t triển đa chiều, đồng thời c&ograve;n l&agrave;m tăng sự tập trung của n&atilde;o bộ trong mọi ho&agrave;n cảnh.</p>\r\n\r\n<p>-&nbsp;&nbsp;&nbsp;&nbsp;&nbsp;&nbsp;&nbsp;&nbsp;&nbsp; Gi&uacute;p tăng cường khả năng giao tiếp hiệu quả v&agrave; gi&uacute;p r&egrave;n luyện năng lực ng&ocirc;n ngữ: đọc s&aacute;ch gi&uacute;p l&agrave;m gi&agrave;u vốn từ, tăng khả năng sử dụng ng&ocirc; ngữ để diễn đạt v&agrave; giao tiếp.</p>\r\n\r\n<p>-&nbsp;&nbsp;&nbsp;&nbsp;&nbsp;&nbsp;&nbsp;&nbsp;&nbsp; Gi&uacute;p c&aacute;c b&eacute; h&igrave;nh th&agrave;nh nh&acirc;n c&aacute;ch, vốn sống v&agrave; kiến thức x&atilde; hội th&ocirc;ng qua c&aacute;c chủ đề b&agrave;i học phong ph&uacute;, đa dạng.</p>\r\n\r\n<p>-&nbsp;&nbsp;&nbsp;&nbsp;&nbsp;&nbsp;&nbsp;&nbsp;&nbsp; Gi&uacute;p trẻ cảm thấy phấn chấn hơn, gi&uacute;p b&eacute; giảm bớt những th&oacute;i quen ảnh hưởng đến khả năng tư duy v&agrave; tập trung của b&eacute; như xem tivi, chơi game,&hellip;</p>\r\n\r\n<p>-&nbsp;&nbsp;&nbsp;&nbsp;&nbsp;&nbsp;&nbsp;&nbsp;&nbsp; Gi&uacute;p c&aacute;c em giảm bớt &aacute;p lực của cuộc sống v&agrave; lấy lại sự c&acirc;n bằng cần thiết, gi&uacute;p c&aacute;c em sống khoẻ v&agrave; sống tốt hơn.</p>\r\n\r\n<p>&nbsp;</p>\r\n\r\n<h2>PHƯƠNG PH&Aacute;P CỦA CHƯƠNG TR&Igrave;NH:</h2>\r\n\r\n<p><strong>Phương ph&aacute;p học đọc đa cấp độ</strong>: Mỗi buổi học b&eacute; được học một nội dung/ chủ đề hấp dẫn v&agrave; ph&ugrave; hợp với độ tuổi v&agrave; tr&igrave;nh độ của b&eacute;. Đ&acirc;y l&agrave; nội dung được c&aacute;c chuy&ecirc;n gia nước ngo&agrave;i bi&ecirc;n soạn d&agrave;nh ri&ecirc;ng cho chương tr&igrave;nh&nbsp;<strong>Smart Reading Skills</strong>&nbsp;với c&aacute;c chủ đề rất đa dạng, với nhiều cấp độ kh&aacute;c nhau như: thế giới quanh em, kh&aacute;m ph&aacute; bản th&acirc;n, gi&aacute;o dục t&igrave;nh cảm gia đ&igrave;nh, bạn b&egrave;, gi&aacute;o dục gi&aacute; trị sống, c&aacute;c hiện tượng thi&ecirc;n nhi&ecirc;n v&agrave; c&aacute;c t&aacute;c phẩm văn học nổi tiếng cho mọi lứa tuổi,&hellip;</p>\r\n\r\n<p><strong>Phương ph&aacute;p học đọc đa gi&aacute;c quan</strong>: Với mỗi chủ đề b&eacute; đều được tiếp cận th&ocirc;ng qua c&aacute;c gi&aacute;c quan như: nghe, nh&igrave;n, sờ, tưởng tượng, đọc, nhập vai,&hellip;với c&aacute;c hoạt động phong ph&uacute; như: đố vui, đ&oacute;ng kịch, kể chuyện, xem phim, b&igrave;nh luận, thảo luận nh&oacute;m, chơi tr&ograve; chơi tương t&aacute;c, vận động cơ thể theo ng&ocirc;n ngữ, diễn đạt ng&ocirc;n ngữ bằng c&aacute;c h&agrave;nh động phi ng&ocirc;n ngữ.</p>\r\n\r\n<p>Ph&aacute;t triển Kỹ năng tư duy: Mỗi buổi b&eacute; được giới thiệu v&agrave; r&egrave;n luyện một hoặc một số kỹ năng tư duy nhất định. Chẳng hạn như:</p>\r\n\r\n<p>-&nbsp;&nbsp;&nbsp;&nbsp;&nbsp;&nbsp;&nbsp;&nbsp;&nbsp; T&oacute;m tắt th&ocirc;ng tin &ndash; dưới dạng sơ đồ tư duy</p>\r\n\r\n<p>-&nbsp;&nbsp;&nbsp;&nbsp;&nbsp;&nbsp;&nbsp;&nbsp;&nbsp; Ghi nhớ v&agrave; diễn đạt</p>\r\n\r\n<p>-&nbsp;&nbsp;&nbsp;&nbsp;&nbsp;&nbsp;&nbsp;&nbsp;&nbsp; Kh&aacute;i qu&aacute;t v&agrave; tổng kết</p>\r\n\r\n<p>-&nbsp;&nbsp;&nbsp;&nbsp;&nbsp;&nbsp;&nbsp;&nbsp;&nbsp; Kỹ năng suy luận v&agrave; tư duy</p>\r\n\r\n<p>-&nbsp;&nbsp;&nbsp;&nbsp;&nbsp;&nbsp;&nbsp;&nbsp;&nbsp; Kỹ năng ph&aacute;n đo&aacute;n</p>\r\n\r\n<p>-&nbsp;&nbsp;&nbsp;&nbsp;&nbsp;&nbsp;&nbsp;&nbsp;&nbsp; Kỹ năng ph&acirc;n t&iacute;ch nh&acirc;n vật v&agrave; ph&acirc;n t&iacute;ch bối cảnh</p>\r\n\r\n<p>-&nbsp;&nbsp;&nbsp;&nbsp;&nbsp;&nbsp;&nbsp;&nbsp;&nbsp; Đưa ra giải ph&aacute;p cho một vấn đề</p>\r\n\r\n<p>-&nbsp;&nbsp;&nbsp;&nbsp;&nbsp;&nbsp;&nbsp;&nbsp;&nbsp; Li&ecirc;n tưởng v&agrave; &aacute;p dụng</p>\r\n\r\n<p>-&nbsp;&nbsp;&nbsp;&nbsp;&nbsp;&nbsp;&nbsp;&nbsp;&nbsp; Tưởng tượng v&agrave; s&aacute;ng tạo</p>\r\n\r\n<p>&nbsp;</p>\r\n\r\n<p>Từ vựng: Mỗi buổi sẽ cung cấp cho b&eacute; một lượng từ vựng mới nhất định tuỳ thuộc v&agrave;o từng cấp độ, gi&uacute;p b&eacute; bổ sung vốn từ th&ecirc;m phong ph&uacute;.</p>\r\n\r\n<p>B&aacute;o c&aacute;o h&agrave;ng ng&agrave;y: Sau từng buổi học, phụ huynh đều nhận được th&ocirc;ng tin&nbsp; về những g&igrave; m&agrave; b&eacute; được học trong buổi học đ&oacute;, c&ugrave;ng với giới &yacute; về b&agrave;i tập gi&uacute;p b&eacute; r&egrave;n luyện tại nh&agrave;.</p>\r\n', '', '', '', '', '', 0, 'gioi-thieu-ve-smart-reading-skills', 'Giới thiệu về Smart Reading Skills', '', ''),
(184, 92, 'en', 'Khóa học của Smart Reading Skills', '', '', '', '', '', '', '', 0, 'khoa-hoc-cua-smart-reading-skills', 'Khóa học của Smart Reading Skills', '', ''),
(185, 93, 'vn', 'Khóa học của Social Skills', '', '', '', '', '', '', '', 0, 'khoa-hoc-cua-social-skills', 'Khóa học của Social Skills', '', ''),
(186, 93, 'en', 'Khóa học của Social Skills', '', '', '', '', '', '', '', 0, 'khoa-hoc-cua-social-skills', 'Khóa học của Social Skills', '', ''),
(187, 94, 'vn', ' Khóa học của tiếng anh', '', '', '', '', '', '', '', 0, 'khoa-hoc-cua-tieng-anh', ' Khóa học của tiếng anh', '', ''),
(188, 94, 'en', ' Khóa học của tiếng anh', '', '', '', '', '', '', '', 0, 'khoa-hoc-cua-tieng-anh', ' Khóa học của tiếng anh', '', ''),
(189, 95, 'vn', 'Giới thiệu tuan', '', '<p style="text-align:justify"><span style="font-size:18px"><span style="font-family:Times New Roman,Times,serif"><strong>Sứ mệnh</strong>&nbsp;của ch&uacute;ng t&ocirc;i l&agrave; tạo ra một m&ocirc;i trường học c&oacute; thể đem lại ảnh hưởng t&iacute;ch cực, niềm vui, t&igrave;nh y&ecirc;u v&agrave; sự ph&aacute;t triển to&agrave;n diện cho học sinh. B&ecirc;n cạnh c&aacute;c kiến thức chuy&ecirc;n m&ocirc;n,&nbsp;học sinh tại&nbsp;<strong>American Skills&nbsp;</strong>được bồi dưỡng nh&acirc;n c&aacute;ch, ph&aacute;t triển sự tự tin, kỹ năng sống l&agrave; bước đệm quan trọng, cần thiết cho sự th&agrave;nh c&ocirc;ng của c&aacute;c em trong tương lai.</span></span></p>\r\n\r\n<p style="text-align:justify"><span style="font-size:18px"><span style="font-family:Times New Roman,Times,serif"><em><span style="color:#2980b9"><strong>TRIẾT L&Yacute; GI&Aacute;O DỤC : PHƯƠNG PH&Aacute;P TO&Agrave;N DIỆN</strong></span></em></span></span></p>\r\n\r\n<p style="text-align:justify"><span style="font-size:18px"><span style="font-family:Times New Roman,Times,serif"><em><span style="color:#2980b9"><strong>ĐỂ GI&Uacute;P TRẺ TẠO DỰNG TƯƠNG LAI</strong></span></em></span></span></p>\r\n\r\n<p style="text-align:justify"><span style="font-size:18px"><span style="font-family:Times New Roman,Times,serif"><em><span style="color:#2980b9"><strong>HELPING CHILDREN WRITE THE FUTURE</strong></span></em></span></span></p>\r\n\r\n<p style="text-align:justify"><span style="font-size:18px"><span style="font-family:Times New Roman,Times,serif">Qua c&aacute;c nghi&ecirc;n cứu c&oacute; thể thấy con bạn hay bất kỳ đứa trẻ n&agrave;o cũng tiềm t&agrave;ng những khả năng tr&iacute; tuệ, điều quan trọng l&agrave; cần những phương ph&aacute;p ph&ugrave; hợp để mở kh&oacute;a tiềm năng đ&oacute;. Những chương tr&igrave;nh n&agrave;y sẽ gi&uacute;p ph&aacute;t huy t&iacute;nh s&aacute;ng tạo, sự linh hoạt của n&atilde;o bộ, khả năng tư duy, khả năng ng&ocirc;n ngữ, giải quyết vấn đề, từ đ&oacute; mang đến cho trẻ tr&iacute; th&ocirc;ng minh to&agrave;n diện.</span></span></p>\r\n\r\n<p style="text-align:justify"><span style="font-size:18px"><span style="font-family:Times New Roman,Times,serif"><strong>AMERICAN SKILLS (AVITS)</strong> -<strong> Hệ thống Trung T&acirc;m Đ&agrave;o tạo Kỹ Năng TO&Agrave;N DIỆN</strong>: To&aacute;n tư duy Mỹ IXL; Ph&aacute;t triển Ng&ocirc;n ngữ (tiếng Việt); Kỹ năng x&atilde; hội; Ng&ocirc;n ngữ Tiếng Anh&nbsp;d&agrave;nh cho trẻ ở lứa tuổi Mầm non, Tiểu học V&Agrave; THCS,&nbsp;giảng dạy t&iacute;ch hợp c&aacute;c m&ocirc;n học&nbsp;hướng tới sự ph&aacute;t triển to&agrave;n diện của trẻ.</span></span></p>\r\n\r\n<p style="text-align:justify"><span style="font-size:18px"><span style="font-family:Times New Roman,Times,serif">Trong tất cả c&aacute;c kh&oacute;a đ&agrave;o tạo, American Skills&nbsp;lu&ocirc;n cam kết hướng tới c&aacute;c mục ti&ecirc;u sau :</span></span></p>\r\n\r\n<ul>\r\n	<li style="text-align:justify"><span style="font-size:18px"><span style="font-family:Times New Roman,Times,serif">Gi&uacute;p b&eacute; ph&aacute;t triển tr&iacute; tuệ, khả năng tư duy, linh hoạt ng&ocirc;n ngữ</span></span></li>\r\n	<li style="text-align:justify"><span style="font-size:18px"><span style="font-family:Times New Roman,Times,serif">Gi&uacute;p b&eacute; h&igrave;nh th&agrave;nh v&agrave;&nbsp;r&egrave;n luyện c&aacute;c kỹ năng sống thiết yếu như l&agrave;m chủ bản th&acirc;n, l&agrave;m chủ việc học, kỹ năng giao tiếp, h&ograve;a nhập x&atilde; hội&hellip;</span></span></li>\r\n	<li style="text-align:justify"><span style="font-size:18px"><span style="font-family:Times New Roman,Times,serif">Nu&ocirc;i dưỡng t&acirc;m hồn, t&igrave;nh cảm của b&eacute;, dạy b&eacute; biết y&ecirc;u thương để được y&ecirc;u thương.</span></span></li>\r\n</ul>\r\n\r\n<p style="text-align:justify">&nbsp;</p>\r\n', '', '', '', '', '', 0, 'gioi-thieu-tuan', 'Giới thiệu tuan', 'Học sinh tại American Skills được bồi dưỡng nhân cách, phát triển sự tự tin, kỹ năng sống là bước đệm quan trọng, cần thiết cho sự thành công của các em trong tương lai.', 'Toán tư duy Mỹ IXL; Phát triển Ngôn ngữ (tiếng Việt); Kỹ năng xã hội; Ngôn ngữ Tiếng Anh dành cho trẻ ở lứa tuổi Mầm non, Tiểu học VÀ THCS'),
(190, 95, 'en', 'Giới thiệu', 'VỀ AMERICAN SKILLSứ mệnh của chúng tôi là tạo ra một môi trường học có thể đem lại ảnh hưởng tích cực, niềm vui, tình yêu và sự phát triển toàn diện cho học sinh. Bên cạnh các kiến thức chuyên môn, học sinh tại American Skills được bồi dưỡng nhân cách, phát triển sự tự tin, kỹ năng sống là bước đệm quan trọng, cần thiết cho sự thành công của các em trong tương lai.', '<h1>Về ch&uacute;ng t&ocirc;i</h1>\r\n\r\n<p><strong>VỀ AMERICAN SKILLS</strong><strong>ứ mệnh</strong>&nbsp;của ch&uacute;ng t&ocirc;i l&agrave; tạo ra một m&ocirc;i trường học c&oacute; thể đem lại ảnh hưởng t&iacute;ch cực, niềm vui, t&igrave;nh y&ecirc;u v&agrave; sự ph&aacute;t triển to&agrave;n diện cho học sinh. B&ecirc;n cạnh c&aacute;c kiến thức chuy&ecirc;n m&ocirc;n,&nbsp;học sinh tại&nbsp;<strong>American Skills&nbsp;</strong>được bồi dưỡng nh&acirc;n c&aacute;ch, ph&aacute;t triển sự tự tin, kỹ năng sống l&agrave; bước đệm quan trọng, cần thiết cho sự th&agrave;nh c&ocirc;ng của c&aacute;c em trong tương lai.</p>\r\n\r\n<p>&nbsp; &nbsp;&nbsp;<strong>TRIẾT L&Yacute; GI&Aacute;O DỤC : PHƯƠNG PH&Aacute;P TO&Agrave;N DIỆN</strong></p>\r\n\r\n<h2>&nbsp; &nbsp; GI&Uacute;P TRẺ TẠO DỰNG TƯƠNG LAI</h2>\r\n\r\n<h2><em>HELPING CHILDREN WRITE THE FUTURE</em></h2>\r\n\r\n<p>Qua c&aacute;c nghi&ecirc;n cứu c&oacute; thể thấy con bạn hay bất kỳ đứa trẻ n&agrave;o cũng tiềm t&agrave;ng những khả năng tr&iacute; tuệ, điều quan trọng l&agrave; cần những phương ph&aacute;p ph&ugrave; hợp để mở kh&oacute;a tiềm năng đ&oacute;. Những chương tr&igrave;nh n&agrave;y sẽ gi&uacute;p ph&aacute;t huy t&iacute;nh s&aacute;ng tạo, sự linh hoạt của n&atilde;o bộ, khả năng tư duy, khả năng ng&ocirc;n ngữ, giải quyết vấn đề, từ đ&oacute; mang đến cho trẻ tr&iacute; th&ocirc;ng minh to&agrave;n diện.</p>\r\n\r\n<p>AMERICAN SKILLS (AVITS) - Hệ thống Trung T&acirc;m Đ&agrave;o tạo &nbsp;kỹ năng TO&Agrave;N DIỆN : To&aacute;n tư duy Mỹ IXL ; Ph&aacute;t triển Ng&ocirc;n ngữ (tiếng Việt) ; Kỹ năng x&atilde; hội ; Ng&ocirc;n ngữ Tiếng Anh&nbsp;d&agrave;nh cho trẻ ở lứa tuổi mầm non, tiểu học V&Agrave; THCS,&nbsp;giảng dạy t&iacute;ch hợp c&aacute;c m&ocirc;n học&nbsp;hướng tới sự ph&aacute;t triển to&agrave;n diện của trẻ.</p>\r\n\r\n<p>Trong tất cả c&aacute;c kh&oacute;a đ&agrave;o tạo, American Skills&nbsp;lu&ocirc;n cam kết hướng tới c&aacute;c mục ti&ecirc;u sau :</p>\r\n\r\n<ul>\r\n	<li>Gi&uacute;p b&eacute; ph&aacute;t triển tr&iacute; tuệ, khả năng tư duy, linh hoạt ng&ocirc;n ngữ</li>\r\n	<li>Gi&uacute;p b&eacute; h&igrave;nh th&agrave;nh v&agrave;&nbsp;r&egrave;n luyện c&aacute;c kỹ năng sống thiết yếu như l&agrave;m chủ bản th&acirc;n, l&agrave;m chủ việc học, kỹ năng giao tiếp, h&ograve;a nhập x&atilde; hội&hellip;</li>\r\n	<li>Nu&ocirc;i dưỡng t&acirc;m hồn, t&igrave;nh cảm của b&eacute;, dạy b&eacute; biết y&ecirc;u thương để được y&ecirc;u thương.</li>\r\n</ul>\r\n\r\n<p><strong>CHƯƠNG TR&Igrave;NH HỌC :</strong></p>\r\n\r\n<p>American Skills&nbsp;đ&atilde; x&acirc;y dựng một chiến lược &ldquo;mục ti&ecirc;u &ndash; chương tr&igrave;nh&ldquo; c&oacute; t&iacute;nh khoa học, hệ thống theo từng lứa tuổi, c&aacute; nh&acirc;n h&oacute;a cho trẻ từ mầm non đến hết phổ th&ocirc;ng trung học nhằm tối ưu h&oacute;a khả năng tiếp cận với c&aacute;c kỹ năng cần thiết&nbsp;của học sinh gồm :</p>\r\n\r\n<p><strong>1.&nbsp;<a href="http://ixl.vn/toan-tu-duy-ixl-math/">AVITS MATH | TƯ DUY TO&Aacute;N MỸ</a>&nbsp;(IXL) : 4-14 tuổi</strong><br />\r\n<strong>Nền tảng tư duy vững chắc</strong></p>\r\n\r\n<ul>\r\n	<li>Tiếp cận kiến thức to&aacute;n học ph&ugrave; hợp theo từng độ tuổi</li>\r\n	<li>Ph&aacute;t triển kỹ năng tư duy&nbsp; logic, suy luận, ph&acirc;n t&iacute;ch, giải quyết vấn đề 1 c&aacute;ch khoa học</li>\r\n	<li>Khơi dậy sự hứng th&uacute;, tự tin chủ động t&igrave;m hiểu To&aacute;n học</li>\r\n</ul>\r\n\r\n<p>Phương ph&aacute;p ph&aacute;t triển tư duy To&aacute;n học th&ocirc;ng qua hệ thống gi&aacute;o tr&igrave;nh của Mỹ bằng phương ph&aacute;p sử dụng gi&aacute;o cụ trực quan, c&aacute;c tr&ograve; chơi đầy hứng th&uacute; v&agrave; những c&acirc;u chuyện sinh động, gi&uacute;p học sinh hiểu bản chất vấn đề, ph&aacute;t triển khả năng quan s&aacute;t v&agrave; tư duy nhạy b&eacute;n. Học sinh tiến bộ ngay qua từng buổi học v&agrave; c&oacute; phản xạ tốt với to&aacute;n. Qua chương tr&igrave;nh học c&aacute;c em sẽ ph&aacute;t triển khả năng t&iacute;nh to&aacute;n nhanh, giải quyết c&aacute;c b&agrave;i to&aacute;n một c&aacute;ch linh hoạt, c&oacute; tư duy đa dạng v&agrave; đặc biệt th&iacute;ch học to&aacute;n hơn.</p>\r\n\r\n<p><strong>2.&nbsp;AVITS SMART READING | PH&Aacute;T TRIỂN NG&Ocirc;N NGỮ (TIẾNG VIỆT) : 4-10 tuổi</strong></p>\r\n\r\n<p><strong>Nền tảng ph&aacute;t triển ng&ocirc;n ngữ tiếng Việt</strong></p>\r\n\r\n<p>PH&Aacute;T TRIỂN KHẢ NĂNG NG&Ocirc;N NGỮ - KẾT HỢP CHỮA NGỌNG - TẬP VIẾT CHUẨN - X&Acirc;Y DỰNG VỐN TỪ V&Agrave; KỸ NĂNG GIAO TIẾP &ndash; H&Agrave;NH VĂN</p>\r\n\r\n<p>Phương ph&aacute;p&rdquo; Học đọc đa cấp độ&rdquo; kết hợp với phương ph&aacute;p &ldquo;Học đọc đa gi&aacute;c quan&rdquo; sẽ gi&uacute;p học sinh ho&agrave;n thiện kỹ năng ng&ocirc;n ngữ v&agrave; ph&aacute;t triển tr&iacute; n&atilde;o. Ngo&agrave;i việc ph&aacute;t triển kỹ năng đọc văn bản th&agrave;nh thạo th&igrave; c&aacute;c em c&ograve;n biết vận dụng ng&ocirc;n ngữ giao tiếp tự tin, diễn tả nội dung v&agrave; viết văn một c&aacute;ch linh hoạt.</p>\r\n\r\n<p>&nbsp;&nbsp;<strong>Đặc biệt : Chương tr&igrave;nh chữa ngọng chuy&ecirc;n s&acirc;u : &acirc;m ngữ trị liệu</strong></p>\r\n\r\n<p>&nbsp;LUYỆN GIỌNG &ndash; KHẨU H&Igrave;NH - PH&Aacute;T &Acirc;M CHUẨN &ndash; MỞ RỘNG VỐN TỪ V&Agrave; KỸ NĂNG GIAO TIẾP</p>\r\n\r\n<p><br />\r\n<strong>3.<a href="http://ixl.vn/ky-nang-song-ixl-skills/">&nbsp;&nbsp;AVITS SKILLS | KỸ NĂNG X&Atilde; HỘI</a></strong><br />\r\n<strong>Nền tảng ph&aacute;t triển nh&acirc;n c&aacute;ch</strong>&nbsp;</p>\r\n\r\n<ul>\r\n	<li>Tự tin chia sẻ, thể hiện bản th&acirc;n, ph&aacute;t huy c&aacute; t&iacute;nh, quan điểm.</li>\r\n	<li>Nhận ra điểm mạnh, điểm yếu bản th&acirc;n, ph&aacute;t triển nhận thức v&agrave; t&igrave;m ra phương ph&aacute;p học tập ph&ugrave; hợp.</li>\r\n	<li>Ph&aacute;t triển nh&acirc;n c&aacute;ch l&agrave;nh mạnh, &yacute; thức tr&aacute;ch nhiệm trong cộng đồng.</li>\r\n</ul>\r\n\r\n<p>Gi&uacute;p c&aacute;c em l&agrave;m chủ bản th&acirc;n, tự tin trong giao tiếp,biết ứng xử một c&aacute;ch t&iacute;ch cực, chủ động v&agrave; linh hoạt trong mọi t&igrave;nh huống như với &ocirc;ng b&agrave;, bố mẹ,anh chị em, thầy c&ocirc; hay những người xung quanh. B&ecirc;n cạnh đ&oacute; c&aacute;c em c&ograve;n được học c&aacute;c kỹ năng tự bảo vệ bản th&acirc;n trước c&aacute;c t&igrave;nh huống nguy hiểm xảy ra trong cuộc sống như: gặp người lạ, bị tai nạn, hay hỏa hoạn, bị x&acirc;m hại,... Đặc biệt ch&uacute;ng t&ocirc;i c&oacute; thiết kế c&aacute;c chương tr&igrave;nh d&agrave;nh ri&ecirc;ng cho c&aacute;c bạn học sinh bị mất tập trung hoặc Tư duy v&agrave; tiếp thu kiến thức chậm hơn so với bạn c&ugrave;ng trang lứa.</p>\r\n\r\n<p>&nbsp;</p>\r\n\r\n<p><strong>4.&nbsp;<a href="http://ixl.vn/tieng-anh-tre-em-ixl-english/">&nbsp;AVITS ENGLISH | NG&Ocirc;N NGỮ ANH</a></strong><br />\r\n<strong>Nền tảng ph&aacute;t triển ng&ocirc;n ngữ - ngoại ngữ</strong></p>\r\n\r\n<ul>\r\n	<li>Ph&aacute;t triển to&agrave;n diện c&aacute;c kỹ năng NGHE-N&Oacute;I-ĐỌC-VIẾT tiếng Anh</li>\r\n	<li>Tự tin giao tiếp, phản xạ với nền tảng ng&ocirc;n ngữ vững chắc v&agrave; chuẩn mực</li>\r\n	<li>Ph&aacute;t triển c&aacute;c kỹ năng x&atilde; hội t&iacute;ch hợp trong c&aacute;c giờ&nbsp; học ng&ocirc;n ngữ Anh</li>\r\n</ul>\r\n\r\n<p>C&aacute;c kh&oacute;a học được thiết kế khoa học v&agrave; thực tiễn kết hợp phương ph&aacute;p đ&agrave;o tạo ph&ugrave; hợp nhằm trang bị kiến thức v&agrave; ph&aacute;t triển kỹ năng cần thiết gi&uacute;p học sinh tự chủ, tự tin v&agrave; ham học.</p>\r\n\r\n<p>ĐỐI T&Aacute;C QUỐC TẾ</p>\r\n\r\n<p>American Skills&nbsp;l&agrave; đối t&aacute;c của<strong>&nbsp;Tổ chức TherapeuticOption</strong>&nbsp;v&agrave;<strong>&nbsp;Tổ chức The Actualrial Foundation&nbsp;(Mỹ)&nbsp;</strong>g&oacute;p phần tạo dựng&nbsp;một mạng lưới giao lưu li&ecirc;n kết đ&agrave;o tạo phủ rộng to&agrave;n cầu. Đồng thời American Skills&nbsp;c&ograve;n đẩy mạnh hợp t&aacute;c với trường Singapore v&agrave; Mỹ&nbsp;phối kết hợp thực hiện chương tr&igrave;nh giao lưu du học h&egrave; cho c&aacute;c em học sinh Việt Nam v&agrave; Quốc tế h&agrave;ng năm nhằm hội nhập văn h&oacute;a, tạo kỹ năng mềm trong cuộc sống.</p>\r\n\r\n<p>Bản quyền Chương tr&igrave;nh IXL Math - Tư duy To&aacute;n học của Hoa Kỳ (Common Core State Standards) .</p>\r\n', '', '', '', '', '', 0, 'gioi-thieu', 'Giới thiệu', '', ''),
(191, 96, 'vn', 'Ngọc Trang _TOEIC 820', '', '<p>Ngọc Trang lựa chọn kh&oacute;a TOEIC cho mục đ&iacute;ch ri&ecirc;ng của bản th&acirc;n, d&ugrave; rằng chỉ đặt mục ti&ecirc;u kh&aacute; khi&ecirc;m tốn với điểm TOEIC 350 cho 1 kh&oacute;a học tại AMES Ngọc Trang đ&atilde; bứt ph&aacute; ngoạn mục v&agrave; đạt được con số 820 thật sự ấn tượng.</p>\r\n', '', '', '', '', '', 0, 'ngoc-trang-toeic-820', 'Ngọc Trang _TOEIC 820', '', ''),
(192, 96, 'en', 'Ngọc Trang _TOEIC 820', '', '<p>Ngọc Trang lựa chọn kh&oacute;a TOEIC cho mục đ&iacute;ch ri&ecirc;ng của bản th&acirc;n, d&ugrave; rằng chỉ đặt mục ti&ecirc;u kh&aacute; khi&ecirc;m tốn với điểm TOEIC 350 cho 1 kh&oacute;a học tại AMES Ngọc Trang đ&atilde; bứt ph&aacute; ngoạn mục v&agrave; đạt được con số 820 thật sự ấn tượng.</p>\r\n', '', '', '', '', '', 0, 'ngoc-trang-toeic-820', 'Ngọc Trang _TOEIC 820', '', ''),
(193, 97, 'vn', 'Avits Math<br>Tư duy toán Mỹ (IXL): 4-14 tuổi', 'Math Skills được xem là phương pháp phát triển tư duy Toán học tiên tiến của Mỹ dành cho học sinh Mầm non và Tiểu học. Math Skills hướng đến việc phát triển kỹ năng tư duy Toán học cho trẻ em ngay từ nhỏ với phương pháp cá thể hóa nhằm tối đa hoá hiệu quả và phát huy được điểm mạnh đồng thời khắc phục điểm yếu của từng học sinh.', '', '', '', '', '', '', 0, 'avits-mathbrtu-duy-toan-my-ixl-4-14-tuoi', 'Avits Math<br>Tư duy toán Mỹ (IXL): 4-14 tuổi', '', ''),
(194, 97, 'en', ' Khóa học 1', '', '', '', '', '', '', '', 0, 'khoa-hoc-1', ' Khóa học 1', '', ''),
(195, 98, 'vn', 'Avits Smart Reading<br>Phát triển ngôn ngữ (Tiếng Việt): 4-10 tuổi', 'Chương trình Smart Reading Skills được phát triển trên nền tảng phương pháp học đọc  đa giác quan kết hợp đa cấp độ của Mỹ  đã được áp dụng tại các trường học trên khắp nước  Mỹ  cũng như tại nhiều quốc gia trên thế giới. Phương pháp này được phụ huynh ưa chuộng và lựa chọn là phương pháp học đọc sáng tạo  và hiệu quả nhất hiện nay. Smart Reading Skills được công nhận giúp trẻ phát triển trí não và khả năng ngôn ngữ.', '', '', '', '', '', '', 0, 'avits-smart-readingbrphat-trien-ngon-ngu-tieng-viet-4-10-tuoi', 'Avits Smart Reading<br>Phát triển ngôn ngữ (Tiếng Việt): 4-10 tuổi', '', ''),
(196, 98, 'en', 'Khóa học 2', '', '', '', '', '', '', '', 0, 'khoa-hoc-2', 'Khóa học 2', '', ''),
(197, 99, 'vn', 'Phương pháp đào tạo', '', '<h2 style="text-align:center"><span style="font-size:18px"><span style="font-family:Times New Roman,Times,serif"><img alt="phương pháp americanskills" height="417" src="/image/images/phuong-phap-americanskills.jpg" width="556" /></span></span></h2>\r\n\r\n<h2 style="text-align:justify"><span style="font-size:18px"><span style="font-family:Times New Roman,Times,serif"><strong>NHỮNG ĐIỂM MẠNH CỦA PHƯƠNG PH&Aacute;P</strong></span></span></h2>\r\n\r\n<ul>\r\n	<li style="text-align:justify"><span style="font-size:18px"><span style="font-family:Times New Roman,Times,serif"><span style="background-color:white"><span style="color:#333333"><strong>Đ&agrave;o tạo theo phương ph&aacute;p c&aacute; thể ho&aacute;: </strong>Phương ph&aacute;p c&aacute; thể h&oacute;a được &aacute;p dụng từ bước khảo s&aacute;t, đ&aacute;nh gi&aacute; năng lực từng học sinh để x&aacute;c định điểm mạnh, đặc điểm tiếp thu, năng lực hiện tại cũng như những điểm yếu để c&oacute; cơ sở x&aacute;c lập kế hoạch học tập v&agrave; phương ph&aacute;p ph&ugrave; hợp nhất cho trẻ. Phương ph&aacute;p c&aacute; thể h&oacute;a được ứng dụng t&iacute;ch hợp xuy&ecirc;n suốt trong qu&aacute; học, thực hiện những điều chỉnh cần thiết để đảm bảo hiệu quả v&agrave; sự tiến bộ của trẻ. Mỗi học sinh sẽ được học theo một kế hoạch học tập ri&ecirc;ng.</span></span></span></span></li>\r\n	<li style="text-align:justify"><span style="font-size:18px"><span style="font-family:Times New Roman,Times,serif"><span style="background-color:white"><span style="color:#333333"><strong>Vận dụng c&aacute;c kỹ thuật giảng dạy đa chiều gồm:</strong> quan s&aacute;t h&igrave;nh ảnh gi&aacute;o cụ trực quan, diễn đạt bằng ng&ocirc;n từ, suy luận tư duy logic, thực h&agrave;nh, ứng dụng. Gi&uacute;p học sinh hiểu nhanh bản chất của vấn đề, ph&aacute;t triển khả năng quan s&aacute;t, ph&aacute;n đo&aacute;n, tư duy đồng thời biết ứng dụng kiến thức đ&atilde; học v&agrave;o thực tế</span></span>.&nbsp;<span style="background-color:white"><span style="color:#333333">Vận dụng c&aacute;ch tiếp cận vấn đề từ bản chất, từ cơ bản đến tổng thể v&agrave; n&acirc;ng cao. Gi&uacute;p trẻ k&iacute;ch th&iacute;ch tự gi&aacute;c học v&agrave; ph&aacute;t triển tư duy.</span></span></span></span></li>\r\n	<li style="text-align:justify"><span style="font-size:18px"><span style="font-family:Times New Roman,Times,serif"><span style="background-color:white"><span style="color:#333333"><strong>Qu&aacute; tr&igrave;nh học tập với quy tr&igrave;nh kh&eacute;p k&iacute;n: Kiểm tra đầu v&agrave;o &ndash; Đ&agrave;o tạo &ndash; Đ&aacute;nh gi&aacute;.</strong> Gi&uacute;p đ&aacute;nh gi&aacute; sự tiến bộ của học sinh trong từng kho&aacute; học. Ngo&agrave;i ra ch&uacute;ng t&ocirc;i c&ograve;n duy tr&igrave; li&ecirc;n hệ chặt chẽ với từng học sinh sau kho&aacute; học để kiểm chứng sự tiến bộ của học sinh.</span></span></span></span></li>\r\n	<li style="text-align:justify"><span style="font-size:18px"><span style="font-family:Times New Roman,Times,serif"><span style="background-color:white"><strong>Gi&aacute;o tr&igrave;nh do c&aacute;c chuy&ecirc;n gia đ&agrave;o tạo kỹ năng h&agrave;ng đầu của Mỹ x&acirc;y dựng:&nbsp;</strong><span style="background-color:white"><span style="color:#333333">Gi&aacute;o tr&igrave;nh kết hợp giữa phương ph&aacute;p ti&ecirc;n tiến của quốc tế v&agrave; điều chỉnh ph&ugrave; hợp với chương tr&igrave;nh, đặc điểm của học sinh Việt Nam.</span></span></span></span></span>\r\n	<ul>\r\n		<li style="text-align:justify"><span style="font-size:18px"><span style="font-family:Times New Roman,Times,serif"><span style="background-color:white"><span style="color:#333333"><span style="background-color:white">Phương ph&aacute;p giảng dạy trực quan, sinh động lấy học sinh l&agrave;m chủ thể. Kết hợp với phương ph&aacute;p ABA: Applied Behavior Analysis -&nbsp;Ph&acirc;n t&iacute;ch h&agrave;nh vi ứng dụng mang đến hiệu quả học tập cho mọi học sinh.</span></span></span></span></span></li>\r\n		<li style="text-align:justify"><span style="font-size:18px"><span style="font-family:Times New Roman,Times,serif"><span style="background-color:white"><span style="color:#333333"><span style="background-color:white">Gi&aacute;o vi&ecirc;n được đ&agrave;o tạo chuy&ecirc;n s&acirc;u</span></span></span></span></span></li>\r\n		<li style="text-align:justify"><span style="font-size:18px"><span style="font-family:Times New Roman,Times,serif"><span style="background-color:white"><span style="color:#333333"><span style="background-color:white">M&ocirc;i trường học tập th&acirc;n thiện, chuy&ecirc;n nghiệp.</span></span></span></span></span></li>\r\n	</ul>\r\n	</li>\r\n</ul>\r\n\r\n<p style="margin-left:0cm; margin-right:0cm; text-align:justify">&nbsp;</p>\r\n\r\n<p style="margin-left:0cm; margin-right:0cm; text-align:justify"><span style="font-size:18px"><span style="font-family:Times New Roman,Times,serif"><span style="background-color:white"><span style="color:#333333">Phương ph&aacute;p đ&agrave;o tạo của American Skills (<strong><em>Avits) </em></strong>được t&oacute;m tắt th&agrave;nh 4 chữ c&aacute;i viết tắt <strong>&ldquo;SAFE&rdquo;</strong> với &yacute; nghĩa:</span></span></span></span></p>\r\n\r\n<p style="margin-left:0cm; margin-right:0cm; text-align:justify"><span style="font-size:18px"><span style="font-family:Times New Roman,Times,serif"><span style="background-color:white"><strong><span style="color:#333333">- Sequenced</span></strong><span style="color:#333333">&nbsp;&ndash; Mỗi một vấn đề x&atilde; hội m&agrave; trẻ phải đối mặt sẽ c&oacute; một kỹ năng tương ứng. American Skills sẽ giải quyết&nbsp; tất cả c&aacute;c vấn đề x&atilde; hội m&agrave; trẻ em đ&atilde;, đang v&agrave; sẽ gặp phải, cung cấp cho trẻ những kỹ năng cần thiết khi tham gia v&agrave;o hoạt động x&atilde; hội. C&aacute;c kỹ năng n&agrave;y được sắp xếp theo một tr&igrave;nh tự nhất định từ đơn giản đến phức tạp, từ thấp đến cao theo h&igrave;nh th&aacute;p.<br />\r\n<strong>- Active</strong>&nbsp;&ndash; mỗi kỹ năng được giới thiệu sẽ gắn chặt với thực h&agrave;nh, học đi đ&ocirc;i với h&agrave;nh. Mục đ&iacute;ch m&agrave; American Skills muốn hướng tới l&agrave; gi&uacute;p cho c&aacute;c em biết ứng dụng những kiến thức đ&atilde; học v&agrave;o thực tế. American Skills sử dụng hệ thống mẫu biểu đ&aacute;nh gi&aacute; li&ecirc;n tục từ khi học sinh đăng k&yacute;, trong suốt qu&aacute; tr&igrave;nh học tập v&agrave; đến cả c&aacute;c giai đoạn tiếp sau n&agrave;y của học sinh.<br />\r\n<strong>- Focused</strong>&nbsp;&ndash; Mỗi một chương tr&igrave;nh sẽ chuy&ecirc;n s&acirc;u v&agrave;o một nh&oacute;m kỹ năng với mục ti&ecirc;u nhất định; Social Skills tập trung v&agrave;o việc ph&aacute;t triển kỹ năng v&agrave; tư duy x&atilde; hội của học sinh; Smart Reading Skills tập trung v&agrave;o việc ph&aacute;t triển ng&ocirc;n ngữ v&agrave; vận dụng sử dụng v&agrave;o cuộc sống; Math Skills tập trung v&agrave;o việc ph&aacute;t triển khả năng tư duy To&aacute;n học gi&uacute;p học sinh học giỏi To&aacute;n v&agrave; ph&aacute;t&nbsp; triển tư duy.<br />\r\n<strong>- Explicit</strong>&nbsp;&ndash; Kế hoạch học tập r&otilde; r&agrave;ng gởi về cho Phụ huynh ngay từ buổi học đầu ti&ecirc;n của học sinh. Việc trao đổi giữa gia đ&igrave;nh v&agrave; nh&agrave; trường được thực hiện h&agrave;ng tuần gi&uacute;p Phụ huynh nắm được c&aacute;c nội dung học tập của học sinh để c&oacute; những hỗ trợ kịp thời v&agrave; mang lại hiệu quả học tập tốt nhất. Kết hợp phương ph&aacute;p giảng dạy sử dụng gi&aacute;o cụ trực quan gi&uacute;p học sinh tiếp thu kiến thức một c&aacute;ch nhanh v&agrave; hiểu bản chất.</span></span></span></span></p>\r\n\r\n<p style="margin-left:0cm; margin-right:0cm; text-align:justify"><span style="font-size:18px"><span style="font-family:Times New Roman,Times,serif"><span style="background-color:white"><span style="color:#333333">Đ&acirc;y cũng ch&iacute;nh l&agrave; bốn mục ti&ecirc;u lớn m&agrave; American Skills muốn hướng tới&nbsp;</span><strong>&ldquo;SAFE&rdquo;</strong><strong>.</strong> <span style="color:#333333">Với bốn mục ti&ecirc;u n&agrave;y sẽ gi&uacute;p trẻ vững tin bước tới tương lai <strong>&ldquo;Helping children write the future&rdquo;</strong></span></span></span></span></p>\r\n', '', '', '', '', '', 0, 'phuong-phap-dao-tao', 'Phương pháp đào tạo', 'American Skills đã xây dựng một chiến lược “mục tiêu – chương trình“ có tính khoa học, hệ thống theo từng lứa tuổi, cá nhân hóa cho trẻ từ mầm non đến hết phổ thông trung học cơ sở nhằm tối ưu hóa khả năng tiếp cận với các kỹ năng cần thiết của học sinh.', 'Phương pháp đào tạo'),
(198, 99, 'en', 'Phương pháp đào tạo', '', '', '', '', '', '', '', 0, 'phuong-phap-dao-tao', 'Phương pháp đào tạo', '', ''),
(199, 100, 'vn', 'American Skill', 'Lorem Ipsum is simply dummy text of the printing and typesetting industry. Lorem Ipsum has been the industry''s standard dummy text ever since the 1500s', '<p><iframe frameborder="0" height="315" src="https://www.youtube.com/embed/4J4YFw5EjF8" width="560"></iframe></p>\r\n', '', '', '', '', '', 0, 'american-skill', 'American Skill', '', ''),
(200, 100, 'en', 'American Skill', '', '<p>https://www.youtube.com/watch?v=4J4YFw5EjF8</p>\r\n', '', '', '', '', '', 0, 'american-skill', 'American Skill', '', ''),
(201, 101, 'vn', 'Avits Social Skills<br>Kỹ năng xã hội: 4-14 tuổi', 'Là những bậc làm cha làm mẹ, ai cũng mong mỏi con cái mình sẽ được phát triển thật cân bằng, hài hòa cả về kiến thức văn hoá lẫn xã hội. Những tưởng khi kinh tế phát triển hơn, xã hội dư thừa vật chất hơn thì không khó để đạt được điều đó; nhưng thực tế lại như đang chứng minh điều ngược lại.', '', '', '', '', '', '', 0, 'avits-social-skillsbrky-nang-xa-hoi-4-14-tuoi', 'Avits Social Skills<br>Kỹ năng xã hội: 4-14 tuổi', '', ''),
(202, 101, 'en', 'Khóa học 3', 'Là những bậc làm cha làm mẹ, ai cũng mong mỏi con cái mình sẽ được phát triển thật cân bằng, hài hòa cả về kiến thức văn hoá lẫn xã hội. Những tưởng khi kinh tế phát triển hơn, xã hội dư thừa vật chất hơn thì không khó để đạt được điều đó; nhưng thực tế lại như đang chứng minh điều ngược lại.', '', '', '', '', '', '', 0, 'khoa-hoc-3', 'Khóa học 3', '', '');
INSERT INTO `news_languages` (`id`, `news_id`, `languages_code`, `lang_news_name`, `lang_news_des`, `lang_news_content`, `lang_news_sub_info1`, `lang_news_sub_info2`, `lang_news_sub_info3`, `lang_news_sub_info4`, `lang_news_sub_info5`, `edit_state`, `friendly_url`, `title_seo`, `des_seo`, `keyword`) VALUES
(203, 102, 'vn', 'Avits Math (IXL)', 'TOÁN TƯ DUY MỸ (IXL) – GIÚP TRẺ EM PHÁT TRIỂN TƯ DUY VÀ HỌC GIỎI TOÁN', '<p style="margin-left:0cm; margin-right:0cm"><span style="font-size:12pt"><span style="background-color:white"><strong><span style="font-size:11.0pt"><span style="color:#1579bd">Avits Math (IXL) </span></span></strong><span style="font-size:11.0pt"><span style="color:#333333">được xem l&agrave;&nbsp;</span></span><strong><span style="font-size:11.0pt"><span style="color:blue">phương ph&aacute;p ph&aacute;t triển tư duy To&aacute;n học ti&ecirc;n tiến của Mỹ d&agrave;nh cho học sinh Mầm non, Tiểu học v&agrave; THCS.</span></span></strong>&nbsp;<strong><span style="font-size:11.0pt"><span style="color:#1579bd">Avits Math (IXL) </span></span></strong><span style="font-size:11.0pt"><span style="color:#333333">hướng đến việc ph&aacute;t triển kỹ năng tư duy To&aacute;n học cho trẻ em ngay từ nhỏ với phương ph&aacute;p c&aacute; thể h&oacute;a nhằm tối đa ho&aacute; hiệu quả v&agrave; ph&aacute;t huy được điểm mạnh đồng thời khắc phục điểm yếu của từng học sinh.</span></span></span></span></p>\r\n\r\n<p style="margin-left:0cm; margin-right:0cm"><br />\r\n<span style="font-size:12pt"><span style="background-color:white"><span style="font-size:11.0pt"><span style="color:#333333">Nghi&ecirc;n cứu của Trường Đại Học Harvard- Mỹ năm 2006 cho thấy, trẻ em được tiếp cận với kỹ năng tư duy To&aacute;n ngay từ tuổi Mầm non sẽ c&oacute; khả năng tiếp cận với tất cả c&aacute;c m&ocirc;n học tại trường Tiểu học tốt hơn c&aacute;c bạn c&ugrave;ng trang lứa chưa được tiếp cận với kỹ năng n&agrave;y. Nghi&ecirc;n cứu cũng chỉ ra rằng, trẻ em được tiếp cận với kỹ năng tư duy To&aacute;n trước 6 tuổi sẽ c&oacute; khả năng tập trung, khả năng quan s&aacute;t, ph&acirc;n t&iacute;ch vấn đề v&agrave; tư duy logic tốt hơn so với c&aacute;c trẻ em kh&aacute;c.</span></span></span></span></p>\r\n\r\n<p style="margin-left:0cm; margin-right:0cm"><br />\r\n<span style="font-size:12pt"><span style="background-color:white"><span style="font-size:11.0pt"><span style="color:#333333">Theo kết quả khảo s&aacute;t của&nbsp;</span></span><strong><span style="font-size:11.0pt"><span style="color:blue">Bộ Gi&aacute;o dục Mỹ</span></span></strong><span style="font-size:11.0pt"><span style="color:#333333">&nbsp;cũng cho thấy:</span></span></span></span></p>\r\n\r\n<p style="margin-left:0cm; margin-right:0cm"><br />\r\n<span style="font-size:12pt"><span style="background-color:white"><span style="font-size:11.0pt"><span style="color:#333333">- Học sinh học giỏi To&aacute;n cũng c&oacute; khả năng học giỏi c&aacute;c m&ocirc;n học kh&aacute;c. Tỷ lệ n&agrave;y l&agrave; 38%.<br />\r\n- Học sinh c&oacute; khả năng tư duy To&aacute;n tốt c&oacute; khả năng đỗ v&agrave;o c&aacute;c Trường Đại học cao hơn c&aacute;c học sinh kh&aacute;c đồng thời những sinh vi&ecirc;n n&agrave;y ra trường c&oacute; tỷ lệ t&igrave;m được c&ocirc;ng việc tốt với mức lương cao hơn c&aacute;c sinh vi&ecirc;n kh&aacute;c kh&ocirc;ng giỏi To&aacute;n. Tỷ lệ n&agrave;y l&agrave; 42%.</span></span></span></span></p>\r\n\r\n<p style="margin-left:0cm; margin-right:0cm"><br />\r\n<span style="font-size:12pt"><span style="background-color:white"><span style="font-size:11.0pt"><span style="color:#333333">Thực tế cho thấy trẻ em Việt Nam c&oacute; tố chất học giỏi m&ocirc;n To&aacute;n. Tuy nhi&ecirc;n, phương ph&aacute;p gi&aacute;o dục hiện tại mới chỉ dừng lại ở việc học nhớ, học vẹt v&agrave; l&agrave;m nhiều th&agrave;nh quen m&agrave; kh&ocirc;ng vận dụng kỹ năng tư duy logic, quan s&aacute;t, ph&acirc;n t&iacute;ch vấn đề. American Skills x&acirc;y dựng chương tr&igrave;nh </span></span><strong><span style="font-size:11.0pt"><span style="color:#1579bd">Avits Math (IXL) </span></span></strong><span style="font-size:11.0pt"><span style="color:#333333">với mong muốn mang đến cho trẻ em Việt Nam kiến thức nền tảng về To&aacute;n học &ndash; th&ocirc;ng qua việc hiểu bản chất vấn đề, đồng thời luyện tập khả năng tư duy logic v&agrave; ph&acirc;n t&iacute;ch vấn đề m&agrave; kh&ocirc;ng cần học nhớ, học vẹt.</span></span></span></span></p>\r\n\r\n<h2 style="margin-left:0cm; margin-right:0cm"><span style="font-size:18pt"><span style="background-color:white"><strong><span style="font-size:11.0pt"><span style="color:blue">PHƯƠNG PH&Aacute;P Đ&Agrave;O TẠO</span></span></strong></span></span></h2>\r\n\r\n<ul style="list-style-type:circle">\r\n	<li><span style="font-size:11pt"><span style="background-color:white"><span style="font-family:Calibri,sans-serif"><span style="color:#333333">Đ&agrave;o tạo theo&nbsp;</span><strong><span style="color:blue">phương ph&aacute;p c&aacute; thể ho&aacute;</span></strong><span style="color:#333333">&nbsp;&ndash; mỗi học sinh sẽ được học theo một kế hoạch học tập ri&ecirc;ng.</span></span></span></span></li>\r\n	<li><span style="font-size:11pt"><span style="background-color:white"><span style="font-family:Calibri,sans-serif"><span style="color:#333333">Vận dụng c&aacute;c&nbsp;</span><strong><span style="color:blue">kỹ thuật giảng dạy đa chiều</span></strong><span style="color:#333333">&nbsp;gồm: quan s&aacute;t h&igrave;nh ảnh gi&aacute;o cụ trực quan -&gt; diễn đạt bằng ng&ocirc;n từ -&gt; suy luận tư duy logic-&gt; to&aacute;n viết -&gt; ứng dụng.Gi&uacute;p học sinh hiểu nhanh bản chất của vấn đề, ph&aacute;t triển khả năng quan s&aacute;t, ph&aacute;n đo&aacute;n, tư duy đồng thời biết ứng dụng to&aacute;n v&agrave;o thực tế.</span></span></span></span></li>\r\n</ul>\r\n\r\n<ul style="list-style-type:circle">\r\n	<li><span style="font-size:11pt"><span style="background-color:white"><span style="font-family:Calibri,sans-serif"><span style="color:#333333">Vận dụng c&aacute;ch tiếp cận vấn đề đi từ bản chất, từ c&aacute;i cơ bản đến tổng thể v&agrave; n&acirc;ng cao với 3 bộ b&agrave;i tập: r&egrave;n luyện kỹ năng t&iacute;nh to&aacute;n, To&aacute;n c&oacute; lời giải, To&aacute;n tư duy tổng hợp. Gi&uacute;p trẻ thấu hiểu to&aacute;n, y&ecirc;u th&iacute;ch học to&aacute;n v&agrave; ph&aacute;t triển tư duy.</span></span></span></span></li>\r\n	<li><span style="font-size:11pt"><span style="background-color:white"><span style="font-family:Calibri,sans-serif"><span style="color:#333333">Qu&aacute; tr&igrave;nh học tập với quy tr&igrave;nh kh&eacute;p k&iacute;n:&nbsp;</span><strong><span style="color:blue">Kiểm tra đầu v&agrave;o- Đ&agrave;o tạo- Kiểm tra cuối kho&aacute;</span></strong><span style="color:#333333">. Gi&uacute;p đ&aacute;nh gi&aacute; sự tiến bộ của học sinh trong từng kho&aacute; học.</span></span></span></span></li>\r\n	<li><span style="font-size:11pt"><span style="background-color:white"><span style="font-family:Calibri,sans-serif"><strong><span style="color:blue">Gi&aacute;o tr&igrave;nh</span></strong><span style="color:#333333">&nbsp;do c&aacute;c chuy&ecirc;n gia To&aacute;n học của American Skills x&acirc;y dựng c&oacute; sự điều chỉnh cho&nbsp;</span><em>ph&ugrave; hợp với chương tr&igrave;nh To&aacute;n của Việt Nam</em><span style="color:blue">.</span></span></span></span></li>\r\n	<li><span style="font-size:11pt"><span style="background-color:white"><span style="font-family:Calibri,sans-serif"><span style="color:#333333">Phương ph&aacute;p giảng dạy trực quan, sinh động lấy học sinh l&agrave;m chủ thể.</span></span></span></span></li>\r\n</ul>\r\n\r\n<h2 style="margin-left:0cm; margin-right:0cm"><span style="font-size:18pt"><span style="background-color:white"><strong><span style="font-size:11.0pt"><span style="color:black">LƠI &Iacute;CH SAU KH&Oacute;A HỌC</span></span></strong></span></span></h2>\r\n\r\n<ul>\r\n	<li><span style="font-size:11pt"><span style="background-color:white"><span style="font-family:Calibri,sans-serif"><span style="color:#333333">&nbsp; &nbsp; Gi&uacute;p học sinh hiểu bản chất vấn đề v&agrave; biết ứng dụng To&aacute;n v&agrave;o thực tế.</span></span></span></span></li>\r\n	<li><span style="font-size:11pt"><span style="background-color:white"><span style="font-family:Calibri,sans-serif"><span style="color:#333333">&nbsp;&nbsp;&nbsp; Gi&uacute;p trẻ em y&ecirc;u th&iacute;ch học to&aacute;n, c&oacute; &yacute; thức tự gi&aacute;c trong học tập.</span></span></span></span></li>\r\n	<li><span style="font-size:11pt"><span style="background-color:white"><span style="font-family:Calibri,sans-serif"><span style="color:#333333">&nbsp;&nbsp;&nbsp; Gi&uacute;p c&aacute;c em học tốt M&ocirc;n To&aacute;n v&agrave; c&aacute;c m&ocirc;n học kh&aacute;c tr&ecirc;n trường.</span></span></span></span></li>\r\n	<li><span style="font-size:11pt"><span style="background-color:white"><span style="font-family:Calibri,sans-serif"><span style="color:#333333">&nbsp;&nbsp;&nbsp; Gi&uacute;p trẻ em ph&aacute;t triển tư duy to&agrave;n diện.</span></span></span></span></li>\r\n	<li><span style="font-size:11pt"><span style="background-color:white"><span style="font-family:Calibri,sans-serif"><span style="color:#333333">&nbsp;&nbsp;&nbsp; Gi&uacute;p c&aacute;c em ho&agrave;n thiện bản th&acirc;n v&agrave; l&agrave;m chủ cuộc sống.</span></span></span></span></li>\r\n</ul>\r\n\r\n<p style="margin-left:0cm; margin-right:0cm">&nbsp;</p>\r\n\r\n<h2 style="margin-left:0cm; margin-right:0cm">&nbsp;</h2>\r\n\r\n<h2 style="margin-left:0cm; margin-right:0cm"><span style="font-size:18pt"><span style="background-color:white"><strong><span style="font-size:11.0pt"><span style="color:black">CHƯƠNG TR&Igrave;NH TIỀN TIỂU HỌC : (D&agrave;nh cho trẻ từ 4-6 tuổi)</span></span></strong></span></span></h2>\r\n\r\n<h2 style="margin-left:0cm; margin-right:0cm"><span style="font-size:18pt"><span style="background-color:white"><strong><span style="font-size:11.0pt"><span style="color:black">avits MATH FOR PRE- SCHOOL: </span></span><span style="font-size:11.0pt"><span style="background-color:white"><span style="color:black">trang bị cho trẻ những kiến thức nền tảng của tư duy to&aacute;n học, tiếp cận v&agrave; ph&aacute;t triển tư duy số, khơi dậy niềm hứng th&uacute; với m&ocirc;n To&aacute;n tr&ecirc;n cơ sở thấu hiểu bản chất của c&aacute;c kh&aacute;i niệm to&aacute;n v&agrave; sự ứng dụng của to&aacute;n để giải quyết vấn đề thế giới thực.</span></span></span><br />\r\n<span style="font-size:11.0pt"><span style="color:#333333">Với 3 cấp độ: Starter =&gt; K =&gt; SC</span></span></strong></span></span></h2>\r\n\r\n<p style="margin-left:0cm; margin-right:0cm"><span style="font-size:12pt"><span style="background-color:white"><span style="font-size:11.0pt"><span style="color:#333333">GỒM C&Aacute;C CHỦ ĐỀ:</span></span></span></span></p>\r\n\r\n<p style="margin-left:0cm; margin-right:0cm"><span style="font-size:12pt"><span style="background-color:white"><strong><span style="font-size:11.0pt"><span style="color:fuchsia">Color - M&agrave;u sắc</span></span></strong></span></span></p>\r\n\r\n<p style="margin-left:0cm; margin-right:0cm"><span style="font-size:12pt"><span style="background-color:white"><span style="font-size:11.0pt"><span style="color:#333333">Ngo&agrave;i &nbsp;việc &nbsp;nhận &nbsp;biết, &nbsp;ph&acirc;n &nbsp;biệt &nbsp;v&agrave; &nbsp;đọc &nbsp;t&ecirc;n &nbsp;m&agrave;u sắc c&aacute;c em c&ograve;n biết th&ocirc;ng qua m&agrave;u sắc ph&acirc;n biệt sự giống nhau v&agrave; kh&aacute;c nhau của sự vật, hiện tượng. T&igrave;m ra quy luật của sự vận động m&agrave;u sắc trong tự nhi&ecirc;n.</span></span></span></span></p>\r\n\r\n<p style="margin-left:0cm; margin-right:0cm"><span style="font-size:12pt"><span style="background-color:white"><strong><span style="font-size:11.0pt"><span style="color:fuchsia">Material - Chất liệu</span></span></strong></span></span></p>\r\n\r\n<p style="margin-left:0cm; margin-right:0cm"><span style="font-size:12pt"><span style="background-color:white"><span style="font-size:11.0pt"><span style="color:#333333">Chất liệu l&agrave; một thuộc t&iacute;nh quan trọng gi&uacute;p trẻ cảm nhận được c&aacute;c đồ vật, ph&acirc;n biệt đặc t&iacute;nh của c&aacute;c đồ &nbsp;vật. &nbsp;R&egrave;n &nbsp;luyện &nbsp;kỹ &nbsp;năng tư &nbsp;duy &nbsp;của &nbsp;trẻ &nbsp;về &nbsp;sự giống v&agrave; kh&aacute;c nhau của c&aacute;c đồ vật th&ocirc;ng qua chất liệu. Qua đ&oacute; gi&uacute;p c&aacute;c em thấy được sự đa dạng của cuộc sống.</span></span></span></span></p>\r\n\r\n<p style="margin-left:0cm; margin-right:0cm"><span style="font-size:12pt"><span style="background-color:white"><strong><span style="font-size:11.0pt"><span style="color:fuchsia">Size - K&iacute;ch thước</span></span></strong></span></span></p>\r\n\r\n<p style="margin-left:0cm; margin-right:0cm"><span style="font-size:12pt"><span style="background-color:white"><span style="font-size:11.0pt"><span style="color:#333333">Trẻ bước đầu được l&agrave;m quen với k&iacute;ch cỡ to/ nhỏ, ngắn/d&agrave;i. &nbsp;Biết &nbsp;so &nbsp;s&aacute;nh &nbsp;hơn/nhất. &nbsp;Ban &nbsp;đầu &nbsp;h&igrave;nh th&agrave;nh tư duy ước lượng v&agrave; tỷ lệ.</span></span></span></span></p>\r\n\r\n<p style="margin-left:0cm; margin-right:0cm"><span style="font-size:12pt"><span style="background-color:white"><strong><span style="font-size:11.0pt"><span style="color:fuchsia">Shape - H&igrave;nh dạng</span></span></strong></span></span></p>\r\n\r\n<p style="margin-left:0cm; margin-right:0cm"><span style="font-size:12pt"><span style="background-color:white"><span style="font-size:11.0pt"><span style="color:#333333">H&igrave;nh &nbsp;dạng &nbsp;l&agrave; &nbsp;kh&aacute;i &nbsp;niệm &nbsp;ban &nbsp;đầu &nbsp;của &nbsp;tư &nbsp;duy &nbsp;về h&igrave;nh học. Qua chủ để n&agrave;y c&aacute;c em kh&ocirc;ng chỉ dừng lại ở việc nhận biết h&igrave;nh dạng m&agrave; c&ograve;n biết được đặc điểm của c&aacute;c dạng h&igrave;nh, so s&aacute;nh sự giống v&agrave; kh&aacute;c nhau của h&igrave;nh. Gi&uacute;p c&aacute;c em ph&aacute;t triển khả năng quan s&aacute;t, ph&acirc;n t&iacute;ch v&agrave; tư duy về h&igrave;nh.</span></span></span></span></p>\r\n\r\n<p style="margin-left:0cm; margin-right:0cm"><span style="font-size:12pt"><span style="background-color:white"><strong><span style="font-size:11.0pt"><span style="color:fuchsia">Classify - Ph&acirc;n loại</span></span></strong></span></span></p>\r\n\r\n<p style="margin-left:0cm; margin-right:0cm"><span style="font-size:12pt"><span style="background-color:white"><span style="font-size:11.0pt"><span style="color:#333333">Ph&acirc;n loại l&agrave; chủ đề tư duy tổng hợp của c&aacute;c chủ đề tr&ecirc;n. Qua chủ đề n&agrave;y học sinh được ứng dụng c&aacute;c kiến thức đ&atilde; học v&agrave;o c&aacute;c dạng b&agrave;i tập ph&acirc;n t&iacute;ch v&agrave; tư duy tổng hợp. Gi&uacute;p học sinh r&egrave;n luyện khả năng tư duy về h&igrave;nh v&agrave; ph&aacute;t triển khả năng qua s&aacute;t nhạy b&eacute;n.</span></span></span></span></p>\r\n\r\n<p style="margin-left:0cm; margin-right:0cm"><span style="font-size:12pt"><span style="background-color:white"><strong><span style="font-size:11.0pt"><span style="color:fuchsia">Positions - Vị tr&iacute;</span></span></strong></span></span></p>\r\n\r\n<p style="margin-left:0cm; margin-right:0cm"><span style="font-size:12pt"><span style="background-color:white"><span style="font-size:11.0pt"><span style="color:#333333">Qua chủ đề n&agrave;y học sinh c&oacute; được những kh&aacute;i niệm ban &nbsp;đầu &nbsp;về &nbsp;kh&ocirc;ng &nbsp;gian &nbsp;v&agrave; &nbsp;l&agrave; &nbsp;tiền &nbsp;đề &nbsp;cho &nbsp;h&igrave;nh &nbsp;học kh&ocirc;ng gian sau n&agrave;y. Tư duy về vị tr&iacute; trong kh&ocirc;ng gian gi&uacute;p &nbsp;trẻ &nbsp;ph&aacute;t &nbsp;triển &nbsp;khả &nbsp;năng &nbsp;tưởng &nbsp;tượng &nbsp;v&agrave; &nbsp;định hướng trong kh&ocirc;ng gian tốt.</span></span></span></span></p>\r\n\r\n<p style="margin-left:0cm; margin-right:0cm"><span style="font-size:12pt"><span style="background-color:white"><strong><span style="font-size:11.0pt"><span style="color:fuchsia">Patterns - Quy luật</span></span></strong></span></span></p>\r\n\r\n<p style="margin-left:0cm; margin-right:0cm"><span style="font-size:12pt"><span style="background-color:white"><span style="font-size:11.0pt"><span style="color:#333333">L&agrave; chủ đề điển h&igrave;nh của kỹ năng tư duy của bộ n&atilde;o. Chủ đề n&agrave;y gi&uacute;p r&egrave;n luyện chỉ số IQ của trẻ, gi&uacute;p trẻ ph&aacute;t triển khả năng quan s&aacute;t, ph&acirc;n t&iacute;ch, ph&aacute;n đo&aacute;n, suy luận logic.</span></span></span></span></p>\r\n\r\n<p style="margin-left:0cm; margin-right:0cm"><span style="font-size:12pt"><span style="background-color:white"><strong><span style="font-size:11.0pt"><span style="color:fuchsia">Numbers and counting - Tư duy số</span></span></strong></span></span></p>\r\n\r\n<p style="margin-left:0cm; margin-right:0cm"><span style="font-size:12pt"><span style="background-color:white"><span style="font-size:11.0pt"><span style="color:#333333">Tư duy số l&agrave; chủ đề kh&ocirc;ng thể thiếu gi&uacute;p trẻ học giỏi To&aacute;n. Ngo&agrave;i việc gi&uacute;p trẻ nhận diện v&agrave; viết số, th&ocirc;ng qua &nbsp;c&aacute;c &nbsp;b&agrave;i &nbsp;tập &nbsp;ứng dụng &nbsp;sẽ &nbsp;gi&uacute;p &nbsp;c&aacute;c &nbsp;em &nbsp;hiểu &nbsp;bản chất của số, vị tr&iacute; của số tr&ecirc;n trục số, khoảng c&aacute;ch của c&aacute;c số. Học đếm sẽ gi&uacute;p trẻ tăng khả năng tập trung, ph&aacute;t triển tr&iacute; n&atilde;o v&agrave; h&igrave;nh th&agrave;nh nếp nhăn của n&atilde;o bộ.</span></span></span></span></p>\r\n\r\n<p style="margin-left:0cm; margin-right:0cm"><span style="font-size:12pt"><span style="background-color:white"><strong><span style="font-size:11.0pt"><span style="color:fuchsia">Sorting, ordering, and classifying - Sắp xếp, thứ tự, ph&acirc;n nh&oacute;m</span></span></strong></span></span></p>\r\n\r\n<p style="margin-left:0cm; margin-right:0cm"><span style="font-size:12pt"><span style="background-color:white"><span style="font-size:11.0pt"><span style="color:#333333">Khi đ&atilde; hiểu bản chất của c&aacute;c số c&aacute;c em sẽ được r&egrave;n luyện sắp xếp thứ tự c&aacute;c số theo y&ecirc;u cầu. L&agrave;m quen với việc ph&acirc;n nh&oacute;m theo số lượng v&agrave; hiểu được bản chất của nh&oacute;m. Tư duy về nh&oacute;m l&agrave; một dạng tư duy ho&agrave;n to&agrave;n mới m&agrave; từ trước đến nay c&aacute;c học sinh &iacute;t được tiếp cận. Tư duy nh&oacute;m gi&uacute;p c&aacute;c em giải quyết được rất nhiều dạng b&agrave;i tập sau n&agrave;y v&agrave; thậm ch&iacute; cả c&aacute;c b&agrave;i to&aacute;n k&iacute;nh tế, x&atilde; hội cũng như tiếp cận c&aacute;c m&ocirc;n học kh&aacute;c dễ d&agrave;ng hơn.</span></span></span></span></p>\r\n\r\n<p style="margin-left:0cm; margin-right:0cm"><span style="font-size:12pt"><span style="background-color:white"><strong><span style="font-size:11.0pt"><span style="color:fuchsia">Fractions - Ph&acirc;n số</span></span></strong></span></span></p>\r\n\r\n<p style="margin-left:0cm; margin-right:0cm"><span style="font-size:12pt"><span style="background-color:white"><span style="font-size:11.0pt"><span style="color:#333333">L&agrave; một chủ đề ho&agrave;n to&agrave;n mới với c&aacute;c em học sinh ở tuổi Mầm mon. Nhưng với c&aacute;ch tiếp cận thực tế v&agrave; trực quan th&ocirc;ng qua việc chia đồ vật, chia h&igrave;nh chương tr&igrave;nh gi&uacute;p c&aacute;c em hiểu bản chất của ph&acirc;n số v&agrave; t&igrave;m được gi&aacute; trị của ph&acirc;n số một c&aacute;ch dễ d&agrave;ng.</span></span></span></span></p>\r\n\r\n<p style="margin-left:0cm; margin-right:0cm"><span style="font-size:12pt"><span style="background-color:white"><strong><span style="font-size:11.0pt"><span style="color:fuchsia">Measurement - Đo lường</span></span></strong></span></span></p>\r\n\r\n<p style="margin-left:0cm; margin-right:0cm"><span style="font-size:12pt"><span style="background-color:white"><span style="font-size:11.0pt"><span style="color:#333333">Gi&uacute;p c&aacute;c em c&oacute; kh&aacute;i niệm ban đầu về k&iacute;ch thước bằng c&aacute;ch so s&aacute;nh với c&aacute;c vật kh&aacute;c. Gi&uacute;p c&aacute;c em ph&aacute;t triển tư duy về tỷ lệ v&agrave; khả năng ước lượng. Ngo&agrave;i ra, c&aacute;c em c&ograve;n biết so s&aacute;nh c&aacute;c nh&oacute;m vật với nhau như: d&agrave;i hơn/ d&agrave;i nhất, ngắn hơn/ ngắn nhất, thấp hơn/ thấp nhất,&hellip;</span></span></span></span></p>\r\n\r\n<p style="margin-left:0cm; margin-right:0cm"><span style="font-size:12pt"><span style="background-color:white"><strong><span style="font-size:11.0pt"><span style="color:fuchsia">Time - Tư duy thời gian</span></span></strong></span></span></p>\r\n\r\n<p style="margin-left:0cm; margin-right:0cm"><span style="font-size:12pt"><span style="background-color:white"><span style="font-size:11.0pt"><span style="color:#333333">Thời gian l&agrave; nh&acirc;n tố v&ocirc; c&ugrave;ng quan trọng với cuộc sống của mỗi người. Biết tư duy về thời gian sẽ gi&uacute;p trẻ biết sắp xếp kế hoạch học tập v&agrave; vui chơi ph&ugrave; hợp. Hiểu về sự vận động của thời gian sẽ gi&uacute;p c&aacute;c em c&oacute; &yacute; thức v&agrave; biết c&aacute;ch sử dụng thời gian tốt hơn v&agrave; hiệu quả hơn.</span></span></span></span></p>\r\n\r\n<p style="margin-left:0cm; margin-right:0cm"><span style="font-size:12pt"><span style="background-color:white"><strong><span style="font-size:11.0pt"><span style="color:fuchsia">Comparing - So s&aacute;nh</span></span></strong></span></span></p>\r\n\r\n<p style="margin-left:0cm; margin-right:0cm"><span style="font-size:12pt"><span style="background-color:white"><span style="font-size:11.0pt"><span style="color:#333333">Qua chủ đề n&agrave;y gi&uacute;p c&aacute;c em hiểu được mối tương quan giữa c&aacute;c sự vật v&agrave; hiện tượng qua đ&oacute; c&aacute;c em thấy được quy luật của To&aacute;n học. Đ&acirc;y l&agrave; một chủ đề tư duy tổng hợp của phần tư duy số. Để giải quyết được c&aacute;c dạng b&agrave;i tập trong chủ đề n&agrave;y c&aacute;c em phải c&oacute; tư duy tốt về lượng, nh&oacute;m, về tương quan tỷ lệ.</span></span></span></span></p>\r\n\r\n<p style="margin-left:0cm; margin-right:0cm"><span style="font-size:12pt"><span style="background-color:white"><strong><span style="font-size:11.0pt"><span style="color:fuchsia">Addition - Ph&eacute;p cộng</span></span></strong></span></span></p>\r\n\r\n<p style="margin-left:0cm; margin-right:0cm"><span style="font-size:12pt"><span style="background-color:white"><span style="font-size:11.0pt"><span style="color:#333333">Ph&eacute;p cộng l&agrave; chủ đề kh&ocirc;ng thể thiếu trong To&aacute;n học. Math Skills kh&ocirc;ng ch&uacute; trọng đến kết quả của ph&eacute;p t&iacute;nh m&agrave; quan t&acirc;m đến phương ph&aacute;p để đi đến kết quả đ&oacute;. Với phương ph&aacute;p tư duy số kh&ocirc;ng chỉ gi&uacute;p c&aacute;c em t&iacute;nh nhẩm nhanh, nhẩm đ&uacute;ng m&agrave; c&ograve;n gi&uacute;p ph&aacute;t triển tư duy v&agrave; tr&iacute; n&atilde;o.</span></span></span></span></p>\r\n\r\n<p style="margin-left:0cm; margin-right:0cm"><span style="font-size:12pt"><span style="background-color:white"><strong><span style="font-size:11.0pt"><span style="color:fuchsia">Subtraction - Ph&eacute;p trừ</span></span></strong></span></span></p>\r\n\r\n<p style="margin-left:0cm; margin-right:0cm"><span style="font-size:12pt"><span style="background-color:white"><span style="font-size:11.0pt"><span style="color:#333333">Ph&eacute;p trừ l&agrave; dạng ngược lại của ph&eacute;p cộng. &nbsp;Tư duy ngược đ&ocirc;i khi kh&oacute; hơn tư duy xu&ocirc;i. Với phương ph&aacute;p tư duy Math Skills gi&uacute;p tr&iacute; n&atilde;o của c&aacute;c em hoạt động đa chiều v&agrave; linh hoạt.</span></span></span></span></p>\r\n\r\n<p style="margin-left:0cm; margin-right:0cm"><span style="font-size:12pt"><span style="background-color:white"><strong><span style="font-size:11.0pt"><span style="color:fuchsia">Proportional thinking - Tư duy tỷ lệ</span></span></strong></span></span></p>\r\n\r\n<p style="margin-left:0cm; margin-right:0cm"><span style="font-size:12pt"><span style="background-color:white"><span style="font-size:11.0pt"><span style="color:#333333">Đ&acirc;y l&agrave; đỉnh cao của tư duy số. B&agrave;i tập tư duy tỷ lệ gi&uacute;p r&egrave;n luyện khả năng tư duy tổng hợp, khả năng định lượng v&agrave; tư duy nh&oacute;m.</span></span></span></span></p>\r\n\r\n<p style="margin-left:0cm; margin-right:0cm">&nbsp;</p>\r\n\r\n<p style="margin-left:0cm; margin-right:0cm"><span style="font-size:11pt"><span style="background-color:white"><span style="font-family:Calibri,sans-serif"><strong><span style="color:black">1. Cấp độ Starter : </span></strong><span style="background-color:white"><span style="color:black">sẽ bắt đầu được tiếp cận dần với c&aacute;c nội dung To&aacute;n căn bản. Bắt đầu với c&aacute;c nội dung nền tảng: ph&acirc;n biệt h&igrave;nh dạng, m&agrave;u sắc, chất liệu, con số để dần dần y&ecirc;u th&iacute;ch việc tương t&aacute;c với con số. Từ đ&oacute; c&aacute;c b&eacute; sẽ y&ecirc;u th&iacute;ch dần m&ocirc;n To&aacute;n học tưởng chừng như rất kh&ocirc; khan.</span></span><br />\r\n<span style="color:black"><span style="background-color:white">Khi đ&atilde; y&ecirc;u th&iacute;ch m&ocirc;n học, trẻ sẽ tiếp tục được kh&aacute;m ph&aacute; c&aacute;c kiến thức To&aacute;n n&acirc;ng cao hơn: Đếm &ndash; viết, sắp xếp thứ tự c&aacute;c con số. Dần dần từ đ&oacute; mới tiếp cận đến c&aacute;c ph&eacute;p t&iacute;nh cộng v&agrave; trừ. &nbsp;Đ&acirc;y cũng ch&iacute;nh l&agrave; nền tảng để ph&aacute;t triển tư duy v&agrave;o lứa tuổi n&agrave;y cho trẻ.</span></span></span></span></span></p>\r\n\r\n<p style="margin-left:0cm; margin-right:0cm"><span style="font-size:11pt"><span style="background-color:white"><span style="font-family:Calibri,sans-serif"><strong><span style="color:black">2. Cấp độ Kindergarten&nbsp;(K) : </span></strong><span style="color:black">được x&acirc;y dựng đặc th&ugrave; d&agrave;nh cho trẻ từ 5 đến 6 tuổi.<br />\r\n&nbsp;<br />\r\nTrẻ được l&agrave;m quen, kh&aacute;m ph&aacute; c&aacute;c con số th&ocirc;ng qua c&aacute;c nội dung: số liền trước - số liền sau, đếm xu&ocirc;i - đếm ngược, đơn vị&hellip; để hiểu được thứ tự v&agrave; bản chất c&aacute;c con số. Trẻ được t&igrave;m hiểu th&ecirc;m về c&aacute;c h&igrave;nh học: h&igrave;nh oval, h&igrave;nh thoi, h&igrave;nh 5 cạnh đồng thời biết chia h&igrave;nh, gh&eacute;p h&igrave;nh, s&aacute;ng tạo h&igrave;nh để tạo ra c&aacute;c h&igrave;nh mới. Thay v&igrave; trẻ học c&aacute;ch cộng, trừ &ldquo;một c&aacute;ch m&aacute;y m&oacute;c&rdquo; bằng việc nhớ ph&eacute;p t&iacute;nh, trẻ tại IXL được học bản chất của c&aacute;c ph&eacute;p t&iacute;nh qua nhiều c&aacute;ch tiếp cận kh&aacute;c nhau. VD: C&oacute; 2 nh&oacute;m số lượng kh&aacute;c nhau, cần th&ecirc;m v&agrave;o bao nhi&ecirc;u h&igrave;nh để 2 nh&oacute;m bằng nhau. Đ&acirc;y l&agrave; nền tảng gi&uacute;p trẻ biết c&aacute;ch tư duy đ&uacute;ng về To&aacute;n học. V&agrave; khi đ&atilde; hiểu điều nay, trẻ sẽ rất th&iacute;ch học m&ocirc;n To&aacute;n.<br />\r\n&nbsp;<br />\r\n<strong>3. Cấp độ Starter School (SC) : </strong>được x&acirc;y dựng đặc th&ugrave; d&agrave;nh cho trẻ&nbsp;<strong>đang chuẩn bị v&agrave;o lớp 1.</strong><br />\r\nThời điểm n&agrave;y rất quan trọng đối với trẻ v&igrave; đ&acirc;y l&agrave; giai đoạn chuyển tiếp m&ocirc;i trường học tập từ mầm non l&ecirc;n tiểu học.<br />\r\n&nbsp;<br />\r\nTrẻ sẽ được tiếp cận với c&aacute;c kiến thức to&aacute;n một c&aacute;ch logic hơn. Thay v&igrave; học ngay c&aacute;c ph&eacute;p cộng, ph&eacute;p trừ, trẻ vẫn sẽ được tiếp cận c&aacute;c nội dung nền tảng từ quy luật, h&igrave;nh học... V&agrave; dần dần l&agrave;m quen với c&aacute;c kh&aacute;i niệm to&aacute;n học: trục số, đếm c&aacute;ch, t&igrave;m khoảng c&aacute;ch giữa c&aacute;c số.</span></span></span></span></p>\r\n\r\n<p style="margin-left:0cm; margin-right:0cm"><span style="font-size:11pt"><span style="background-color:white"><span style="font-family:Calibri,sans-serif"><span style="color:black">&nbsp;<br />\r\n<em>Với chương tr&igrave;nh Tư duy To&aacute;n&nbsp;Mỹ - Avits Math (IXL) - </em></span><span style="color:black">FOR PRE- SCHOOL</span><em><span style="color:black">, trẻ kh&ocirc;ng chỉ thực hiện đ&uacute;ng theo y&ecirc;u cầu, trẻ cần phải giải th&iacute;ch được qu&aacute; tr&igrave;nh đi đến kết quả quả, v&igrave; sao lại l&agrave;m được như vậy để thực h&agrave;nh c&aacute;ch diễn đạt suy nghĩ của m&igrave;nh. C&aacute;c hoạt động thực h&agrave;nh v&agrave; l&agrave;m quen kiến thức được đan xen với nhau trong qu&aacute; tr&igrave;nh học gi&uacute;p trẻ hứng th&uacute; với m&ocirc;n học, tự tin hơn với những b&agrave;i To&aacute;n ở trường. Quan trọng hơn, trẻ được cung cấp c&aacute;c kiến thức rất nền tảng một c&aacute;ch hệ thống v&agrave; hiểu s&acirc;u về bản chất, gi&uacute;p trẻ tư duy v&agrave; ứng dụng v&agrave;o những kiến thức học ở cấp cao hơn.</span></em><br />\r\n<span style="color:black">&nbsp;<br />\r\n<em>Điều đặc biệt của Chương tr&igrave;nh Avits Math (IXL)</em></span><span style="color:black"> FOR PRE- SCHOOL</span><em><span style="color:black"> l&agrave; lu&ocirc;n c&oacute; hoạt động s&aacute;ng tạo mang t&iacute;nh ứng dụng của nội dung vừa học v&agrave;o thực tế. Khi trẻ biết c&aacute;ch vận dụng những điều m&igrave;nh vừa học v&agrave;o cuộc sống, trẻ hiểu bản chất kiến thức v&agrave; sẽ nhớ rất l&acirc;u nội dung học đ&oacute;. Từ đ&oacute; l&agrave;m nền tảng để ph&aacute;t triển tư duy, tr&iacute; th&ocirc;ng minh v&agrave; t&iacute;nh s&aacute;ng tạo của trẻ lứa tuổi n&agrave;y.</span></em></span></span></span></p>\r\n\r\n<p style="margin-left:0cm; margin-right:0cm">&nbsp;</p>\r\n\r\n<h2 style="margin-left:0cm; margin-right:0cm"><span style="font-size:18pt"><span style="background-color:white"><strong><span style="font-size:11.0pt"><span style="color:black">CHƯƠNG TR&Igrave;NH TIỂU HỌC </span></span></strong></span></span></h2>\r\n\r\n<h2 style="margin-left:0cm; margin-right:0cm"><span style="font-size:18pt"><span style="background-color:white"><strong><span style="font-size:11.0pt"><span style="color:black">avits math (IXL) - FOR PRIMARY SCHOOL :</span></span></strong></span></span></h2>\r\n\r\n<p style="margin-left:0cm; margin-right:0cm"><span style="font-size:12pt"><span style="background-color:white"><span style="font-size:11.0pt"><span style="color:#333333">D&agrave;nh cho học sinh tiểu học (6-10 tuổi)&nbsp;được thiết kế nội dung song song với kiến thức to&aacute;n tr&ecirc;n trường của học sinh gi&uacute;p bổ trợ c&aacute;c kiến thức cần thiết cho học sinh. Ngo&agrave;i ra Avits Math c&ograve;n bổ sung một số dạng to&aacute;n quốc tế mang t&iacute;nh ứng dụng cao gi&uacute;p c&aacute;c em ph&aacute;t triển khả năng tư duy, biết ứng dụng to&aacute;n v&agrave;o thực tế.</span></span><br />\r\n<br />\r\n<span style="font-size:11.0pt"><span style="color:#333333">Với phương ph&aacute;p tiệp cận vấn đề To&aacute;n ho&agrave;n to&agrave;n mới v&agrave; khoa học, đi từ dễ đến kh&oacute;, đi từ cơ bản đến phức tạp. Avits Math </span></span><span style="font-size:11.0pt"><span style="color:black">(IXL) </span></span><span style="font-size:11.0pt"><span style="color:#333333">gi&uacute;p học sinh hiểu bản chất vấn đề, c&oacute; kiến thức To&aacute;n vững chắc v&agrave; kh&ocirc;ng c&ograve;n cảm thấy &aacute;p lực với m&ocirc;n To&aacute;n.</span></span></span></span></p>\r\n\r\n<p style="margin-left:0cm; margin-right:0cm"><br />\r\n<span style="font-size:12pt"><span style="background-color:white"><span style="font-size:11.0pt"><span style="color:#333333">Nội dung Chương tr&igrave;nh được thiết kế với 5 cấp độ:</span></span></span></span></p>\r\n\r\n<p style="margin-left:0cm; margin-right:0cm"><span style="font-size:12pt"><span style="background-color:white"><span style="font-size:11.0pt"><span style="color:#333333">Level 1 &ndash; Level 2 &ndash; Level 3 &ndash; Level 4 &ndash; Level 5</span></span></span></span></p>\r\n\r\n<p style="margin-left:0cm; margin-right:0cm">&nbsp;</p>\r\n\r\n<p style="margin-left:0cm; margin-right:0cm; text-align:justify"><span style="font-size:11pt"><span style="background-color:white"><span style="font-family:Calibri,sans-serif"><strong><span style="color:black">1. Tư duy số v&agrave; c&aacute;c ph&eacute;p to&aacute;n (<em>Number sense &amp; operations</em>)</span></strong></span></span></span></p>\r\n\r\n<p style="margin-left:0cm; margin-right:0cm; text-align:justify"><span style="font-size:11pt"><span style="background-color:white"><span style="font-family:Calibri,sans-serif"><span style="color:black">Hiểu r&otilde; c&aacute;c kh&aacute;i niệm, bản chất về số tự nhi&ecirc;n, cấu tạo số l&agrave;m tiền đề để r&egrave;n luyện kỹ năng t&iacute;nh to&aacute;n v&agrave; ph&aacute;t triển khả năng t&iacute;nh nhẩm, t&iacute;nh nhanh v&agrave; tư duy logic cho trẻ. Hiểu r&otilde; bản chất của c&aacute;c ph&eacute;p to&aacute;n cộng, trừ, nh&acirc;n, chia để đưa ra phương ph&aacute;p t&iacute;nh&nbsp; to&aacute;n ph&ugrave; hợp v&agrave; cho kết quả nhanh, ch&iacute;nh x&aacute;c nhất.</span></span></span></span></p>\r\n\r\n<p style="margin-left:0cm; margin-right:0cm; text-align:justify"><span style="font-size:11pt"><span style="background-color:white"><span style="font-family:Calibri,sans-serif">&nbsp;</span></span></span></p>\r\n\r\n<p style="margin-left:0cm; margin-right:0cm; text-align:justify"><span style="font-size:11pt"><span style="background-color:white"><span style="font-family:Calibri,sans-serif"><strong><span style="color:black">2.Ph&acirc;n số (<em>Fractions</em>)</span></strong></span></span></span></p>\r\n\r\n<p style="margin-left:0cm; margin-right:0cm; text-align:justify"><span style="font-size:11pt"><span style="background-color:white"><span style="font-family:Calibri,sans-serif"><span style="color:black">Giới thiệu về ph&acirc;n số cho học sinh hiểu r&otilde; kh&aacute;i niệm &ldquo;ph&acirc;n số l&agrave; g&igrave;?&rdquo; từ những h&igrave;nh ảnh trực quan. Khi nắm chắc được kh&aacute;i niệm, hiểu được bản chất của ph&acirc;n số học sinh sẽ thực hiện ph&eacute;p t&iacute;nh li&ecirc;n quan đến ph&acirc;n số một c&aacute;ch dễ d&agrave;ng v&agrave; ứng dụng th&agrave;nh thạo trong c&aacute;c b&agrave;i to&aacute;n đố li&ecirc;n quan.<br />\r\n&nbsp;</span></span></span></span></p>\r\n\r\n<p style="margin-left:0cm; margin-right:0cm; text-align:justify"><span style="font-size:11pt"><span style="background-color:white"><span style="font-family:Calibri,sans-serif"><strong><span style="color:black">3. Đo lường &ndash; Thời gian (<em>Measurement - Time</em>)</span></strong></span></span></span></p>\r\n\r\n<p style="margin-left:0cm; margin-right:0cm"><span style="font-size:11pt"><span style="background-color:white"><span style="font-family:Calibri,sans-serif"><span style="color:black">Trẻ nắm vững c&aacute;c đơn vị đo lường </span><span style="background-color:#f9f9f9"><span style="color:#3b3b3b">- thời gian, độ d&agrave;i, diện t&iacute;ch, thể t&iacute;ch, khối lượng, dung t&iacute;ch v&agrave; tiền tệ.</span></span><span style="color:black">, biết &aacute;p dụng v&agrave;o c&aacute;c b&agrave;i to&aacute;n thực tế.<br />\r\n&nbsp;</span></span></span></span></p>\r\n\r\n<p style="margin-left:0cm; margin-right:0cm; text-align:justify"><span style="font-size:11pt"><span style="background-color:white"><span style="font-family:Calibri,sans-serif"><strong><span style="color:black">4. H&igrave;nh học (<em>Geometry</em>)</span></strong></span></span></span></p>\r\n\r\n<p style="margin-left:0cm; margin-right:0cm; text-align:justify"><span style="font-size:11pt"><span style="background-color:white"><span style="font-family:Calibri,sans-serif"><span style="color:black">Gi&uacute;p trẻ &nbsp;nhận biết kh&aacute;i niệm, thuộc t&iacute;nh, h&igrave;nh th&agrave;nh của mỗi loại h&igrave;nh kh&aacute;c nhau; mối tương quan giữa c&aacute;c h&igrave;nh. Từ đ&oacute;, trẻ &aacute;p dụng t&iacute;nh diện t&iacute;ch, chu vi hay thể t&iacute;ch của c&aacute;c h&igrave;nh kh&aacute;c nhau.</span></span></span></span></p>\r\n\r\n<p style="margin-left:0cm; margin-right:0cm; text-align:justify"><span style="font-size:11pt"><span style="background-color:white"><span style="font-family:Calibri,sans-serif">&nbsp;</span></span></span></p>\r\n\r\n<p style="margin-left:0cm; margin-right:0cm; text-align:justify"><span style="font-size:11pt"><span style="background-color:white"><span style="font-family:Calibri,sans-serif"><strong><span style="color:black">5. Tư duy tổng hợp (<em>Mathematical Thinking</em>) </span></strong></span></span></span></p>\r\n\r\n<p style="margin-left:0cm; margin-right:0cm"><span style="font-size:11pt"><span style="background-color:white"><span style="font-family:Calibri,sans-serif"><span style="color:black">Gi&uacute;p trẻ r&egrave;n luyện nhiều kỹ năng tư duy to&aacute;n tổng hợp th&ocirc;ng qua c&aacute;c dạng to&aacute;n đa dạng như c&acirc;n thăng bằng, to&aacute;n quy luật, tư duy nh&oacute;m, tư duy tỷ lệ, to&aacute;n đố, tư duy l&ocirc;gic, lập v&agrave; đọc biểu đồ, to&aacute;n x&aacute;c suất, l&agrave;m tr&ograve;n, ước lượng &hellip; Trẻ được r&egrave;n luyện nhiều kỹ năng như: đọc đề, ph&acirc;n t&iacute;ch đề b&agrave;i, &nbsp;chia nhỏ c&aacute;c vấn đề trong b&agrave;i to&aacute;n, vận dụng khả năng tư duy logic để việc giải to&aacute;n trở n&ecirc;n đơn giản, hiệu quả v&agrave; ch&iacute;nh x&aacute;c.</span></span></span></span><br />\r\n&nbsp;</p>\r\n\r\n<p style="margin-left:0cm; margin-right:0cm"><span style="font-size:11pt"><span style="background-color:white"><span style="font-family:Calibri,sans-serif"><span style="color:black">&nbsp;6. </span><strong><span style="background-color:#f9f9f9"><span style="color:black">Giải to&aacute;n c&oacute; lời văn (<em>Problem solving )</em></span></span></strong><br />\r\n<span style="background-color:#f9f9f9"><span style="color:#3b3b3b">R&egrave;n luyện c&aacute;c bước gồm: Chia vấn đề th&agrave;nh những phần nhỏ, đơn giản hơn, rồi ph&acirc;n t&iacute;ch, giải to&aacute;n, kiểm tra v&agrave; đ&aacute;nh gi&aacute;.</span></span><br />\r\n<span style="color:black">&nbsp;</span></span></span></span><br />\r\n&nbsp;</p>\r\n\r\n<p style="margin-left:0cm; margin-right:0cm">&nbsp;</p>\r\n\r\n<p style="margin-left:0cm; margin-right:0cm">&nbsp;</p>\r\n\r\n<h2 style="margin-left:0cm; margin-right:0cm"><span style="font-size:18pt"><span style="background-color:white"><strong><span style="font-size:11.0pt"><span style="color:black">CHƯƠNG TR&Igrave;NH thcs </span></span></strong></span></span></h2>\r\n\r\n<p style="margin-left:0cm; margin-right:0cm"><span style="font-size:12pt"><span style="background-color:white"><strong><span style="font-size:11.0pt"><span style="color:black">avits math (IXL) - junior high school</span></span></strong></span></span></p>\r\n\r\n<p style="margin-left:0cm; margin-right:0cm"><span style="font-size:12pt"><span style="background-color:white"><span style="font-size:11.0pt"><span style="color:#3b3b3b">Kết hợp v&agrave; n&acirc;ng cao giữa l&yacute; thuyết v&agrave; c&aacute;c b&agrave;i to&aacute;n ứng dụng, ph&aacute;t triển cho học sinh kỹ năng tư duy, sự hiểu biết v&agrave; th&aacute;i độ tự tin. Nắm chắc kiến thức từ cơ bản đến n&acirc;ng cao.</span></span></span></span></p>\r\n\r\n<p style="margin-left:0cm; margin-right:0cm"><span style="font-size:12pt"><span style="background-color:white"><span style="font-size:10.5pt"><span style="background-color:white"><span style="color:#333333">-&nbsp;T&iacute;ch cực ho&aacute; hoạt động học tập của học sinh, r&egrave;n luyện khả năng tự học, ph&aacute;t hiện v&agrave; giải quyết vấn đề của HS nhằm h&igrave;nh th&agrave;nh v&agrave; ph&aacute;t triển ở HS tư duy t&iacute;ch cực, độc lập v&agrave; s&aacute;ng tạo.</span></span></span><br />\r\n<span style="font-size:10.5pt"><span style="color:#333333"><span style="background-color:white">&minus; Chọn lựa sử dụng những phương ph&aacute;p ph&aacute;t huy t&iacute;nh t&iacute;ch cực chủ động của Học Sinh trong học tập v&agrave; ph&aacute;t huy khả năng tự học. Hoạt động ho&aacute; việc học tập của HS bằng những dẫn dắt cho HS tự th&acirc;n trải nghiệm chiếm lĩnh tri thức, chống lối học thụ động.</span><br />\r\n<span style="background-color:white">&minus; Tận dụng ưu thế của từng phương ph&aacute;p dạy học, ch&uacute; trọng sử dụng phương ph&aacute;p dạy học ph&aacute;t hiện v&agrave; giải quyết vấn đề.</span><br />\r\n<span style="background-color:white">&minus; Coi trọng cung cấp kiến thức, r&egrave;n luyện kĩ năng vận dụng kiến thức v&agrave;o thực tiễn.</span></span></span></span></span></p>\r\n\r\n<p style="margin-left:0cm; margin-right:0cm"><span style="font-size:12pt"><span style="background-color:white"><span style="font-size:11.0pt"><span style="color:#333333">Nội dung Chương tr&igrave;nh được thiết kế với 4 cấp độ:</span></span></span></span></p>\r\n\r\n<p style="margin-left:0cm; margin-right:0cm"><span style="font-size:12pt"><span style="background-color:white"><span style="font-size:11.0pt"><span style="color:#333333">Level 6 &ndash; Level 7 &ndash; Level 8 &ndash; Level 9</span></span></span></span></p>\r\n\r\n<p style="margin-left:0cm; margin-right:0cm">&nbsp;</p>\r\n\r\n<ol>\r\n	<li style="list-style-type:none">\r\n	<ol>\r\n		<li style="list-style-type:none">\r\n		<ol>\r\n			<li><span style="font-size:12pt"><span style="background-color:white"><span style="font-size:11.0pt"><span style="color:#3b3b3b">Số học : T&iacute;nh chia hết, số nguy&ecirc;n tố, số ch&iacute;nh phương, bội v&agrave; ước c&aacute;c số .</span></span></span></span></li>\r\n			<li><span style="font-size:12pt"><span style="background-color:white"><span style="font-size:11.0pt"><span style="color:#3b3b3b">Đại số : Gi&uacute;p học sinh thực hiện th&agrave;nh thạo tất cả c&aacute;c dạng to&aacute;n đại số nền tảng như tỷ lệ thức, biểu thức, ph&acirc;n thức đến c&aacute;c kh&aacute;i niệm n&acirc;ng cao như biến số, h&agrave;m số hay giải c&aacute;c dạng to&aacute;n đại số đặc trưng như phương tr&igrave;nh, bất phương tr&igrave;nh, hệ phương tr&igrave;nh, căn thức. </span></span></span></span></li>\r\n		</ol>\r\n		</li>\r\n	</ol>\r\n	</li>\r\n</ol>\r\n\r\n<p style="margin-left:13.5pt; margin-right:0cm"><span style="font-size:12pt"><span style="background-color:white"><span style="font-size:11.0pt"><span style="color:#3b3b3b">Ngo&agrave;i ra, học sinh được tiếp cận với dạng ph&acirc;n t&iacute;ch dữ liệu từ những thao t&aacute;c đơn giản như đọc dữ liệu, so s&aacute;nh v&agrave; sắp xếp dữ liệu. B&ecirc;n cạnh đ&oacute;, học sinh c&ograve;n biết c&aacute;ch biểu diễn c&aacute;c dữ liệu bằng đồ thị từ đ&oacute; suy luận t&igrave;m ra đ&aacute;p &aacute;n cũng như x&acirc;y dựng c&aacute;c qui luật logic</span></span></span></span></p>\r\n\r\n<p style="margin-left:13.5pt; margin-right:0cm"><span style="font-size:12pt"><span style="background-color:white"><em><span style="font-size:11.0pt"><span style="color:#4f4f4f">Cũng cố v&agrave; bổ sung c&aacute;c kiến thức về chương tr&igrave;nh đại số của BGD&amp;ĐT từ lớp 6 đến lớp 9.</span></span></em></span></span></p>\r\n\r\n<ol>\r\n	<li style="list-style-type:none">\r\n	<ol>\r\n		<li style="list-style-type:none">\r\n		<ol start="3">\r\n			<li><span style="font-size:12pt"><span style="background-color:white"><span style="font-size:11.0pt"><span style="color:#3b3b3b">H&igrave;nh học : Gi&uacute;p học sinh được l&agrave;m quen về tất cả c&aacute;c h&igrave;nh phẳng trong chương tr&igrave;nh phổ th&ocirc;ng v&agrave; c&aacute;c b&agrave;i to&aacute;n li&ecirc;n quan đến h&igrave;nh phẳng như chu vi, diện t&iacute;ch. C&aacute;c h&igrave;nh kh&ocirc;ng gian cũng được đưa v&agrave;o bằng c&aacute;c m&ocirc; h&igrave;nh trực quan th&uacute; vị nhằm gi&uacute;p học sinh ph&acirc;n biệt c&aacute;c h&igrave;nh phẳng, h&igrave;nh khối. Đồng thời c&aacute;c em c&oacute; kh&aacute;i niệm về thể t&iacute;ch, diện t&iacute;ch xung quanh, diện t&iacute;ch to&agrave;n phần. Đ&acirc;y l&agrave; nền tảng để c&aacute;c em học tốt chương tr&igrave;nh phổ th&ocirc;ng v&agrave; &aacute;p dụng kiễn thức v&agrave;o thực tiễn.</span></span></span></span></li>\r\n		</ol>\r\n		</li>\r\n	</ol>\r\n	</li>\r\n</ol>\r\n\r\n<p style="margin-left:13.5pt; margin-right:0cm"><span style="font-size:12pt"><span style="background-color:white"><span style="font-size:11.0pt"><span style="color:#3b3b3b">C&aacute;c chủ đề c&aacute;c em đều được l&agrave;m quen với dạng b&agrave;i to&aacute;n giải quyết vấn đề ở những mức độ kh&aacute;c nhau. Từ những b&agrave;i to&aacute;n c&oacute; lời văn đơn giản đến c&aacute;c b&agrave;i to&aacute;n nhiều bước, lập sơ đồ giải to&aacute;n. Giải quyết vấn đề gi&uacute;p ph&aacute;t triển tư duy logic v&agrave; s&aacute;ng tạo để giải quyết c&aacute;c vấn đề trong cuộc sống. </span></span></span></span></p>\r\n\r\n<p style="margin-left:13.5pt; margin-right:0cm"><span style="font-size:12pt"><span style="background-color:white"><em><span style="font-size:11.0pt"><span style="color:#4f4f4f">Cũng cố v&agrave; bổ sung c&aacute;c kiến thức về chương tr&igrave;nh h&igrave;nh học của BGD&amp;ĐT từ lớp 6 đến lớp 9.</span></span></em></span></span></p>\r\n\r\n<p style="margin-left:0cm; margin-right:0cm"><span style="font-size:12pt"><span style="background-color:white"><span style="font-size:11.0pt"><span style="color:black">4. Luyện thi theo y&ecirc;u cầu : </span></span></span></span></p>\r\n\r\n<h4 style="margin-left:0cm; margin-right:0cm"><span style="font-size:11pt"><span style="background-color:whitesmoke"><span style="font-family:Cambria,serif"><span style="color:#4f81bd"><strong><em><span style="color:#4f4f4f">Luyện c&aacute;c loại đề thi của BGD&amp;ĐT, c&aacute;c chương tr&igrave;nh thi v&agrave;o c&aacute;c trường chuy&ecirc;n&hellip;..</span></em></strong></span></span></span></span></h4>\r\n\r\n<h4 style="margin-left:0cm; margin-right:0cm"><span style="font-size:11pt"><span style="background-color:whitesmoke"><span style="font-family:Cambria,serif"><span style="color:#4f81bd"><strong><em><span style="color:#4f4f4f">Luy&ecirc;n chương tr&igrave;nh của c&aacute;c trường Quốc tế..</span></em></strong></span></span></span></span></h4>\r\n', '', '', '', '', '', 0, 'avits-math-ixl', 'Avits Math (IXL)', '', '');
INSERT INTO `news_languages` (`id`, `news_id`, `languages_code`, `lang_news_name`, `lang_news_des`, `lang_news_content`, `lang_news_sub_info1`, `lang_news_sub_info2`, `lang_news_sub_info3`, `lang_news_sub_info4`, `lang_news_sub_info5`, `edit_state`, `friendly_url`, `title_seo`, `des_seo`, `keyword`) VALUES
(204, 102, 'en', 'Avits Math (IXL)', 'TOÁN TƯ DUY MỸ (IXL) – GIÚP TRẺ EM PHÁT TRIỂN TƯ DUY VÀ HỌC GIỎI TOÁN', '<p style="margin-left:0cm; margin-right:0cm"><span style="font-size:12pt"><span style="background-color:white"><span style="font-family:&quot;Times New Roman&quot;,serif"><strong><span style="font-size:11.0pt"><span style="color:#1579bd">Avits Math (IXL) </span></span></strong><span style="font-size:11.0pt"><span style="color:#333333">được xem l&agrave;&nbsp;</span></span><strong><span style="font-size:11.0pt"><span style="color:blue">phương ph&aacute;p ph&aacute;t triển tư duy To&aacute;n học ti&ecirc;n tiến của Mỹ d&agrave;nh cho học sinh Mầm non, Tiểu học v&agrave; THCS.</span></span></strong>&nbsp;<strong><span style="font-size:11.0pt"><span style="color:#1579bd">Avits Math (IXL) </span></span></strong><span style="font-size:11.0pt"><span style="color:#333333">hướng đến việc ph&aacute;t triển kỹ năng tư duy To&aacute;n học cho trẻ em ngay từ nhỏ với phương ph&aacute;p c&aacute; thể h&oacute;a nhằm tối đa ho&aacute; hiệu quả v&agrave; ph&aacute;t huy được điểm mạnh đồng thời khắc phục điểm yếu của từng học sinh.</span></span></span></span></span></p>\r\n\r\n<p style="margin-left:0cm; margin-right:0cm"><br />\r\n<span style="font-size:12pt"><span style="background-color:white"><span style="font-family:&quot;Times New Roman&quot;,serif"><span style="font-size:11.0pt"><span style="color:#333333">Nghi&ecirc;n cứu của Trường Đại Học Harvard- Mỹ năm 2006 cho thấy, trẻ em được tiếp cận với kỹ năng tư duy To&aacute;n ngay từ tuổi Mầm non sẽ c&oacute; khả năng tiếp cận với tất cả c&aacute;c m&ocirc;n học tại trường Tiểu học tốt hơn c&aacute;c bạn c&ugrave;ng trang lứa chưa được tiếp cận với kỹ năng n&agrave;y. Nghi&ecirc;n cứu cũng chỉ ra rằng, trẻ em được tiếp cận với kỹ năng tư duy To&aacute;n trước 6 tuổi sẽ c&oacute; khả năng tập trung, khả năng quan s&aacute;t, ph&acirc;n t&iacute;ch vấn đề v&agrave; tư duy logic tốt hơn so với c&aacute;c trẻ em kh&aacute;c.</span></span></span></span></span></p>\r\n\r\n<p style="margin-left:0cm; margin-right:0cm"><br />\r\n<span style="font-size:12pt"><span style="background-color:white"><span style="font-family:&quot;Times New Roman&quot;,serif"><span style="font-size:11.0pt"><span style="color:#333333">Theo kết quả khảo s&aacute;t của&nbsp;</span></span><strong><span style="font-size:11.0pt"><span style="color:blue">Bộ Gi&aacute;o dục Mỹ</span></span></strong><span style="font-size:11.0pt"><span style="color:#333333">&nbsp;cũng cho thấy:</span></span></span></span></span></p>\r\n\r\n<p style="margin-left:0cm; margin-right:0cm"><br />\r\n<span style="font-size:12pt"><span style="background-color:white"><span style="font-family:&quot;Times New Roman&quot;,serif"><span style="font-size:11.0pt"><span style="color:#333333">- Học sinh học giỏi To&aacute;n cũng c&oacute; khả năng học giỏi c&aacute;c m&ocirc;n học kh&aacute;c. Tỷ lệ n&agrave;y l&agrave; 38%.<br />\r\n- Học sinh c&oacute; khả năng tư duy To&aacute;n tốt c&oacute; khả năng đỗ v&agrave;o c&aacute;c Trường Đại học cao hơn c&aacute;c học sinh kh&aacute;c đồng thời những sinh vi&ecirc;n n&agrave;y ra trường c&oacute; tỷ lệ t&igrave;m được c&ocirc;ng việc tốt với mức lương cao hơn c&aacute;c sinh vi&ecirc;n kh&aacute;c kh&ocirc;ng giỏi To&aacute;n. Tỷ lệ n&agrave;y l&agrave; 42%.</span></span></span></span></span></p>\r\n\r\n<p style="margin-left:0cm; margin-right:0cm"><br />\r\n<span style="font-size:12pt"><span style="background-color:white"><span style="font-family:&quot;Times New Roman&quot;,serif"><span style="font-size:11.0pt"><span style="color:#333333">Thực tế cho thấy trẻ em Việt Nam c&oacute; tố chất học giỏi m&ocirc;n To&aacute;n. Tuy nhi&ecirc;n, phương ph&aacute;p gi&aacute;o dục hiện tại mới chỉ dừng lại ở việc học nhớ, học vẹt v&agrave; l&agrave;m nhiều th&agrave;nh quen m&agrave; kh&ocirc;ng vận dụng kỹ năng tư duy logic, quan s&aacute;t, ph&acirc;n t&iacute;ch vấn đề. American Skills x&acirc;y dựng chương tr&igrave;nh </span></span><strong><span style="font-size:11.0pt"><span style="color:#1579bd">Avits Math (IXL) </span></span></strong><span style="font-size:11.0pt"><span style="color:#333333">với mong muốn mang đến cho trẻ em Việt Nam kiến thức nền tảng về To&aacute;n học &ndash; th&ocirc;ng qua việc hiểu bản chất vấn đề, đồng thời luyện tập khả năng tư duy logic v&agrave; ph&acirc;n t&iacute;ch vấn đề m&agrave; kh&ocirc;ng cần học nhớ, học vẹt.</span></span></span></span></span></p>\r\n\r\n<h2 style="margin-left:0cm; margin-right:0cm"><span style="font-size:18pt"><span style="background-color:white"><span style="font-family:&quot;Times New Roman&quot;,serif"><strong><span style="font-size:11.0pt"><span style="color:blue">PHƯƠNG PH&Aacute;P Đ&Agrave;O TẠO</span></span></strong></span></span></span></h2>\r\n\r\n<ul style="list-style-type:circle">\r\n	<li><span style="font-size:11pt"><span style="background-color:white"><span style="font-family:Calibri,sans-serif"><span style="font-family:&quot;Times New Roman&quot;,&quot;serif&quot;"><span style="color:#333333">Đ&agrave;o tạo theo&nbsp;</span></span><strong><span style="color:blue">phương ph&aacute;p c&aacute; thể ho&aacute;</span></strong><span style="font-family:&quot;Times New Roman&quot;,&quot;serif&quot;"><span style="color:#333333">&nbsp;&ndash; mỗi học sinh sẽ được học theo một kế hoạch học tập ri&ecirc;ng.</span></span></span></span></span></li>\r\n	<li><span style="font-size:11pt"><span style="background-color:white"><span style="font-family:Calibri,sans-serif"><span style="font-family:&quot;Times New Roman&quot;,&quot;serif&quot;"><span style="color:#333333">Vận dụng c&aacute;c&nbsp;</span></span><strong><span style="color:blue">kỹ thuật giảng dạy đa chiều</span></strong><span style="font-family:&quot;Times New Roman&quot;,&quot;serif&quot;"><span style="color:#333333">&nbsp;gồm: quan s&aacute;t h&igrave;nh ảnh gi&aacute;o cụ trực quan -&gt; diễn đạt bằng ng&ocirc;n từ -&gt; suy luận tư duy logic-&gt; to&aacute;n viết -&gt; ứng dụng.Gi&uacute;p học sinh hiểu nhanh bản chất của vấn đề, ph&aacute;t triển khả năng quan s&aacute;t, ph&aacute;n đo&aacute;n, tư duy đồng thời biết ứng dụng to&aacute;n v&agrave;o thực tế.</span></span></span></span></span></li>\r\n</ul>\r\n\r\n<ul style="list-style-type:circle">\r\n	<li><span style="font-size:11pt"><span style="background-color:white"><span style="font-family:Calibri,sans-serif"><span style="font-family:&quot;Times New Roman&quot;,&quot;serif&quot;"><span style="color:#333333">Vận dụng c&aacute;ch tiếp cận vấn đề đi từ bản chất, từ c&aacute;i cơ bản đến tổng thể v&agrave; n&acirc;ng cao với 3 bộ b&agrave;i tập: r&egrave;n luyện kỹ năng t&iacute;nh to&aacute;n, To&aacute;n c&oacute; lời giải, To&aacute;n tư duy tổng hợp. Gi&uacute;p trẻ thấu hiểu to&aacute;n, y&ecirc;u th&iacute;ch học to&aacute;n v&agrave; ph&aacute;t triển tư duy.</span></span></span></span></span></li>\r\n	<li><span style="font-size:11pt"><span style="background-color:white"><span style="font-family:Calibri,sans-serif"><span style="font-family:&quot;Times New Roman&quot;,&quot;serif&quot;"><span style="color:#333333">Qu&aacute; tr&igrave;nh học tập với quy tr&igrave;nh kh&eacute;p k&iacute;n:&nbsp;</span></span><strong><span style="color:blue">Kiểm tra đầu v&agrave;o- Đ&agrave;o tạo- Kiểm tra cuối kho&aacute;</span></strong><span style="font-family:&quot;Times New Roman&quot;,&quot;serif&quot;"><span style="color:#333333">. Gi&uacute;p đ&aacute;nh gi&aacute; sự tiến bộ của học sinh trong từng kho&aacute; học.</span></span></span></span></span></li>\r\n	<li><span style="font-size:11pt"><span style="background-color:white"><span style="font-family:Calibri,sans-serif"><strong><span style="color:blue">Gi&aacute;o tr&igrave;nh</span></strong><span style="font-family:&quot;Times New Roman&quot;,&quot;serif&quot;"><span style="color:#333333">&nbsp;do c&aacute;c chuy&ecirc;n gia To&aacute;n học của American Skills x&acirc;y dựng c&oacute; sự điều chỉnh cho&nbsp;</span></span><em>ph&ugrave; hợp với chương tr&igrave;nh To&aacute;n của Việt Nam</em><span style="font-family:&quot;Times New Roman&quot;,&quot;serif&quot;"><span style="color:blue">.</span></span></span></span></span></li>\r\n	<li><span style="font-size:11pt"><span style="background-color:white"><span style="font-family:Calibri,sans-serif"><span style="font-family:&quot;Times New Roman&quot;,&quot;serif&quot;"><span style="color:#333333">Phương ph&aacute;p giảng dạy trực quan, sinh động lấy học sinh l&agrave;m chủ thể.</span></span></span></span></span></li>\r\n</ul>\r\n\r\n<h2 style="margin-left:0cm; margin-right:0cm"><span style="font-size:18pt"><span style="background-color:white"><span style="font-family:&quot;Times New Roman&quot;,serif"><strong><span style="font-size:11.0pt"><span style="color:black">LƠI &Iacute;CH SAU KH&Oacute;A HỌC</span></span></strong></span></span></span></h2>\r\n\r\n<ul>\r\n	<li><span style="font-size:11pt"><span style="background-color:white"><span style="font-family:Calibri,sans-serif"><span style="font-family:&quot;Times New Roman&quot;,&quot;serif&quot;"><span style="color:#333333">&nbsp; &nbsp; Gi&uacute;p học sinh hiểu bản chất vấn đề v&agrave; biết ứng dụng To&aacute;n v&agrave;o thực tế.</span></span></span></span></span></li>\r\n	<li><span style="font-size:11pt"><span style="background-color:white"><span style="font-family:Calibri,sans-serif"><span style="font-family:&quot;Times New Roman&quot;,&quot;serif&quot;"><span style="color:#333333">&nbsp;&nbsp;&nbsp; Gi&uacute;p trẻ em y&ecirc;u th&iacute;ch học to&aacute;n, c&oacute; &yacute; thức tự gi&aacute;c trong học tập.</span></span></span></span></span></li>\r\n	<li><span style="font-size:11pt"><span style="background-color:white"><span style="font-family:Calibri,sans-serif"><span style="font-family:&quot;Times New Roman&quot;,&quot;serif&quot;"><span style="color:#333333">&nbsp;&nbsp;&nbsp; Gi&uacute;p c&aacute;c em học tốt M&ocirc;n To&aacute;n v&agrave; c&aacute;c m&ocirc;n học kh&aacute;c tr&ecirc;n trường.</span></span></span></span></span></li>\r\n	<li><span style="font-size:11pt"><span style="background-color:white"><span style="font-family:Calibri,sans-serif"><span style="font-family:&quot;Times New Roman&quot;,&quot;serif&quot;"><span style="color:#333333">&nbsp;&nbsp;&nbsp; Gi&uacute;p trẻ em ph&aacute;t triển tư duy to&agrave;n diện.</span></span></span></span></span></li>\r\n	<li><span style="font-size:11pt"><span style="background-color:white"><span style="font-family:Calibri,sans-serif"><span style="font-family:&quot;Times New Roman&quot;,&quot;serif&quot;"><span style="color:#333333">&nbsp;&nbsp;&nbsp; Gi&uacute;p c&aacute;c em ho&agrave;n thiện bản th&acirc;n v&agrave; l&agrave;m chủ cuộc sống.</span></span></span></span></span></li>\r\n</ul>\r\n\r\n<p style="margin-left:0cm; margin-right:0cm">&nbsp;</p>\r\n\r\n<h2 style="margin-left:0cm; margin-right:0cm">&nbsp;</h2>\r\n\r\n<h2 style="margin-left:0cm; margin-right:0cm"><span style="font-size:18pt"><span style="background-color:white"><span style="font-family:&quot;Times New Roman&quot;,serif"><strong><span style="font-size:11.0pt"><span style="color:black">CHƯƠNG TR&Igrave;NH TIỀN TIỂU HỌC : (D&agrave;nh cho trẻ từ 4-6 tuổi)</span></span></strong></span></span></span></h2>\r\n\r\n<h2 style="margin-left:0cm; margin-right:0cm"><span style="font-size:18pt"><span style="background-color:white"><span style="font-family:&quot;Times New Roman&quot;,serif"><strong><span style="font-size:11.0pt"><span style="color:black">avits MATH FOR PRE- SCHOOL: </span></span><span style="font-size:11.0pt"><span style="background-color:white"><span style="color:black">trang bị cho trẻ những kiến thức nền tảng của tư duy to&aacute;n học, tiếp cận v&agrave; ph&aacute;t triển tư duy số, khơi dậy niềm hứng th&uacute; với m&ocirc;n To&aacute;n tr&ecirc;n cơ sở thấu hiểu bản chất của c&aacute;c kh&aacute;i niệm to&aacute;n v&agrave; sự ứng dụng của to&aacute;n để giải quyết vấn đề thế giới thực.</span></span></span><br />\r\n<span style="font-size:11.0pt"><span style="color:#333333">Với 3 cấp độ: Starter =&gt; K =&gt; SC</span></span></strong></span></span></span></h2>\r\n\r\n<p style="margin-left:0cm; margin-right:0cm"><span style="font-size:12pt"><span style="background-color:white"><span style="font-family:&quot;Times New Roman&quot;,serif"><span style="font-size:11.0pt"><span style="color:#333333">GỒM C&Aacute;C CHỦ ĐỀ:</span></span></span></span></span></p>\r\n\r\n<p style="margin-left:0cm; margin-right:0cm"><span style="font-size:12pt"><span style="background-color:white"><span style="font-family:&quot;Times New Roman&quot;,serif"><strong><span style="font-size:11.0pt"><span style="color:fuchsia">Color - M&agrave;u sắc</span></span></strong></span></span></span></p>\r\n\r\n<p style="margin-left:0cm; margin-right:0cm"><span style="font-size:12pt"><span style="background-color:white"><span style="font-family:&quot;Times New Roman&quot;,serif"><span style="font-size:11.0pt"><span style="color:#333333">Ngo&agrave;i &nbsp;việc &nbsp;nhận &nbsp;biết, &nbsp;ph&acirc;n &nbsp;biệt &nbsp;v&agrave; &nbsp;đọc &nbsp;t&ecirc;n &nbsp;m&agrave;u sắc c&aacute;c em c&ograve;n biết th&ocirc;ng qua m&agrave;u sắc ph&acirc;n biệt sự giống nhau v&agrave; kh&aacute;c nhau của sự vật, hiện tượng. T&igrave;m ra quy luật của sự vận động m&agrave;u sắc trong tự nhi&ecirc;n.</span></span></span></span></span></p>\r\n\r\n<p style="margin-left:0cm; margin-right:0cm"><span style="font-size:12pt"><span style="background-color:white"><span style="font-family:&quot;Times New Roman&quot;,serif"><strong><span style="font-size:11.0pt"><span style="color:fuchsia">Material - Chất liệu</span></span></strong></span></span></span></p>\r\n\r\n<p style="margin-left:0cm; margin-right:0cm"><span style="font-size:12pt"><span style="background-color:white"><span style="font-family:&quot;Times New Roman&quot;,serif"><span style="font-size:11.0pt"><span style="color:#333333">Chất liệu l&agrave; một thuộc t&iacute;nh quan trọng gi&uacute;p trẻ cảm nhận được c&aacute;c đồ vật, ph&acirc;n biệt đặc t&iacute;nh của c&aacute;c đồ &nbsp;vật. &nbsp;R&egrave;n &nbsp;luyện &nbsp;kỹ &nbsp;năng tư &nbsp;duy &nbsp;của &nbsp;trẻ &nbsp;về &nbsp;sự giống v&agrave; kh&aacute;c nhau của c&aacute;c đồ vật th&ocirc;ng qua chất liệu. Qua đ&oacute; gi&uacute;p c&aacute;c em thấy được sự đa dạng của cuộc sống.</span></span></span></span></span></p>\r\n\r\n<p style="margin-left:0cm; margin-right:0cm"><span style="font-size:12pt"><span style="background-color:white"><span style="font-family:&quot;Times New Roman&quot;,serif"><strong><span style="font-size:11.0pt"><span style="color:fuchsia">Size - K&iacute;ch thước</span></span></strong></span></span></span></p>\r\n\r\n<p style="margin-left:0cm; margin-right:0cm"><span style="font-size:12pt"><span style="background-color:white"><span style="font-family:&quot;Times New Roman&quot;,serif"><span style="font-size:11.0pt"><span style="color:#333333">Trẻ bước đầu được l&agrave;m quen với k&iacute;ch cỡ to/ nhỏ, ngắn/d&agrave;i. &nbsp;Biết &nbsp;so &nbsp;s&aacute;nh &nbsp;hơn/nhất. &nbsp;Ban &nbsp;đầu &nbsp;h&igrave;nh th&agrave;nh tư duy ước lượng v&agrave; tỷ lệ.</span></span></span></span></span></p>\r\n\r\n<p style="margin-left:0cm; margin-right:0cm"><span style="font-size:12pt"><span style="background-color:white"><span style="font-family:&quot;Times New Roman&quot;,serif"><strong><span style="font-size:11.0pt"><span style="color:fuchsia">Shape - H&igrave;nh dạng</span></span></strong></span></span></span></p>\r\n\r\n<p style="margin-left:0cm; margin-right:0cm"><span style="font-size:12pt"><span style="background-color:white"><span style="font-family:&quot;Times New Roman&quot;,serif"><span style="font-size:11.0pt"><span style="color:#333333">H&igrave;nh &nbsp;dạng &nbsp;l&agrave; &nbsp;kh&aacute;i &nbsp;niệm &nbsp;ban &nbsp;đầu &nbsp;của &nbsp;tư &nbsp;duy &nbsp;về h&igrave;nh học. Qua chủ để n&agrave;y c&aacute;c em kh&ocirc;ng chỉ dừng lại ở việc nhận biết h&igrave;nh dạng m&agrave; c&ograve;n biết được đặc điểm của c&aacute;c dạng h&igrave;nh, so s&aacute;nh sự giống v&agrave; kh&aacute;c nhau của h&igrave;nh. Gi&uacute;p c&aacute;c em ph&aacute;t triển khả năng quan s&aacute;t, ph&acirc;n t&iacute;ch v&agrave; tư duy về h&igrave;nh.</span></span></span></span></span></p>\r\n\r\n<p style="margin-left:0cm; margin-right:0cm"><span style="font-size:12pt"><span style="background-color:white"><span style="font-family:&quot;Times New Roman&quot;,serif"><strong><span style="font-size:11.0pt"><span style="color:fuchsia">Classify - Ph&acirc;n loại</span></span></strong></span></span></span></p>\r\n\r\n<p style="margin-left:0cm; margin-right:0cm"><span style="font-size:12pt"><span style="background-color:white"><span style="font-family:&quot;Times New Roman&quot;,serif"><span style="font-size:11.0pt"><span style="color:#333333">Ph&acirc;n loại l&agrave; chủ đề tư duy tổng hợp của c&aacute;c chủ đề tr&ecirc;n. Qua chủ đề n&agrave;y học sinh được ứng dụng c&aacute;c kiến thức đ&atilde; học v&agrave;o c&aacute;c dạng b&agrave;i tập ph&acirc;n t&iacute;ch v&agrave; tư duy tổng hợp. Gi&uacute;p học sinh r&egrave;n luyện khả năng tư duy về h&igrave;nh v&agrave; ph&aacute;t triển khả năng qua s&aacute;t nhạy b&eacute;n.</span></span></span></span></span></p>\r\n\r\n<p style="margin-left:0cm; margin-right:0cm"><span style="font-size:12pt"><span style="background-color:white"><span style="font-family:&quot;Times New Roman&quot;,serif"><strong><span style="font-size:11.0pt"><span style="color:fuchsia">Positions - Vị tr&iacute;</span></span></strong></span></span></span></p>\r\n\r\n<p style="margin-left:0cm; margin-right:0cm"><span style="font-size:12pt"><span style="background-color:white"><span style="font-family:&quot;Times New Roman&quot;,serif"><span style="font-size:11.0pt"><span style="color:#333333">Qua chủ đề n&agrave;y học sinh c&oacute; được những kh&aacute;i niệm ban &nbsp;đầu &nbsp;về &nbsp;kh&ocirc;ng &nbsp;gian &nbsp;v&agrave; &nbsp;l&agrave; &nbsp;tiền &nbsp;đề &nbsp;cho &nbsp;h&igrave;nh &nbsp;học kh&ocirc;ng gian sau n&agrave;y. Tư duy về vị tr&iacute; trong kh&ocirc;ng gian gi&uacute;p &nbsp;trẻ &nbsp;ph&aacute;t &nbsp;triển &nbsp;khả &nbsp;năng &nbsp;tưởng &nbsp;tượng &nbsp;v&agrave; &nbsp;định hướng trong kh&ocirc;ng gian tốt.</span></span></span></span></span></p>\r\n\r\n<p style="margin-left:0cm; margin-right:0cm"><span style="font-size:12pt"><span style="background-color:white"><span style="font-family:&quot;Times New Roman&quot;,serif"><strong><span style="font-size:11.0pt"><span style="color:fuchsia">Patterns - Quy luật</span></span></strong></span></span></span></p>\r\n\r\n<p style="margin-left:0cm; margin-right:0cm"><span style="font-size:12pt"><span style="background-color:white"><span style="font-family:&quot;Times New Roman&quot;,serif"><span style="font-size:11.0pt"><span style="color:#333333">L&agrave; chủ đề điển h&igrave;nh của kỹ năng tư duy của bộ n&atilde;o. Chủ đề n&agrave;y gi&uacute;p r&egrave;n luyện chỉ số IQ của trẻ, gi&uacute;p trẻ ph&aacute;t triển khả năng quan s&aacute;t, ph&acirc;n t&iacute;ch, ph&aacute;n đo&aacute;n, suy luận logic.</span></span></span></span></span></p>\r\n\r\n<p style="margin-left:0cm; margin-right:0cm"><span style="font-size:12pt"><span style="background-color:white"><span style="font-family:&quot;Times New Roman&quot;,serif"><strong><span style="font-size:11.0pt"><span style="color:fuchsia">Numbers and counting - Tư duy số</span></span></strong></span></span></span></p>\r\n\r\n<p style="margin-left:0cm; margin-right:0cm"><span style="font-size:12pt"><span style="background-color:white"><span style="font-family:&quot;Times New Roman&quot;,serif"><span style="font-size:11.0pt"><span style="color:#333333">Tư duy số l&agrave; chủ đề kh&ocirc;ng thể thiếu gi&uacute;p trẻ học giỏi To&aacute;n. Ngo&agrave;i việc gi&uacute;p trẻ nhận diện v&agrave; viết số, th&ocirc;ng qua &nbsp;c&aacute;c &nbsp;b&agrave;i &nbsp;tập &nbsp;ứng dụng &nbsp;sẽ &nbsp;gi&uacute;p &nbsp;c&aacute;c &nbsp;em &nbsp;hiểu &nbsp;bản chất của số, vị tr&iacute; của số tr&ecirc;n trục số, khoảng c&aacute;ch của c&aacute;c số. Học đếm sẽ gi&uacute;p trẻ tăng khả năng tập trung, ph&aacute;t triển tr&iacute; n&atilde;o v&agrave; h&igrave;nh th&agrave;nh nếp nhăn của n&atilde;o bộ.</span></span></span></span></span></p>\r\n\r\n<p style="margin-left:0cm; margin-right:0cm"><span style="font-size:12pt"><span style="background-color:white"><span style="font-family:&quot;Times New Roman&quot;,serif"><strong><span style="font-size:11.0pt"><span style="color:fuchsia">Sorting, ordering, and classifying - Sắp xếp, thứ tự, ph&acirc;n nh&oacute;m</span></span></strong></span></span></span></p>\r\n\r\n<p style="margin-left:0cm; margin-right:0cm"><span style="font-size:12pt"><span style="background-color:white"><span style="font-family:&quot;Times New Roman&quot;,serif"><span style="font-size:11.0pt"><span style="color:#333333">Khi đ&atilde; hiểu bản chất của c&aacute;c số c&aacute;c em sẽ được r&egrave;n luyện sắp xếp thứ tự c&aacute;c số theo y&ecirc;u cầu. L&agrave;m quen với việc ph&acirc;n nh&oacute;m theo số lượng v&agrave; hiểu được bản chất của nh&oacute;m. Tư duy về nh&oacute;m l&agrave; một dạng tư duy ho&agrave;n to&agrave;n mới m&agrave; từ trước đến nay c&aacute;c học sinh &iacute;t được tiếp cận. Tư duy nh&oacute;m gi&uacute;p c&aacute;c em giải quyết được rất nhiều dạng b&agrave;i tập sau n&agrave;y v&agrave; thậm ch&iacute; cả c&aacute;c b&agrave;i to&aacute;n k&iacute;nh tế, x&atilde; hội cũng như tiếp cận c&aacute;c m&ocirc;n học kh&aacute;c dễ d&agrave;ng hơn.</span></span></span></span></span></p>\r\n\r\n<p style="margin-left:0cm; margin-right:0cm"><span style="font-size:12pt"><span style="background-color:white"><span style="font-family:&quot;Times New Roman&quot;,serif"><strong><span style="font-size:11.0pt"><span style="color:fuchsia">Fractions - Ph&acirc;n số</span></span></strong></span></span></span></p>\r\n\r\n<p style="margin-left:0cm; margin-right:0cm"><span style="font-size:12pt"><span style="background-color:white"><span style="font-family:&quot;Times New Roman&quot;,serif"><span style="font-size:11.0pt"><span style="color:#333333">L&agrave; một chủ đề ho&agrave;n to&agrave;n mới với c&aacute;c em học sinh ở tuổi Mầm mon. Nhưng với c&aacute;ch tiếp cận thực tế v&agrave; trực quan th&ocirc;ng qua việc chia đồ vật, chia h&igrave;nh chương tr&igrave;nh gi&uacute;p c&aacute;c em hiểu bản chất của ph&acirc;n số v&agrave; t&igrave;m được gi&aacute; trị của ph&acirc;n số một c&aacute;ch dễ d&agrave;ng.</span></span></span></span></span></p>\r\n\r\n<p style="margin-left:0cm; margin-right:0cm"><span style="font-size:12pt"><span style="background-color:white"><span style="font-family:&quot;Times New Roman&quot;,serif"><strong><span style="font-size:11.0pt"><span style="color:fuchsia">Measurement - Đo lường</span></span></strong></span></span></span></p>\r\n\r\n<p style="margin-left:0cm; margin-right:0cm"><span style="font-size:12pt"><span style="background-color:white"><span style="font-family:&quot;Times New Roman&quot;,serif"><span style="font-size:11.0pt"><span style="color:#333333">Gi&uacute;p c&aacute;c em c&oacute; kh&aacute;i niệm ban đầu về k&iacute;ch thước bằng c&aacute;ch so s&aacute;nh với c&aacute;c vật kh&aacute;c. Gi&uacute;p c&aacute;c em ph&aacute;t triển tư duy về tỷ lệ v&agrave; khả năng ước lượng. Ngo&agrave;i ra, c&aacute;c em c&ograve;n biết so s&aacute;nh c&aacute;c nh&oacute;m vật với nhau như: d&agrave;i hơn/ d&agrave;i nhất, ngắn hơn/ ngắn nhất, thấp hơn/ thấp nhất,&hellip;</span></span></span></span></span></p>\r\n\r\n<p style="margin-left:0cm; margin-right:0cm"><span style="font-size:12pt"><span style="background-color:white"><span style="font-family:&quot;Times New Roman&quot;,serif"><strong><span style="font-size:11.0pt"><span style="color:fuchsia">Time - Tư duy thời gian</span></span></strong></span></span></span></p>\r\n\r\n<p style="margin-left:0cm; margin-right:0cm"><span style="font-size:12pt"><span style="background-color:white"><span style="font-family:&quot;Times New Roman&quot;,serif"><span style="font-size:11.0pt"><span style="color:#333333">Thời gian l&agrave; nh&acirc;n tố v&ocirc; c&ugrave;ng quan trọng với cuộc sống của mỗi người. Biết tư duy về thời gian sẽ gi&uacute;p trẻ biết sắp xếp kế hoạch học tập v&agrave; vui chơi ph&ugrave; hợp. Hiểu về sự vận động của thời gian sẽ gi&uacute;p c&aacute;c em c&oacute; &yacute; thức v&agrave; biết c&aacute;ch sử dụng thời gian tốt hơn v&agrave; hiệu quả hơn.</span></span></span></span></span></p>\r\n\r\n<p style="margin-left:0cm; margin-right:0cm"><span style="font-size:12pt"><span style="background-color:white"><span style="font-family:&quot;Times New Roman&quot;,serif"><strong><span style="font-size:11.0pt"><span style="color:fuchsia">Comparing - So s&aacute;nh</span></span></strong></span></span></span></p>\r\n\r\n<p style="margin-left:0cm; margin-right:0cm"><span style="font-size:12pt"><span style="background-color:white"><span style="font-family:&quot;Times New Roman&quot;,serif"><span style="font-size:11.0pt"><span style="color:#333333">Qua chủ đề n&agrave;y gi&uacute;p c&aacute;c em hiểu được mối tương quan giữa c&aacute;c sự vật v&agrave; hiện tượng qua đ&oacute; c&aacute;c em thấy được quy luật của To&aacute;n học. Đ&acirc;y l&agrave; một chủ đề tư duy tổng hợp của phần tư duy số. Để giải quyết được c&aacute;c dạng b&agrave;i tập trong chủ đề n&agrave;y c&aacute;c em phải c&oacute; tư duy tốt về lượng, nh&oacute;m, về tương quan tỷ lệ.</span></span></span></span></span></p>\r\n\r\n<p style="margin-left:0cm; margin-right:0cm"><span style="font-size:12pt"><span style="background-color:white"><span style="font-family:&quot;Times New Roman&quot;,serif"><strong><span style="font-size:11.0pt"><span style="color:fuchsia">Addition - Ph&eacute;p cộng</span></span></strong></span></span></span></p>\r\n\r\n<p style="margin-left:0cm; margin-right:0cm"><span style="font-size:12pt"><span style="background-color:white"><span style="font-family:&quot;Times New Roman&quot;,serif"><span style="font-size:11.0pt"><span style="color:#333333">Ph&eacute;p cộng l&agrave; chủ đề kh&ocirc;ng thể thiếu trong To&aacute;n học. Math Skills kh&ocirc;ng ch&uacute; trọng đến kết quả của ph&eacute;p t&iacute;nh m&agrave; quan t&acirc;m đến phương ph&aacute;p để đi đến kết quả đ&oacute;. Với phương ph&aacute;p tư duy số kh&ocirc;ng chỉ gi&uacute;p c&aacute;c em t&iacute;nh nhẩm nhanh, nhẩm đ&uacute;ng m&agrave; c&ograve;n gi&uacute;p ph&aacute;t triển tư duy v&agrave; tr&iacute; n&atilde;o.</span></span></span></span></span></p>\r\n\r\n<p style="margin-left:0cm; margin-right:0cm"><span style="font-size:12pt"><span style="background-color:white"><span style="font-family:&quot;Times New Roman&quot;,serif"><strong><span style="font-size:11.0pt"><span style="color:fuchsia">Subtraction - Ph&eacute;p trừ</span></span></strong></span></span></span></p>\r\n\r\n<p style="margin-left:0cm; margin-right:0cm"><span style="font-size:12pt"><span style="background-color:white"><span style="font-family:&quot;Times New Roman&quot;,serif"><span style="font-size:11.0pt"><span style="color:#333333">Ph&eacute;p trừ l&agrave; dạng ngược lại của ph&eacute;p cộng. &nbsp;Tư duy ngược đ&ocirc;i khi kh&oacute; hơn tư duy xu&ocirc;i. Với phương ph&aacute;p tư duy Math Skills gi&uacute;p tr&iacute; n&atilde;o của c&aacute;c em hoạt động đa chiều v&agrave; linh hoạt.</span></span></span></span></span></p>\r\n\r\n<p style="margin-left:0cm; margin-right:0cm"><span style="font-size:12pt"><span style="background-color:white"><span style="font-family:&quot;Times New Roman&quot;,serif"><strong><span style="font-size:11.0pt"><span style="color:fuchsia">Proportional thinking - Tư duy tỷ lệ</span></span></strong></span></span></span></p>\r\n\r\n<p style="margin-left:0cm; margin-right:0cm"><span style="font-size:12pt"><span style="background-color:white"><span style="font-family:&quot;Times New Roman&quot;,serif"><span style="font-size:11.0pt"><span style="color:#333333">Đ&acirc;y l&agrave; đỉnh cao của tư duy số. B&agrave;i tập tư duy tỷ lệ gi&uacute;p r&egrave;n luyện khả năng tư duy tổng hợp, khả năng định lượng v&agrave; tư duy nh&oacute;m.</span></span></span></span></span></p>\r\n\r\n<p style="margin-left:0cm; margin-right:0cm">&nbsp;</p>\r\n\r\n<p style="margin-left:0cm; margin-right:0cm"><span style="font-size:11pt"><span style="background-color:white"><span style="font-family:Calibri,sans-serif"><strong><span style="font-family:&quot;Times New Roman&quot;,&quot;serif&quot;"><span style="color:black">1. Cấp độ Starter : </span></span></strong><span style="background-color:white"><span style="font-family:&quot;Times New Roman&quot;,&quot;serif&quot;"><span style="color:black">sẽ bắt đầu được tiếp cận dần với c&aacute;c nội dung To&aacute;n căn bản. Bắt đầu với c&aacute;c nội dung nền tảng: ph&acirc;n biệt h&igrave;nh dạng, m&agrave;u sắc, chất liệu, con số để dần dần y&ecirc;u th&iacute;ch việc tương t&aacute;c với con số. Từ đ&oacute; c&aacute;c b&eacute; sẽ y&ecirc;u th&iacute;ch dần m&ocirc;n To&aacute;n học tưởng chừng như rất kh&ocirc; khan.</span></span></span><br />\r\n<span style="font-family:&quot;Times New Roman&quot;,&quot;serif&quot;"><span style="color:black"><span style="background-color:white">Khi đ&atilde; y&ecirc;u th&iacute;ch m&ocirc;n học, trẻ sẽ tiếp tục được kh&aacute;m ph&aacute; c&aacute;c kiến thức To&aacute;n n&acirc;ng cao hơn: Đếm &ndash; viết, sắp xếp thứ tự c&aacute;c con số. Dần dần từ đ&oacute; mới tiếp cận đến c&aacute;c ph&eacute;p t&iacute;nh cộng v&agrave; trừ. &nbsp;Đ&acirc;y cũng ch&iacute;nh l&agrave; nền tảng để ph&aacute;t triển tư duy v&agrave;o lứa tuổi n&agrave;y cho trẻ.</span></span></span></span></span></span></p>\r\n\r\n<p style="margin-left:0cm; margin-right:0cm"><span style="font-size:11pt"><span style="background-color:white"><span style="font-family:Calibri,sans-serif"><strong><span style="font-family:&quot;Times New Roman&quot;,&quot;serif&quot;"><span style="color:black">2. Cấp độ Kindergarten&nbsp;(K) : </span></span></strong><span style="font-family:&quot;Times New Roman&quot;,&quot;serif&quot;"><span style="color:black">được x&acirc;y dựng đặc th&ugrave; d&agrave;nh cho trẻ từ 5 đến 6 tuổi.<br />\r\n&nbsp;<br />\r\nTrẻ được l&agrave;m quen, kh&aacute;m ph&aacute; c&aacute;c con số th&ocirc;ng qua c&aacute;c nội dung: số liền trước - số liền sau, đếm xu&ocirc;i - đếm ngược, đơn vị&hellip; để hiểu được thứ tự v&agrave; bản chất c&aacute;c con số. Trẻ được t&igrave;m hiểu th&ecirc;m về c&aacute;c h&igrave;nh học: h&igrave;nh oval, h&igrave;nh thoi, h&igrave;nh 5 cạnh đồng thời biết chia h&igrave;nh, gh&eacute;p h&igrave;nh, s&aacute;ng tạo h&igrave;nh để tạo ra c&aacute;c h&igrave;nh mới. Thay v&igrave; trẻ học c&aacute;ch cộng, trừ &ldquo;một c&aacute;ch m&aacute;y m&oacute;c&rdquo; bằng việc nhớ ph&eacute;p t&iacute;nh, trẻ tại IXL được học bản chất của c&aacute;c ph&eacute;p t&iacute;nh qua nhiều c&aacute;ch tiếp cận kh&aacute;c nhau. VD: C&oacute; 2 nh&oacute;m số lượng kh&aacute;c nhau, cần th&ecirc;m v&agrave;o bao nhi&ecirc;u h&igrave;nh để 2 nh&oacute;m bằng nhau. Đ&acirc;y l&agrave; nền tảng gi&uacute;p trẻ biết c&aacute;ch tư duy đ&uacute;ng về To&aacute;n học. V&agrave; khi đ&atilde; hiểu điều nay, trẻ sẽ rất th&iacute;ch học m&ocirc;n To&aacute;n.<br />\r\n&nbsp;<br />\r\n<strong>3. Cấp độ Starter School (SC) : </strong>được x&acirc;y dựng đặc th&ugrave; d&agrave;nh cho trẻ&nbsp;<strong>đang chuẩn bị v&agrave;o lớp 1.</strong><br />\r\nThời điểm n&agrave;y rất quan trọng đối với trẻ v&igrave; đ&acirc;y l&agrave; giai đoạn chuyển tiếp m&ocirc;i trường học tập từ mầm non l&ecirc;n tiểu học.<br />\r\n&nbsp;<br />\r\nTrẻ sẽ được tiếp cận với c&aacute;c kiến thức to&aacute;n một c&aacute;ch logic hơn. Thay v&igrave; học ngay c&aacute;c ph&eacute;p cộng, ph&eacute;p trừ, trẻ vẫn sẽ được tiếp cận c&aacute;c nội dung nền tảng từ quy luật, h&igrave;nh học... V&agrave; dần dần l&agrave;m quen với c&aacute;c kh&aacute;i niệm to&aacute;n học: trục số, đếm c&aacute;ch, t&igrave;m khoảng c&aacute;ch giữa c&aacute;c số.</span></span></span></span></span></p>\r\n\r\n<p style="margin-left:0cm; margin-right:0cm"><span style="font-size:11pt"><span style="background-color:white"><span style="font-family:Calibri,sans-serif"><span style="font-family:&quot;Times New Roman&quot;,&quot;serif&quot;"><span style="color:black">&nbsp;<br />\r\n<em>Với chương tr&igrave;nh Tư duy To&aacute;n&nbsp;Mỹ - Avits Math (IXL) - </em></span></span><span style="font-family:&quot;Times New Roman&quot;,&quot;serif&quot;"><span style="color:black">FOR PRE- SCHOOL</span></span><em><span style="font-family:&quot;Times New Roman&quot;,&quot;serif&quot;"><span style="color:black">, trẻ kh&ocirc;ng chỉ thực hiện đ&uacute;ng theo y&ecirc;u cầu, trẻ cần phải giải th&iacute;ch được qu&aacute; tr&igrave;nh đi đến kết quả quả, v&igrave; sao lại l&agrave;m được như vậy để thực h&agrave;nh c&aacute;ch diễn đạt suy nghĩ của m&igrave;nh. C&aacute;c hoạt động thực h&agrave;nh v&agrave; l&agrave;m quen kiến thức được đan xen với nhau trong qu&aacute; tr&igrave;nh học gi&uacute;p trẻ hứng th&uacute; với m&ocirc;n học, tự tin hơn với những b&agrave;i To&aacute;n ở trường. Quan trọng hơn, trẻ được cung cấp c&aacute;c kiến thức rất nền tảng một c&aacute;ch hệ thống v&agrave; hiểu s&acirc;u về bản chất, gi&uacute;p trẻ tư duy v&agrave; ứng dụng v&agrave;o những kiến thức học ở cấp cao hơn.</span></span></em><br />\r\n<span style="font-family:&quot;Times New Roman&quot;,&quot;serif&quot;"><span style="color:black">&nbsp;<br />\r\n<em>Điều đặc biệt của Chương tr&igrave;nh Avits Math (IXL)</em></span></span><span style="font-family:&quot;Times New Roman&quot;,&quot;serif&quot;"><span style="color:black"> FOR PRE- SCHOOL</span></span><em><span style="font-family:&quot;Times New Roman&quot;,&quot;serif&quot;"><span style="color:black"> l&agrave; lu&ocirc;n c&oacute; hoạt động s&aacute;ng tạo mang t&iacute;nh ứng dụng của nội dung vừa học v&agrave;o thực tế. Khi trẻ biết c&aacute;ch vận dụng những điều m&igrave;nh vừa học v&agrave;o cuộc sống, trẻ hiểu bản chất kiến thức v&agrave; sẽ nhớ rất l&acirc;u nội dung học đ&oacute;. Từ đ&oacute; l&agrave;m nền tảng để ph&aacute;t triển tư duy, tr&iacute; th&ocirc;ng minh v&agrave; t&iacute;nh s&aacute;ng tạo của trẻ lứa tuổi n&agrave;y.</span></span></em></span></span></span></p>\r\n\r\n<p style="margin-left:0cm; margin-right:0cm">&nbsp;</p>\r\n\r\n<h2 style="margin-left:0cm; margin-right:0cm"><span style="font-size:18pt"><span style="background-color:white"><span style="font-family:&quot;Times New Roman&quot;,serif"><strong><span style="font-size:11.0pt"><span style="color:black">CHƯƠNG TR&Igrave;NH TIỂU HỌC </span></span></strong></span></span></span></h2>\r\n\r\n<h2 style="margin-left:0cm; margin-right:0cm"><span style="font-size:18pt"><span style="background-color:white"><span style="font-family:&quot;Times New Roman&quot;,serif"><strong><span style="font-size:11.0pt"><span style="color:black">avits math (IXL) - FOR PRIMARY SCHOOL :</span></span></strong></span></span></span></h2>\r\n\r\n<p style="margin-left:0cm; margin-right:0cm"><span style="font-size:12pt"><span style="background-color:white"><span style="font-family:&quot;Times New Roman&quot;,serif"><span style="font-size:11.0pt"><span style="color:#333333">D&agrave;nh cho học sinh tiểu học (6-10 tuổi)&nbsp;được thiết kế nội dung song song với kiến thức to&aacute;n tr&ecirc;n trường của học sinh gi&uacute;p bổ trợ c&aacute;c kiến thức cần thiết cho học sinh. Ngo&agrave;i ra Avits Math c&ograve;n bổ sung một số dạng to&aacute;n quốc tế mang t&iacute;nh ứng dụng cao gi&uacute;p c&aacute;c em ph&aacute;t triển khả năng tư duy, biết ứng dụng to&aacute;n v&agrave;o thực tế.</span></span><br />\r\n<br />\r\n<span style="font-size:11.0pt"><span style="color:#333333">Với phương ph&aacute;p tiệp cận vấn đề To&aacute;n ho&agrave;n to&agrave;n mới v&agrave; khoa học, đi từ dễ đến kh&oacute;, đi từ cơ bản đến phức tạp. Avits Math </span></span><span style="font-size:11.0pt"><span style="color:black">(IXL) </span></span><span style="font-size:11.0pt"><span style="color:#333333">gi&uacute;p học sinh hiểu bản chất vấn đề, c&oacute; kiến thức To&aacute;n vững chắc v&agrave; kh&ocirc;ng c&ograve;n cảm thấy &aacute;p lực với m&ocirc;n To&aacute;n.</span></span></span></span></span></p>\r\n\r\n<p style="margin-left:0cm; margin-right:0cm"><br />\r\n<span style="font-size:12pt"><span style="background-color:white"><span style="font-family:&quot;Times New Roman&quot;,serif"><span style="font-size:11.0pt"><span style="color:#333333">Nội dung Chương tr&igrave;nh được thiết kế với 5 cấp độ:</span></span></span></span></span></p>\r\n\r\n<p style="margin-left:0cm; margin-right:0cm"><span style="font-size:12pt"><span style="background-color:white"><span style="font-family:&quot;Times New Roman&quot;,serif"><span style="font-size:11.0pt"><span style="color:#333333">Level 1 &ndash; Level 2 &ndash; Level 3 &ndash; Level 4 &ndash; Level 5</span></span></span></span></span></p>\r\n\r\n<p style="margin-left:0cm; margin-right:0cm">&nbsp;</p>\r\n\r\n<p style="margin-left:0cm; margin-right:0cm; text-align:justify"><span style="font-size:11pt"><span style="background-color:white"><span style="font-family:Calibri,sans-serif"><strong><span style="font-family:&quot;Times New Roman&quot;,&quot;serif&quot;"><span style="color:black">1. Tư duy số v&agrave; c&aacute;c ph&eacute;p to&aacute;n (<em>Number sense &amp; operations</em>)</span></span></strong></span></span></span></p>\r\n\r\n<p style="margin-left:0cm; margin-right:0cm; text-align:justify"><span style="font-size:11pt"><span style="background-color:white"><span style="font-family:Calibri,sans-serif"><span style="font-family:&quot;Times New Roman&quot;,&quot;serif&quot;"><span style="color:black">Hiểu r&otilde; c&aacute;c kh&aacute;i niệm, bản chất về số tự nhi&ecirc;n, cấu tạo số l&agrave;m tiền đề để r&egrave;n luyện kỹ năng t&iacute;nh to&aacute;n v&agrave; ph&aacute;t triển khả năng t&iacute;nh nhẩm, t&iacute;nh nhanh v&agrave; tư duy logic cho trẻ. Hiểu r&otilde; bản chất của c&aacute;c ph&eacute;p to&aacute;n cộng, trừ, nh&acirc;n, chia để đưa ra phương ph&aacute;p t&iacute;nh&nbsp; to&aacute;n ph&ugrave; hợp v&agrave; cho kết quả nhanh, ch&iacute;nh x&aacute;c nhất.</span></span></span></span></span></p>\r\n\r\n<p style="margin-left:0cm; margin-right:0cm; text-align:justify"><span style="font-size:11pt"><span style="background-color:white"><span style="font-family:Calibri,sans-serif">&nbsp;</span></span></span></p>\r\n\r\n<p style="margin-left:0cm; margin-right:0cm; text-align:justify"><span style="font-size:11pt"><span style="background-color:white"><span style="font-family:Calibri,sans-serif"><strong><span style="font-family:&quot;Times New Roman&quot;,&quot;serif&quot;"><span style="color:black">2.Ph&acirc;n số (<em>Fractions</em>)</span></span></strong></span></span></span></p>\r\n\r\n<p style="margin-left:0cm; margin-right:0cm; text-align:justify"><span style="font-size:11pt"><span style="background-color:white"><span style="font-family:Calibri,sans-serif"><span style="font-family:&quot;Times New Roman&quot;,&quot;serif&quot;"><span style="color:black">Giới thiệu về ph&acirc;n số cho học sinh hiểu r&otilde; kh&aacute;i niệm &ldquo;ph&acirc;n số l&agrave; g&igrave;?&rdquo; từ những h&igrave;nh ảnh trực quan. Khi nắm chắc được kh&aacute;i niệm, hiểu được bản chất của ph&acirc;n số học sinh sẽ thực hiện ph&eacute;p t&iacute;nh li&ecirc;n quan đến ph&acirc;n số một c&aacute;ch dễ d&agrave;ng v&agrave; ứng dụng th&agrave;nh thạo trong c&aacute;c b&agrave;i to&aacute;n đố li&ecirc;n quan.<br />\r\n&nbsp;</span></span></span></span></span></p>\r\n\r\n<p style="margin-left:0cm; margin-right:0cm; text-align:justify"><span style="font-size:11pt"><span style="background-color:white"><span style="font-family:Calibri,sans-serif"><strong><span style="font-family:&quot;Times New Roman&quot;,&quot;serif&quot;"><span style="color:black">3. Đo lường &ndash; Thời gian (<em>Measurement - Time</em>)</span></span></strong></span></span></span></p>\r\n\r\n<p style="margin-left:0cm; margin-right:0cm"><span style="font-size:11pt"><span style="background-color:white"><span style="font-family:Calibri,sans-serif"><span style="font-family:&quot;Times New Roman&quot;,&quot;serif&quot;"><span style="color:black">Trẻ nắm vững c&aacute;c đơn vị đo lường </span></span><span style="background-color:#f9f9f9"><span style="font-family:&quot;Times New Roman&quot;,&quot;serif&quot;"><span style="color:#3b3b3b">- thời gian, độ d&agrave;i, diện t&iacute;ch, thể t&iacute;ch, khối lượng, dung t&iacute;ch v&agrave; tiền tệ.</span></span></span><span style="font-family:&quot;Times New Roman&quot;,&quot;serif&quot;"><span style="color:black">, biết &aacute;p dụng v&agrave;o c&aacute;c b&agrave;i to&aacute;n thực tế.<br />\r\n&nbsp;</span></span></span></span></span></p>\r\n\r\n<p style="margin-left:0cm; margin-right:0cm; text-align:justify"><span style="font-size:11pt"><span style="background-color:white"><span style="font-family:Calibri,sans-serif"><strong><span style="font-family:&quot;Times New Roman&quot;,&quot;serif&quot;"><span style="color:black">4. H&igrave;nh học (<em>Geometry</em>)</span></span></strong></span></span></span></p>\r\n\r\n<p style="margin-left:0cm; margin-right:0cm; text-align:justify"><span style="font-size:11pt"><span style="background-color:white"><span style="font-family:Calibri,sans-serif"><span style="font-family:&quot;Times New Roman&quot;,&quot;serif&quot;"><span style="color:black">Gi&uacute;p trẻ &nbsp;nhận biết kh&aacute;i niệm, thuộc t&iacute;nh, h&igrave;nh th&agrave;nh của mỗi loại h&igrave;nh kh&aacute;c nhau; mối tương quan giữa c&aacute;c h&igrave;nh. Từ đ&oacute;, trẻ &aacute;p dụng t&iacute;nh diện t&iacute;ch, chu vi hay thể t&iacute;ch của c&aacute;c h&igrave;nh kh&aacute;c nhau.</span></span></span></span></span></p>\r\n\r\n<p style="margin-left:0cm; margin-right:0cm; text-align:justify"><span style="font-size:11pt"><span style="background-color:white"><span style="font-family:Calibri,sans-serif">&nbsp;</span></span></span></p>\r\n\r\n<p style="margin-left:0cm; margin-right:0cm; text-align:justify"><span style="font-size:11pt"><span style="background-color:white"><span style="font-family:Calibri,sans-serif"><strong><span style="font-family:&quot;Times New Roman&quot;,&quot;serif&quot;"><span style="color:black">5. Tư duy tổng hợp (<em>Mathematical Thinking</em>) </span></span></strong></span></span></span></p>\r\n\r\n<p style="margin-left:0cm; margin-right:0cm"><span style="font-size:11pt"><span style="background-color:white"><span style="font-family:Calibri,sans-serif"><span style="font-family:&quot;Times New Roman&quot;,&quot;serif&quot;"><span style="color:black">Gi&uacute;p trẻ r&egrave;n luyện nhiều kỹ năng tư duy to&aacute;n tổng hợp th&ocirc;ng qua c&aacute;c dạng to&aacute;n đa dạng như c&acirc;n thăng bằng, to&aacute;n quy luật, tư duy nh&oacute;m, tư duy tỷ lệ, to&aacute;n đố, tư duy l&ocirc;gic, lập v&agrave; đọc biểu đồ, to&aacute;n x&aacute;c suất, l&agrave;m tr&ograve;n, ước lượng &hellip; Trẻ được r&egrave;n luyện nhiều kỹ năng như: đọc đề, ph&acirc;n t&iacute;ch đề b&agrave;i, &nbsp;chia nhỏ c&aacute;c vấn đề trong b&agrave;i to&aacute;n, vận dụng khả năng tư duy logic để việc giải to&aacute;n trở n&ecirc;n đơn giản, hiệu quả v&agrave; ch&iacute;nh x&aacute;c.</span></span></span></span></span><br />\r\n&nbsp;</p>\r\n\r\n<p style="margin-left:0cm; margin-right:0cm"><span style="font-size:11pt"><span style="background-color:white"><span style="font-family:Calibri,sans-serif"><span style="font-family:&quot;Times New Roman&quot;,&quot;serif&quot;"><span style="color:black">&nbsp;6. </span></span><strong><span style="background-color:#f9f9f9"><span style="color:black">Giải to&aacute;n c&oacute; lời văn (<em>Problem solving )</em></span></span></strong><br />\r\n<span style="background-color:#f9f9f9"><span style="font-family:&quot;Times New Roman&quot;,&quot;serif&quot;"><span style="color:#3b3b3b">R&egrave;n luyện c&aacute;c bước gồm: Chia vấn đề th&agrave;nh những phần nhỏ, đơn giản hơn, rồi ph&acirc;n t&iacute;ch, giải to&aacute;n, kiểm tra v&agrave; đ&aacute;nh gi&aacute;.</span></span></span><br />\r\n<span style="font-family:&quot;Times New Roman&quot;,&quot;serif&quot;"><span style="color:black">&nbsp;</span></span></span></span></span><br />\r\n&nbsp;</p>\r\n\r\n<p style="margin-left:0cm; margin-right:0cm">&nbsp;</p>\r\n\r\n<p style="margin-left:0cm; margin-right:0cm">&nbsp;</p>\r\n\r\n<h2 style="margin-left:0cm; margin-right:0cm"><span style="font-size:18pt"><span style="background-color:white"><span style="font-family:&quot;Times New Roman&quot;,serif"><strong><span style="font-size:11.0pt"><span style="color:black">CHƯƠNG TR&Igrave;NH thcs </span></span></strong></span></span></span></h2>\r\n\r\n<p style="margin-left:0cm; margin-right:0cm"><span style="font-size:12pt"><span style="background-color:white"><span style="font-family:&quot;Times New Roman&quot;,serif"><strong><span style="font-size:11.0pt"><span style="color:black">avits math (IXL) - junior high school</span></span></strong></span></span></span></p>\r\n\r\n<p style="margin-left:0cm; margin-right:0cm"><span style="font-size:12pt"><span style="background-color:white"><span style="font-family:&quot;Times New Roman&quot;,serif"><span style="font-size:11.0pt"><span style="color:#3b3b3b">Kết hợp v&agrave; n&acirc;ng cao giữa l&yacute; thuyết v&agrave; c&aacute;c b&agrave;i to&aacute;n ứng dụng, ph&aacute;t triển cho học sinh kỹ năng tư duy, sự hiểu biết v&agrave; th&aacute;i độ tự tin. Nắm chắc kiến thức từ cơ bản đến n&acirc;ng cao.</span></span></span></span></span></p>\r\n\r\n<p style="margin-left:0cm; margin-right:0cm"><span style="font-size:12pt"><span style="background-color:white"><span style="font-family:&quot;Times New Roman&quot;,serif"><span style="font-size:10.5pt"><span style="background-color:white"><span style="color:#333333">-&nbsp;T&iacute;ch cực ho&aacute; hoạt động học tập của học sinh, r&egrave;n luyện khả năng tự học, ph&aacute;t hiện v&agrave; giải quyết vấn đề của HS nhằm h&igrave;nh th&agrave;nh v&agrave; ph&aacute;t triển ở HS tư duy t&iacute;ch cực, độc lập v&agrave; s&aacute;ng tạo.</span></span></span><br />\r\n<span style="font-size:10.5pt"><span style="color:#333333"><span style="background-color:white">&minus; Chọn lựa sử dụng những phương ph&aacute;p ph&aacute;t huy t&iacute;nh t&iacute;ch cực chủ động của Học Sinh trong học tập v&agrave; ph&aacute;t huy khả năng tự học. Hoạt động ho&aacute; việc học tập của HS bằng những dẫn dắt cho HS tự th&acirc;n trải nghiệm chiếm lĩnh tri thức, chống lối học thụ động.</span><br />\r\n<span style="background-color:white">&minus; Tận dụng ưu thế của từng phương ph&aacute;p dạy học, ch&uacute; trọng sử dụng phương ph&aacute;p dạy học ph&aacute;t hiện v&agrave; giải quyết vấn đề.</span><br />\r\n<span style="background-color:white">&minus; Coi trọng cung cấp kiến thức, r&egrave;n luyện kĩ năng vận dụng kiến thức v&agrave;o thực tiễn.</span></span></span></span></span></span></p>\r\n\r\n<p style="margin-left:0cm; margin-right:0cm"><span style="font-size:12pt"><span style="background-color:white"><span style="font-family:&quot;Times New Roman&quot;,serif"><span style="font-size:11.0pt"><span style="color:#333333">Nội dung Chương tr&igrave;nh được thiết kế với 4 cấp độ:</span></span></span></span></span></p>\r\n\r\n<p style="margin-left:0cm; margin-right:0cm"><span style="font-size:12pt"><span style="background-color:white"><span style="font-family:&quot;Times New Roman&quot;,serif"><span style="font-size:11.0pt"><span style="color:#333333">Level 6 &ndash; Level 7 &ndash; Level 8 &ndash; Level 9</span></span></span></span></span></p>\r\n\r\n<p style="margin-left:0cm; margin-right:0cm">&nbsp;</p>\r\n\r\n<ol>\r\n	<li style="list-style-type:none">\r\n	<ol>\r\n		<li style="list-style-type:none">\r\n		<ol>\r\n			<li><span style="font-size:12pt"><span style="background-color:white"><span style="font-family:&quot;Times New Roman&quot;,serif"><span style="font-size:11.0pt"><span style="color:#3b3b3b">Số học : T&iacute;nh chia hết, số nguy&ecirc;n tố, số ch&iacute;nh phương, bội v&agrave; ước c&aacute;c số .</span></span></span></span></span></li>\r\n			<li><span style="font-size:12pt"><span style="background-color:white"><span style="font-family:&quot;Times New Roman&quot;,serif"><span style="font-size:11.0pt"><span style="color:#3b3b3b">Đại số : Gi&uacute;p học sinh thực hiện th&agrave;nh thạo tất cả c&aacute;c dạng to&aacute;n đại số nền tảng như tỷ lệ thức, biểu thức, ph&acirc;n thức đến c&aacute;c kh&aacute;i niệm n&acirc;ng cao như biến số, h&agrave;m số hay giải c&aacute;c dạng to&aacute;n đại số đặc trưng như phương tr&igrave;nh, bất phương tr&igrave;nh, hệ phương tr&igrave;nh, căn thức. </span></span></span></span></span></li>\r\n		</ol>\r\n		</li>\r\n	</ol>\r\n	</li>\r\n</ol>\r\n\r\n<p style="margin-left:13.5pt; margin-right:0cm"><span style="font-size:12pt"><span style="background-color:white"><span style="font-family:&quot;Times New Roman&quot;,serif"><span style="font-size:11.0pt"><span style="color:#3b3b3b">Ngo&agrave;i ra, học sinh được tiếp cận với dạng ph&acirc;n t&iacute;ch dữ liệu từ những thao t&aacute;c đơn giản như đọc dữ liệu, so s&aacute;nh v&agrave; sắp xếp dữ liệu. B&ecirc;n cạnh đ&oacute;, học sinh c&ograve;n biết c&aacute;ch biểu diễn c&aacute;c dữ liệu bằng đồ thị từ đ&oacute; suy luận t&igrave;m ra đ&aacute;p &aacute;n cũng như x&acirc;y dựng c&aacute;c qui luật logic</span></span></span></span></span></p>\r\n\r\n<p style="margin-left:13.5pt; margin-right:0cm"><span style="font-size:12pt"><span style="background-color:white"><span style="font-family:&quot;Times New Roman&quot;,serif"><em><span style="font-size:11.0pt"><span style="color:#4f4f4f">Cũng cố v&agrave; bổ sung c&aacute;c kiến thức về chương tr&igrave;nh đại số của BGD&amp;ĐT từ lớp 6 đến lớp 9.</span></span></em></span></span></span></p>\r\n\r\n<ol>\r\n	<li style="list-style-type:none">\r\n	<ol>\r\n		<li style="list-style-type:none">\r\n		<ol start="3">\r\n			<li><span style="font-size:12pt"><span style="background-color:white"><span style="font-family:&quot;Times New Roman&quot;,serif"><span style="font-size:11.0pt"><span style="color:#3b3b3b">H&igrave;nh học : Gi&uacute;p học sinh được l&agrave;m quen về tất cả c&aacute;c h&igrave;nh phẳng trong chương tr&igrave;nh phổ th&ocirc;ng v&agrave; c&aacute;c b&agrave;i to&aacute;n li&ecirc;n quan đến h&igrave;nh phẳng như chu vi, diện t&iacute;ch. C&aacute;c h&igrave;nh kh&ocirc;ng gian cũng được đưa v&agrave;o bằng c&aacute;c m&ocirc; h&igrave;nh trực quan th&uacute; vị nhằm gi&uacute;p học sinh ph&acirc;n biệt c&aacute;c h&igrave;nh phẳng, h&igrave;nh khối. Đồng thời c&aacute;c em c&oacute; kh&aacute;i niệm về thể t&iacute;ch, diện t&iacute;ch xung quanh, diện t&iacute;ch to&agrave;n phần. Đ&acirc;y l&agrave; nền tảng để c&aacute;c em học tốt chương tr&igrave;nh phổ th&ocirc;ng v&agrave; &aacute;p dụng kiễn thức v&agrave;o thực tiễn.</span></span></span></span></span></li>\r\n		</ol>\r\n		</li>\r\n	</ol>\r\n	</li>\r\n</ol>\r\n\r\n<p style="margin-left:13.5pt; margin-right:0cm"><span style="font-size:12pt"><span style="background-color:white"><span style="font-family:&quot;Times New Roman&quot;,serif"><span style="font-size:11.0pt"><span style="color:#3b3b3b">C&aacute;c chủ đề c&aacute;c em đều được l&agrave;m quen với dạng b&agrave;i to&aacute;n giải quyết vấn đề ở những mức độ kh&aacute;c nhau. Từ những b&agrave;i to&aacute;n c&oacute; lời văn đơn giản đến c&aacute;c b&agrave;i to&aacute;n nhiều bước, lập sơ đồ giải to&aacute;n. Giải quyết vấn đề gi&uacute;p ph&aacute;t triển tư duy logic v&agrave; s&aacute;ng tạo để giải quyết c&aacute;c vấn đề trong cuộc sống. </span></span></span></span></span></p>\r\n\r\n<p style="margin-left:13.5pt; margin-right:0cm"><span style="font-size:12pt"><span style="background-color:white"><span style="font-family:&quot;Times New Roman&quot;,serif"><em><span style="font-size:11.0pt"><span style="color:#4f4f4f">Cũng cố v&agrave; bổ sung c&aacute;c kiến thức về chương tr&igrave;nh h&igrave;nh học của BGD&amp;ĐT từ lớp 6 đến lớp 9.</span></span></em></span></span></span></p>\r\n\r\n<p style="margin-left:0cm; margin-right:0cm"><span style="font-size:12pt"><span style="background-color:white"><span style="font-family:&quot;Times New Roman&quot;,serif"><span style="font-size:11.0pt"><span style="color:black">4. Luyện thi theo y&ecirc;u cầu : </span></span></span></span></span></p>\r\n\r\n<h4 style="margin-left:0cm; margin-right:0cm"><span style="font-size:11pt"><span style="background-color:whitesmoke"><span style="font-family:Cambria,serif"><span style="color:#4f81bd"><strong><em><span style="font-family:&quot;Times New Roman&quot;,&quot;serif&quot;"><span style="color:#4f4f4f">Luyện c&aacute;c loại đề thi của BGD&amp;ĐT, c&aacute;c chương tr&igrave;nh thi v&agrave;o c&aacute;c trường chuy&ecirc;n&hellip;..</span></span></em></strong></span></span></span></span></h4>\r\n\r\n<h4 style="margin-left:0cm; margin-right:0cm"><span style="font-size:11pt"><span style="background-color:whitesmoke"><span style="font-family:Cambria,serif"><span style="color:#4f81bd"><strong><em><span style="font-family:&quot;Times New Roman&quot;,&quot;serif&quot;"><span style="color:#4f4f4f">Luy&ecirc;n chương tr&igrave;nh của c&aacute;c trường Quốc tế..</span></span></em></strong></span></span></span></span></h4>\r\n', '', '', '', '', '', 0, 'avits-math-ixl', 'Avits Math (IXL)', '', '');
INSERT INTO `news_languages` (`id`, `news_id`, `languages_code`, `lang_news_name`, `lang_news_des`, `lang_news_content`, `lang_news_sub_info1`, `lang_news_sub_info2`, `lang_news_sub_info3`, `lang_news_sub_info4`, `lang_news_sub_info5`, `edit_state`, `friendly_url`, `title_seo`, `des_seo`, `keyword`) VALUES
(205, 103, 'vn', 'AVITS SMART READING (ĐỌC THÔNG MINH)', 'PHƯƠNG PHÁP ĐỌC THÔNG MINH GIÚP BÉ YÊU PHÁT TRIỂN TRÍ NÃO VÀ KHẢ NĂNG NGÔN NGỮ', '<p style="margin-left:0cm; margin-right:0cm; text-align:justify"><span style="font-size:11pt"><span style="background-color:white"><span style="font-family:Calibri,sans-serif"><span style="font-size:13.5pt"><span style="color:#333333">Chương tr&igrave;nh&nbsp;</span></span><strong><span style="font-size:13.5pt"><span style="color:#548dd4">Avits </span></span></strong><strong><span style="font-size:12.0pt"><span style="color:#548dd4">Smart Reading</span></span></strong>&nbsp;<span style="font-size:13.5pt"><span style="color:#333333">được ph&aacute;t triển tr&ecirc;n nền tảng phương ph&aacute;p học đọc&nbsp; đa gi&aacute;c quan kết hợp đa cấp độ của Mỹ&nbsp; đ&atilde; được &aacute;p dụng tại c&aacute;c trường học tr&ecirc;n khắp nước&nbsp; Mỹ&nbsp; cũng như tại nhiều quốc gia tr&ecirc;n thế giới. Phương ph&aacute;p n&agrave;y được phụ huynh ưa chuộng v&agrave; lựa chọn l&agrave; phương ph&aacute;p học đọc s&aacute;ng tạo&nbsp; v&agrave; hiệu quả nhất hiện nay.&nbsp;</span></span><strong><em><span style="font-size:12.0pt"><span style="color:blue">Avits Smart Reading được c&ocirc;ng nhận gi&uacute;p trẻ ph&aacute;t triển tr&iacute; n&atilde;o v&agrave; khả năng ng&ocirc;n ngữ.</span></span></em></strong></span></span></span></p>\r\n\r\n<p style="margin-left:0cm; margin-right:0cm; text-align:justify"><span style="font-size:11pt"><span style="background-color:white"><span style="font-family:Calibri,sans-serif"><span style="font-size:13.5pt"><span style="color:#333333">Theo nghi&ecirc;n cứu của Trường Đại Học Harvard- Mỹ th&igrave; c&oacute; đến 70% trẻ em dưới 6 tuổi được cha mẹ c&ugrave;ng đọc s&aacute;ch trước khi đi ngủ. C&aacute;c chuy&ecirc;n gia cho biết việc tiếp tục hướng dẫn trẻ đọc s&aacute;ch trong giai đoạn tiểu học l&agrave; rất quan trọng đối với sự ph&aacute;t triển tr&iacute; n&atilde;o v&agrave; ng&ocirc;n ngữ của c&aacute;c em. Tuy nhi&ecirc;n, hầu hết c&aacute;c trẻ em Việt Nam từ 7 tuổi trở l&ecirc;n kh&ocirc;ng được r&egrave;n luyện kỹ năng n&agrave;y ở trường cũng như ở nh&agrave; m&agrave; hầu hết c&aacute;c em đều tự m&igrave;nh đọc một c&aacute;ch tự ph&aacute;t. V&igrave; vậy, n&ecirc;n sau 7 tuổi c&aacute;c em bắt đầu bộc lộ nhiều điểm hạn chế về khả năng đọc, ph&acirc;n t&iacute;ch, diễn đạt bằng ng&ocirc;n ngữ cũng như khả năng tư duy độc lập. Thực tế cho thấy rằng những trẻ em th&iacute;ch đọc s&aacute;ch c&oacute; nhiều khả năng đạt th&agrave;nh t&iacute;ch học tập tốt ở trường v&agrave; th&agrave;nh c&ocirc;ng hơn ở nơi l&agrave;m việc sau n&agrave;y.</span></span></span></span></span></p>\r\n\r\n<p style="margin-left:0cm; margin-right:0cm; text-align:justify"><span style="font-size:11pt"><span style="background-color:white"><span style="font-family:Calibri,sans-serif"><span style="font-size:13.5pt"><span style="color:#333333">B&iacute; quyết gi&uacute;p c&aacute;c em quan t&acirc;m đến việc đọc l&agrave; giới thiệu với c&aacute;c em nhiều loại s&aacute;ch ph&ugrave; hợp với từng độ tuổi v&agrave; cho con tiếp x&uacute;c với việc học đọc c&agrave;ng sớm c&agrave;ng tốt. Với mỗi chủ đề n&ecirc;n cho trẻ tiếp cận v&agrave; hiểu được từ mới, nội dung cuốn s&aacute;ch v&agrave; c&ugrave;ng thảo luận về c&aacute;c nội dung đ&atilde; đọc để&nbsp; gi&uacute;p trẻ bộc lộ hiểu biết, khả nằn suy luận của m&igrave;nh v&agrave; ph&aacute;t triển tư duy.</span></span></span></span></span></p>\r\n\r\n<p style="margin-left:0cm; margin-right:0cm; text-align:justify"><span style="font-size:11pt"><span style="background-color:white"><span style="font-family:Calibri,sans-serif"><span style="font-size:13.5pt"><span style="color:#333333">Chương tr&igrave;nh&nbsp;</span></span><strong><span style="font-size:13.5pt"><span style="color:#548dd4">Avits </span></span></strong><strong><span style="font-size:12.0pt"><span style="color:#548dd4">Smart Reading</span></span></strong>&nbsp;<span style="font-size:13.5pt"><span style="color:#333333"> đ&atilde; được&nbsp; American Skills triển khai tại Việt Nam nhằm mang đến cho c&aacute;c em những lợi &iacute;ch sau:</span></span></span></span></span></p>\r\n\r\n<p style="margin-left:0cm; margin-right:0cm; text-align:justify"><span style="font-size:11pt"><span style="background-color:white"><span style="font-family:Calibri,sans-serif">&nbsp;</span></span></span></p>\r\n\r\n<p style="margin-left:0cm; margin-right:0cm; text-align:justify"><span style="font-size:11pt"><span style="background-color:white"><span style="font-family:Calibri,sans-serif"><span style="font-size:13.5pt"><span style="color:#333333">-&nbsp;&nbsp;Gi&uacute;p c&aacute;c b&eacute; luyện ph&aacute;t &acirc;m chuẩn.</span></span></span></span></span></p>\r\n\r\n<p style="margin-left:0cm; margin-right:0cm; text-align:justify"><span style="font-size:11pt"><span style="background-color:white"><span style="font-family:Calibri,sans-serif"><span style="font-size:13.5pt"><span style="color:#333333">-&nbsp;&nbsp;Gi&uacute;p b&eacute; từ việc biết đ&aacute;nh vần đến biết đọc trơn.</span></span></span></span></span></p>\r\n\r\n<p style="margin-left:0cm; margin-right:0cm; text-align:justify"><span style="font-size:11pt"><span style="background-color:white"><span style="font-family:Calibri,sans-serif"><span style="font-size:13.5pt"><span style="color:#333333">-&nbsp;&nbsp;Gi&uacute;p c&aacute;c em th&iacute;ch đọc s&aacute;ch v&agrave; biết c&aacute;ch tự đọc đ&uacute;ng c&aacute;ch.</span></span></span></span></span></p>\r\n\r\n<p style="margin-left:0cm; margin-right:0cm; text-align:justify"><span style="font-size:11pt"><span style="background-color:white"><span style="font-family:Calibri,sans-serif"><span style="font-size:13.5pt"><span style="color:#333333">-&nbsp;&nbsp;Gi&uacute;p c&aacute;c em h&igrave;nh th&agrave;nh c&aacute;c kỹ năng tư duy như: khả năng t&oacute;m tắt v&agrave; ghi nhớ th&ocirc;ng tin, khả năng ph&acirc;n t&iacute;ch v&agrave; kh&aacute;i qu&aacute;t một vấn đề, khả năng suy luận logic, khả năng tưởng tượng, li&ecirc;n tưởng v&agrave; s&aacute;ng tạo,&hellip;</span></span></span></span></span></p>\r\n\r\n<p style="margin-left:0cm; margin-right:0cm; text-align:justify"><span style="font-size:11pt"><span style="background-color:white"><span style="font-family:Calibri,sans-serif"><span style="font-size:13.5pt"><span style="color:#333333">-&nbsp;&nbsp;Gi&uacute;p n&atilde;o trẻ hoạt động v&agrave; gi&uacute;p suy nghĩ của trẻ ph&aacute;t triển đa chiều, đồng thời c&ograve;n l&agrave;m tăng sự tập trung của n&atilde;o bộ trong mọi ho&agrave;n cảnh.</span></span></span></span></span></p>\r\n\r\n<p style="margin-left:0cm; margin-right:0cm; text-align:justify"><span style="font-size:11pt"><span style="background-color:white"><span style="font-family:Calibri,sans-serif"><span style="font-size:13.5pt"><span style="color:#333333">-&nbsp;&nbsp;Gi&uacute;p tăng cường khả năng giao tiếp hiệu quả v&agrave; gi&uacute;p r&egrave;n luyện năng lực ng&ocirc;n ngữ: đọc s&aacute;ch gi&uacute;p l&agrave;m gi&agrave;u vốn từ, tăng khả năng sử dụng ng&ocirc; ngữ để diễn đạt v&agrave; giao tiếp.</span></span></span></span></span></p>\r\n\r\n<p style="margin-left:0cm; margin-right:0cm; text-align:justify"><span style="font-size:11pt"><span style="background-color:white"><span style="font-family:Calibri,sans-serif"><span style="font-size:13.5pt"><span style="color:#333333">-&nbsp;&nbsp;Gi&uacute;p c&aacute;c b&eacute; h&igrave;nh th&agrave;nh nh&acirc;n c&aacute;ch, vốn sống v&agrave; kiến thức x&atilde; hội th&ocirc;ng qua c&aacute;c chủ đề b&agrave;i học phong ph&uacute;, đa dạng.</span></span></span></span></span></p>\r\n\r\n<p style="margin-left:0cm; margin-right:0cm; text-align:justify"><span style="font-size:11pt"><span style="background-color:white"><span style="font-family:Calibri,sans-serif"><span style="font-size:13.5pt"><span style="color:#333333">-&nbsp;&nbsp;Gi&uacute;p trẻ cảm thấy phấn chấn hơn, gi&uacute;p b&eacute; giảm bớt những th&oacute;i quen ảnh hưởng đến khả năng tư duy v&agrave; tập trung của b&eacute; như xem tivi, chơi game,&hellip;</span></span></span></span></span></p>\r\n\r\n<p style="margin-left:0cm; margin-right:0cm; text-align:justify"><span style="font-size:11pt"><span style="background-color:white"><span style="font-family:Calibri,sans-serif"><span style="font-size:13.5pt"><span style="color:#333333">-&nbsp;&nbsp;Gi&uacute;p c&aacute;c em giảm bớt &aacute;p lực của cuộc sống v&agrave; lấy lại sự c&acirc;n bằng cần thiết, gi&uacute;p c&aacute;c em sống khoẻ v&agrave; sống tốt hơn.</span></span></span></span></span></p>\r\n\r\n<p style="margin-left:0cm; margin-right:0cm; text-align:justify"><span style="font-size:11pt"><span style="background-color:white"><span style="font-family:Calibri,sans-serif">&nbsp;</span></span></span></p>\r\n\r\n<p style="margin-left:0cm; margin-right:0cm"><span style="font-size:11pt"><span style="background-color:white"><span style="font-family:Calibri,sans-serif"><strong><span style="font-size:13.5pt"><span style="color:blue">PHƯƠNG PH&Aacute;P CỦA CHƯƠNG TR&Igrave;NH:</span></span></strong></span></span></span></p>\r\n\r\n<p style="margin-left:0cm; margin-right:0cm; text-align:justify"><span style="font-size:11pt"><span style="background-color:white"><span style="font-family:Calibri,sans-serif"><strong><span style="font-size:12.0pt"><span style="color:blue">Phương ph&aacute;p học đọc đa cấp độ</span></span></strong><span style="font-size:13.5pt"><span style="color:#333333">: Mỗi buổi học b&eacute; được học một nội dung/ chủ đề hấp dẫn v&agrave; ph&ugrave; hợp với độ tuổi v&agrave; tr&igrave;nh độ của b&eacute;. Đ&acirc;y l&agrave; nội dung được c&aacute;c chuy&ecirc;n gia nước ngo&agrave;i v&agrave; trong nước bi&ecirc;n soạn d&agrave;nh ri&ecirc;ng cho chương tr&igrave;nh&nbsp;</span></span><strong><span style="font-size:13.5pt"><span style="color:#548dd4">Avits </span></span></strong><strong><span style="font-size:12.0pt"><span style="color:#548dd4">Smart Reading</span></span></strong>&nbsp;<span style="font-size:13.5pt"><span style="color:#333333">với c&aacute;c chủ đề rất đa dạng, với nhiều cấp độ kh&aacute;c nhau như: thế giới quanh em, kh&aacute;m ph&aacute; bản th&acirc;n, gi&aacute;o dục t&igrave;nh cảm gia đ&igrave;nh, bạn b&egrave;, gi&aacute;o dục gi&aacute; trị sống, c&aacute;c hiện tượng thi&ecirc;n nhi&ecirc;n v&agrave; c&aacute;c t&aacute;c phẩm văn học nổi tiếng cho mọi lứa tuổi,&hellip;</span></span></span></span></span></p>\r\n\r\n<p style="margin-left:0cm; margin-right:0cm; text-align:justify"><span style="font-size:11pt"><span style="background-color:white"><span style="font-family:Calibri,sans-serif"><strong><span style="font-size:13.5pt"><span style="color:#333333">Phương ph&aacute;p học đọc đa gi&aacute;c quan</span></span></strong><span style="font-size:13.5pt"><span style="color:#333333">: Với mỗi chủ đề b&eacute; đều được tiếp cận th&ocirc;ng qua c&aacute;c gi&aacute;c quan như: nghe, nh&igrave;n, sờ, tưởng tượng, đọc, nhập vai,&hellip;với c&aacute;c hoạt động phong ph&uacute; như: đố vui, đ&oacute;ng kịch, kể chuyện, xem phim, b&igrave;nh luận, thảo luận nh&oacute;m, chơi tr&ograve; chơi tương t&aacute;c, vận động cơ thể theo ng&ocirc;n ngữ, diễn đạt ng&ocirc;n ngữ bằng c&aacute;c h&agrave;nh động phi ng&ocirc;n ngữ.</span></span></span></span></span></p>\r\n\r\n<p style="margin-left:0cm; margin-right:0cm; text-align:justify"><span style="font-size:11pt"><span style="background-color:white"><span style="font-family:Calibri,sans-serif"><span style="font-size:13.5pt"><span style="color:#333333">Ph&aacute;t triển Kỹ năng tư duy: Mỗi buổi b&eacute; được giới thiệu v&agrave; r&egrave;n luyện một hoặc một số kỹ năng tư duy nhất định. Chẳng hạn như:</span></span></span></span></span></p>\r\n\r\n<p style="margin-left:0cm; margin-right:0cm; text-align:justify"><span style="font-size:11pt"><span style="background-color:white"><span style="font-family:Calibri,sans-serif"><span style="font-size:13.5pt"><span style="color:#333333">-&nbsp;&nbsp;T&oacute;m tắt th&ocirc;ng tin &ndash; dưới dạng sơ đồ tư duy</span></span></span></span></span></p>\r\n\r\n<p style="margin-left:0cm; margin-right:0cm; text-align:justify"><span style="font-size:11pt"><span style="background-color:white"><span style="font-family:Calibri,sans-serif"><span style="font-size:13.5pt"><span style="color:#333333">-&nbsp;&nbsp;Ghi nhớ v&agrave; diễn đạt</span></span></span></span></span></p>\r\n\r\n<p style="margin-left:0cm; margin-right:0cm; text-align:justify"><span style="font-size:11pt"><span style="background-color:white"><span style="font-family:Calibri,sans-serif"><span style="font-size:13.5pt"><span style="color:#333333">-&nbsp;&nbsp;Kh&aacute;i qu&aacute;t v&agrave; tổng kết</span></span></span></span></span></p>\r\n\r\n<p style="margin-left:0cm; margin-right:0cm; text-align:justify"><span style="font-size:11pt"><span style="background-color:white"><span style="font-family:Calibri,sans-serif"><span style="font-size:13.5pt"><span style="color:#333333">-&nbsp;&nbsp;Kỹ năng suy luận v&agrave; tư duy</span></span></span></span></span></p>\r\n\r\n<p style="margin-left:0cm; margin-right:0cm; text-align:justify"><span style="font-size:11pt"><span style="background-color:white"><span style="font-family:Calibri,sans-serif"><span style="font-size:13.5pt"><span style="color:#333333">-&nbsp;&nbsp;Kỹ năng ph&aacute;n đo&aacute;n</span></span></span></span></span></p>\r\n\r\n<p style="margin-left:0cm; margin-right:0cm; text-align:justify"><span style="font-size:11pt"><span style="background-color:white"><span style="font-family:Calibri,sans-serif"><span style="font-size:13.5pt"><span style="color:#333333">-&nbsp;&nbsp;Kỹ năng ph&acirc;n t&iacute;ch nh&acirc;n vật v&agrave; ph&acirc;n t&iacute;ch bối cảnh</span></span></span></span></span></p>\r\n\r\n<p style="margin-left:0cm; margin-right:0cm; text-align:justify"><span style="font-size:11pt"><span style="background-color:white"><span style="font-family:Calibri,sans-serif"><span style="font-size:13.5pt"><span style="color:#333333">-&nbsp;&nbsp;Đưa ra giải ph&aacute;p cho một vấn đề</span></span></span></span></span></p>\r\n\r\n<p style="margin-left:0cm; margin-right:0cm; text-align:justify"><span style="font-size:11pt"><span style="background-color:white"><span style="font-family:Calibri,sans-serif"><span style="font-size:13.5pt"><span style="color:#333333">-&nbsp;&nbsp;Li&ecirc;n tưởng v&agrave; &aacute;p dụng</span></span></span></span></span></p>\r\n\r\n<p style="margin-left:0cm; margin-right:0cm; text-align:justify"><span style="font-size:11pt"><span style="background-color:white"><span style="font-family:Calibri,sans-serif"><span style="font-size:13.5pt"><span style="color:#333333">-&nbsp;&nbsp;Tưởng tượng v&agrave; s&aacute;ng tạo</span></span></span></span></span></p>\r\n\r\n<p style="margin-left:0cm; margin-right:0cm; text-align:justify"><span style="font-size:11pt"><span style="background-color:white"><span style="font-family:Calibri,sans-serif">&nbsp;</span></span></span></p>\r\n\r\n<p style="margin-left:0cm; margin-right:0cm; text-align:justify"><span style="font-size:11pt"><span style="background-color:white"><span style="font-family:Calibri,sans-serif"><span style="font-size:13.5pt"><span style="color:#333333">Từ vựng: Mỗi buổi sẽ cung cấp cho b&eacute; một lượng từ vựng mới nhất định tuỳ thuộc v&agrave;o từng cấp độ, gi&uacute;p b&eacute; bổ sung vốn từ th&ecirc;m phong ph&uacute;.</span></span></span></span></span></p>\r\n\r\n<p style="margin-left:0cm; margin-right:0cm; text-align:justify"><span style="font-size:11pt"><span style="background-color:white"><span style="font-family:Calibri,sans-serif"><span style="font-size:13.5pt"><span style="color:#333333">B&aacute;o c&aacute;o h&agrave;ng ng&agrave;y: Sau từng buổi học, phụ huynh đều nhận được th&ocirc;ng tin&nbsp; về những g&igrave; m&agrave; b&eacute; được học trong buổi học đ&oacute;, c&ugrave;ng với giới &yacute; về b&agrave;i tập gi&uacute;p b&eacute; r&egrave;n luyện tại nh&agrave;.</span></span></span></span></span></p>\r\n\r\n<h2 style="margin-left:0cm; margin-right:0cm">&nbsp;</h2>\r\n\r\n<h2 style="margin-left:0cm; margin-right:0cm"><span style="font-size:18pt"><span style="background-color:white"><strong><span style="font-size:12.0pt"><span style="color:black">CHƯƠNG TR&Igrave;NH TIỀN TIỂU HỌC : (D&agrave;nh cho trẻ từ 4-6 tuổi)</span></span></strong></span></span></h2>\r\n\r\n<h2 style="margin-left:0cm; margin-right:0cm"><span style="font-size:18pt"><span style="background-color:white"><strong><span style="font-size:12.0pt"><span style="color:#333333">AVITS&nbsp;</span></span><span style="font-size:12.0pt"><span style="color:black">SMART READING - FOR PRE -SCHOOL</span></span></strong></span></span></h2>\r\n\r\n<p style="margin-left:0cm; margin-right:0cm; text-align:justify"><span style="font-size:12pt"><span style="background-color:white"><span style="color:#333333">Chương tr&igrave;nh d&agrave;nh cho c&aacute;c b&eacute; từ 4 tuổi đến 6 tuổi. Ở mỗi cấp độ sẽ c&oacute; nội dung chương tr&igrave;nh học ph&ugrave; hợp với tr&igrave;nh độ của học sinh.</span></span></span></p>\r\n\r\n<p style="margin-left:0cm; margin-right:0cm; text-align:justify"><span style="font-size:12pt"><span style="background-color:white"><span style="color:#333333">Khi ghi danh, c&aacute;c em sẽ được l&agrave;m b&agrave;i kiểm đầu v&agrave;o để đ&aacute;nh gi&aacute; tr&igrave;nh độ. Với c&aacute;c b&eacute; từ 4-6 tuổi, đội ngũ chuy&ecirc;n gia ng&ocirc;n của American Skills sẽ ph&acirc;n t&iacute;ch giọng n&oacute;i để c&oacute; biện ph&aacute;p điều chỉnh ph&aacute;t &acirc;m kịp thời cho b&eacute;.&nbsp;</span></span></span></p>\r\n\r\n<p style="margin-left:0cm; margin-right:0cm; text-align:justify"><span style="font-size:12pt"><span style="background-color:white"><span style="color:#333333">Smart Reading Skills For Pre -School với 2cấp độ&nbsp;sau:&nbsp;</span></span></span></p>\r\n\r\n<p style="margin-left:0cm; margin-right:0cm; text-align:justify"><span style="font-size:12pt"><span style="background-color:white"><strong><span style="color:#333333">Cấp độ Starter &ndash; l&agrave;m quen:</span></strong></span></span></p>\r\n\r\n<p style="margin-left:0cm; margin-right:0cm; text-align:justify"><br />\r\n<span style="font-size:12pt"><span style="background-color:white"><span style="color:#333333">L&agrave; c&aacute;c b&eacute; từ 4-5 tuổi mới l&agrave;m quen với chữ c&aacute;i, b&eacute; n&oacute;i v&agrave; biết diễn đạt bằng ng&ocirc;n ngữ ở mức trung b&igrave;nh.</span></span></span></p>\r\n\r\n<p style="margin-left:0cm; margin-right:0cm; text-align:justify"><span style="font-size:12pt"><span style="background-color:white"><span style="color:#333333">Qua chương tr&igrave;nh n&agrave;y b&eacute; sẽ được l&agrave;m quen với c&aacute;c chữ c&aacute;i, biết đọc c&aacute;c từ đơn giản c&oacute; 2 hoặc 3 &acirc;m tiết. Biết sử dụng c&aacute;c từ đ&atilde; học v&agrave;o việc đặt c&acirc;u v&agrave; sử dụng từ trong giao tiếp.</span></span></span></p>\r\n\r\n<p style="margin-left:0cm; margin-right:0cm; text-align:justify"><span style="font-size:12pt"><span style="background-color:white"><span style="color:#333333">Ngo&agrave;i ra chương tr&igrave;nh c&ograve;n gi&uacute;p luyện ph&aacute;t &acirc;m chuẩn cho b&eacute; ngay từ đầu v&agrave; bổ sung, l&agrave;m phong ph&uacute; th&ecirc;m kho vốn từ của b&eacute;. B&eacute; được mở rộng c&aacute;c kiến thức về cuộc sống xung quanh, về văn ho&aacute;, x&atilde; hội, gi&aacute; trị sống th&ocirc;ng qua c&aacute;c c&acirc;u chuyện hấp dẫn v&agrave; mang &yacute; nghĩa gi&aacute;o dục cao.</span></span></span></p>\r\n\r\n<p style="margin-left:0cm; margin-right:0cm; text-align:justify"><span style="font-size:12pt"><span style="background-color:white"><strong><span style="color:#333333">Cấp độ </span></strong><strong><span style="color:black">Kindergarten</span><strong><span style="color:#333333"> (K): &ndash; Luyện đọc v&agrave; đọc một c&aacute;ch tr&ocirc;i chảy</span></strong></strong></span></span></p>\r\n\r\n<p style="margin-left:0cm; margin-right:0cm; text-align:justify"><span style="font-size:12pt"><span style="background-color:white"><span style="color:#333333">L&agrave; c&aacute;c b&eacute; từ 5-6 tuổi, đ&atilde; trải qua kho&aacute; học Starter hoặc đ&atilde; nhớ bảng chứ c&aacute;i tiếng Việt v&agrave; biết tự đ&aacute;nh vần một số từ đơn giản. Khả năng diễn đạt bằng ng&ocirc;n ngữ của b&eacute; kh&aacute; tốt.</span></span></span></p>\r\n\r\n<p style="margin-left:0cm; margin-right:0cm; text-align:justify"><span style="font-size:12pt"><span style="background-color:white"><span style="color:#333333">Qua chương tr&igrave;nh b&eacute; được mở rộng th&ecirc;m vốn từ vựng; từ việc biết c&aacute;ch đ&aacute;nh vần b&eacute; đ&atilde; c&oacute; thể đọc trơn; b&eacute; c&oacute; thể đọc được c&aacute;c mẩu chuyện ngắn v&agrave; tự t&oacute;m tắt được cốt chuyện.</span></span></span></p>\r\n\r\n<p style="margin-left:0cm; margin-right:0cm; text-align:justify"><span style="font-size:12pt"><span style="background-color:white"><span style="color:#333333">B&eacute; sẽ được n&acirc;ng cao tr&igrave;nh độ cũng như khả năng ứng dụng ng&ocirc;n ngữ một c&aacute;ch linh hoạt v&agrave; đa dạng.</span></span></span></p>\r\n\r\n<p style="margin-left:0cm; margin-right:0cm; text-align:justify"><span style="font-size:12pt"><span style="background-color:white"><span style="color:#333333">B&ecirc;n cạnh đ&oacute; khả năng tư duy, suy luận logic, quan s&aacute;t, ph&aacute;n đo&aacute;n v&agrave; đưa ra quyết định của b&eacute; cũng được cải thiện một c&aacute;ch đ&aacute;ng kể.</span></span></span></p>\r\n\r\n<p style="margin-left:0cm; margin-right:0cm; text-align:justify"><span style="font-size:12pt"><span style="background-color:white"><span style="color:#333333">Đ&acirc;y l&agrave; tiền đề gi&uacute;p c&aacute;c b&eacute; tiếp cận được với c&aacute;c m&ocirc;n học kh&aacute;c một c&aacute;ch dễ dạng như: To&aacute;n học, kể chuyện, ca h&aacute;t, kh&aacute;m ph&aacute; khoa học th&ocirc;ng qua c&aacute;c c&acirc;u chuyện l&yacute; th&uacute;. Vốn hiểu biết về x&atilde; hội của b&eacute; c&agrave;ng được mở rộng.</span></span></span></p>\r\n\r\n<h2 style="margin-left:0cm; margin-right:0cm"><span style="font-size:18pt"><span style="background-color:white"><strong><span style="font-size:12.0pt"><span style="color:black">CHƯƠNG TR&Igrave;NH TIỂU HỌC : </span></span></strong></span></span></h2>\r\n\r\n<h2 style="margin-left:0cm; margin-right:0cm"><span style="font-size:18pt"><span style="background-color:white"><strong><span style="font-size:12.0pt"><span style="color:#333333">AVITS&nbsp;</span></span><span style="font-size:12.0pt"><span style="color:black">SMART READING &nbsp;</span></span><span style="font-size:11.0pt"><span style="color:black">- FOR PRIMARY SCHOOL :</span></span></strong></span></span></h2>\r\n\r\n<p style="margin-left:36pt; margin-right:0cm"><span style="font-size:12pt"><span style="font-family:Calibri,sans-serif"><strong>Cấp độ </strong><strong><span style="color:black">Starter School (SC) </span></strong><strong>- Kho&aacute; học đặc biệt</strong></span></span></p>\r\n\r\n<p style="margin-left:36pt; margin-right:0cm">&nbsp;</p>\r\n\r\n<p style="margin-left:36pt; margin-right:0cm"><span style="font-size:12pt"><span style="font-family:Calibri,sans-serif">D&agrave;nh cho c&aacute;c b&eacute; từ 6-8 tuổi đ&atilde; biết đọc v&agrave; viết nhưng gặp kh&oacute; khăn về ng&ocirc;n ngữ, diễn đạt, ghi nhớ,&hellip;</span></span></p>\r\n\r\n<p style="margin-left:36pt; margin-right:0cm"><span style="font-size:12pt"><span style="font-family:Calibri,sans-serif">Chương tr&igrave;nh sẽ gi&uacute;p b&eacute; củng cố lại c&aacute;c kiến thức cơ bản về đọc như: cấu tạo từ, cấu tạo c&acirc;u, đoạn văn,&hellip;</span></span></p>\r\n\r\n<p style="margin-left:36pt; margin-right:0cm"><span style="font-size:12pt"><span style="font-family:Calibri,sans-serif">Gi&uacute;p b&eacute; biết &aacute;p dụng tư duy s&aacute;ng tạo v&agrave;o việc đọc v&agrave; ph&aacute; vỡ mọi trở ngại trước đ&acirc;y của b&eacute; về vấn đề ng&ocirc;n ngữ v&agrave; diễn đạt ng&ocirc;n ngữ.</span></span></p>\r\n\r\n<p style="margin-left:0cm; margin-right:0cm; text-align:justify"><span style="font-size:11pt"><span style="background-color:white"><span style="font-family:Calibri,sans-serif">Gi&uacute;p b&eacute; th&ecirc;m tự tin trong cuộc sống v&agrave; tiến bộ trong học tập cũng như th&agrave;nh c&ocirc;ng trong tương lai</span></span></span></p>\r\n\r\n<p style="margin-left:0cm; margin-right:0cm; text-align:justify">&nbsp;</p>\r\n\r\n<p style="margin-left:0cm; margin-right:0cm"><span style="font-size:11pt"><span style="font-family:Calibri,sans-serif"><strong>Chương tr&igrave;nh n&acirc;ng cao gồm c&aacute;c cấp độ:</strong></span></span></p>\r\n\r\n<p style="margin-left:0cm; margin-right:0cm"><span style="font-size:11pt"><span style="font-family:Calibri,sans-serif"><strong>Level 1 &ndash; Level 2 &ndash; Level 3 &ndash; Level 4 &ndash; Level 5</strong></span></span></p>\r\n\r\n<p style="margin-left:36pt; margin-right:0cm"><span style="font-size:12pt"><span style="font-family:Calibri,sans-serif">B&eacute; đ&atilde; chuyển từ giai đoạn học đọc sang giai đọan biết sử dụng ng&ocirc;n ngữ như một c&ocirc;ng cụ diễn đạt v&agrave; t&igrave;m kiếm th&ocirc;ng tin.</span></span></p>\r\n\r\n<p style="margin-left:36pt; margin-right:0cm"><span style="font-size:12pt"><span style="font-family:Calibri,sans-serif">Ở c&aacute;c cấp độ n&agrave;y c&aacute;c em sẽ được hướng dẫn c&aacute;ch vận dụng tư duy tổng hợp để nắm bắt, ph&acirc;n t&iacute;ch v&agrave; giải quyết c&aacute;c vấn đề ng&ocirc;n ngữ. </span></span></p>\r\n\r\n<p style="margin-left:0cm; margin-right:0cm; text-align:justify"><span style="font-size:11pt"><span style="background-color:white"><span style="font-family:Calibri,sans-serif">Th&ocirc;ng qua học đọc b&eacute; biết &aacute;p dụng ng&ocirc;n ngữ v&agrave;o c&aacute;c ngữ cảnh kh&aacute;c nhau một c&aacute;ch c&oacute; chủ đ&iacute;ch v&agrave; mang lại hiệu quả cao.</span></span></span></p>\r\n\r\n<p style="margin-left:0cm; margin-right:0cm; text-align:justify"><span style="font-size:11pt"><span style="background-color:white"><span style="font-family:Calibri,sans-serif">Chương tr&igrave;nh c&oacute; phối kết hợp SKG của Bộ gi&aacute;o dục đ&agrave;o tạo Việt nam.</span></span></span></p>\r\n', '', '', '', '', '', 0, 'avits-smart-reading-doc-thong-minh', 'AVITS SMART READING (ĐỌC THÔNG MINH)', '', '');
INSERT INTO `news_languages` (`id`, `news_id`, `languages_code`, `lang_news_name`, `lang_news_des`, `lang_news_content`, `lang_news_sub_info1`, `lang_news_sub_info2`, `lang_news_sub_info3`, `lang_news_sub_info4`, `lang_news_sub_info5`, `edit_state`, `friendly_url`, `title_seo`, `des_seo`, `keyword`) VALUES
(206, 103, 'en', 'AVITS SMART READING', 'PHƯƠNG PHÁP ĐỌC THÔNG MINH GIÚP BÉ YÊU PHÁT TRIỂN TRÍ NÃO VÀ KHẢ NĂNG NGÔN NGỮ', '<p style="margin-left:0cm; margin-right:0cm; text-align:justify"><span style="font-size:11pt"><span style="background-color:white"><span style="font-family:Calibri,sans-serif"><span style="font-size:13.5pt"><span style="font-family:&quot;Times New Roman&quot;,&quot;serif&quot;"><span style="color:#333333">Chương tr&igrave;nh&nbsp;</span></span></span><strong><span style="font-size:13.5pt"><span style="font-family:&quot;Times New Roman&quot;,&quot;serif&quot;"><span style="color:#548dd4">Avits </span></span></span></strong><strong><span style="font-size:12.0pt"><span style="font-family:&quot;Times New Roman&quot;,&quot;serif&quot;"><span style="color:#548dd4">Smart Reading</span></span></span></strong>&nbsp;<span style="font-size:13.5pt"><span style="font-family:&quot;Times New Roman&quot;,&quot;serif&quot;"><span style="color:#333333">được ph&aacute;t triển tr&ecirc;n nền tảng phương ph&aacute;p học đọc&nbsp; đa gi&aacute;c quan kết hợp đa cấp độ của Mỹ&nbsp; đ&atilde; được &aacute;p dụng tại c&aacute;c trường học tr&ecirc;n khắp nước&nbsp; Mỹ&nbsp; cũng như tại nhiều quốc gia tr&ecirc;n thế giới. Phương ph&aacute;p n&agrave;y được phụ huynh ưa chuộng v&agrave; lựa chọn l&agrave; phương ph&aacute;p học đọc s&aacute;ng tạo&nbsp; v&agrave; hiệu quả nhất hiện nay.&nbsp;</span></span></span><strong><em><span style="font-size:12.0pt"><span style="font-family:&quot;Times New Roman&quot;,&quot;serif&quot;"><span style="color:blue">Avits Smart Reading được c&ocirc;ng nhận gi&uacute;p trẻ ph&aacute;t triển tr&iacute; n&atilde;o v&agrave; khả năng ng&ocirc;n ngữ.</span></span></span></em></strong></span></span></span></p>\r\n\r\n<p style="margin-left:0cm; margin-right:0cm; text-align:justify"><span style="font-size:11pt"><span style="background-color:white"><span style="font-family:Calibri,sans-serif"><span style="font-size:13.5pt"><span style="font-family:&quot;Times New Roman&quot;,&quot;serif&quot;"><span style="color:#333333">Theo nghi&ecirc;n cứu của Trường Đại Học Harvard- Mỹ th&igrave; c&oacute; đến 70% trẻ em dưới 6 tuổi được cha mẹ c&ugrave;ng đọc s&aacute;ch trước khi đi ngủ. C&aacute;c chuy&ecirc;n gia cho biết việc tiếp tục hướng dẫn trẻ đọc s&aacute;ch trong giai đoạn tiểu học l&agrave; rất quan trọng đối với sự ph&aacute;t triển tr&iacute; n&atilde;o v&agrave; ng&ocirc;n ngữ của c&aacute;c em. Tuy nhi&ecirc;n, hầu hết c&aacute;c trẻ em Việt Nam từ 7 tuổi trở l&ecirc;n kh&ocirc;ng được r&egrave;n luyện kỹ năng n&agrave;y ở trường cũng như ở nh&agrave; m&agrave; hầu hết c&aacute;c em đều tự m&igrave;nh đọc một c&aacute;ch tự ph&aacute;t. V&igrave; vậy, n&ecirc;n sau 7 tuổi c&aacute;c em bắt đầu bộc lộ nhiều điểm hạn chế về khả năng đọc, ph&acirc;n t&iacute;ch, diễn đạt bằng ng&ocirc;n ngữ cũng như khả năng tư duy độc lập. Thực tế cho thấy rằng những trẻ em th&iacute;ch đọc s&aacute;ch c&oacute; nhiều khả năng đạt th&agrave;nh t&iacute;ch học tập tốt ở trường v&agrave; th&agrave;nh c&ocirc;ng hơn ở nơi l&agrave;m việc sau n&agrave;y.</span></span></span></span></span></span></p>\r\n\r\n<p style="margin-left:0cm; margin-right:0cm; text-align:justify"><span style="font-size:11pt"><span style="background-color:white"><span style="font-family:Calibri,sans-serif"><span style="font-size:13.5pt"><span style="font-family:&quot;Times New Roman&quot;,&quot;serif&quot;"><span style="color:#333333">B&iacute; quyết gi&uacute;p c&aacute;c em quan t&acirc;m đến việc đọc l&agrave; giới thiệu với c&aacute;c em nhiều loại s&aacute;ch ph&ugrave; hợp với từng độ tuổi v&agrave; cho con tiếp x&uacute;c với việc học đọc c&agrave;ng sớm c&agrave;ng tốt. Với mỗi chủ đề n&ecirc;n cho trẻ tiếp cận v&agrave; hiểu được từ mới, nội dung cuốn s&aacute;ch v&agrave; c&ugrave;ng thảo luận về c&aacute;c nội dung đ&atilde; đọc để&nbsp; gi&uacute;p trẻ bộc lộ hiểu biết, khả nằn suy luận của m&igrave;nh v&agrave; ph&aacute;t triển tư duy.</span></span></span></span></span></span></p>\r\n\r\n<p style="margin-left:0cm; margin-right:0cm; text-align:justify"><span style="font-size:11pt"><span style="background-color:white"><span style="font-family:Calibri,sans-serif"><span style="font-size:13.5pt"><span style="font-family:&quot;Times New Roman&quot;,&quot;serif&quot;"><span style="color:#333333">Chương tr&igrave;nh&nbsp;</span></span></span><strong><span style="font-size:13.5pt"><span style="font-family:&quot;Times New Roman&quot;,&quot;serif&quot;"><span style="color:#548dd4">Avits </span></span></span></strong><strong><span style="font-size:12.0pt"><span style="font-family:&quot;Times New Roman&quot;,&quot;serif&quot;"><span style="color:#548dd4">Smart Reading</span></span></span></strong>&nbsp;<span style="font-size:13.5pt"><span style="font-family:&quot;Times New Roman&quot;,&quot;serif&quot;"><span style="color:#333333"> đ&atilde; được&nbsp; American Skills triển khai tại Việt Nam nhằm mang đến cho c&aacute;c em những lợi &iacute;ch sau:</span></span></span></span></span></span></p>\r\n\r\n<p style="margin-left:0cm; margin-right:0cm; text-align:justify"><span style="font-size:11pt"><span style="background-color:white"><span style="font-family:Calibri,sans-serif">&nbsp;</span></span></span></p>\r\n\r\n<p style="margin-left:0cm; margin-right:0cm; text-align:justify"><span style="font-size:11pt"><span style="background-color:white"><span style="font-family:Calibri,sans-serif"><span style="font-size:13.5pt"><span style="font-family:&quot;Times New Roman&quot;,&quot;serif&quot;"><span style="color:#333333">-&nbsp;&nbsp;Gi&uacute;p c&aacute;c b&eacute; luyện ph&aacute;t &acirc;m chuẩn.</span></span></span></span></span></span></p>\r\n\r\n<p style="margin-left:0cm; margin-right:0cm; text-align:justify"><span style="font-size:11pt"><span style="background-color:white"><span style="font-family:Calibri,sans-serif"><span style="font-size:13.5pt"><span style="font-family:&quot;Times New Roman&quot;,&quot;serif&quot;"><span style="color:#333333">-&nbsp;&nbsp;Gi&uacute;p b&eacute; từ việc biết đ&aacute;nh vần đến biết đọc trơn.</span></span></span></span></span></span></p>\r\n\r\n<p style="margin-left:0cm; margin-right:0cm; text-align:justify"><span style="font-size:11pt"><span style="background-color:white"><span style="font-family:Calibri,sans-serif"><span style="font-size:13.5pt"><span style="font-family:&quot;Times New Roman&quot;,&quot;serif&quot;"><span style="color:#333333">-&nbsp;&nbsp;Gi&uacute;p c&aacute;c em th&iacute;ch đọc s&aacute;ch v&agrave; biết c&aacute;ch tự đọc đ&uacute;ng c&aacute;ch.</span></span></span></span></span></span></p>\r\n\r\n<p style="margin-left:0cm; margin-right:0cm; text-align:justify"><span style="font-size:11pt"><span style="background-color:white"><span style="font-family:Calibri,sans-serif"><span style="font-size:13.5pt"><span style="font-family:&quot;Times New Roman&quot;,&quot;serif&quot;"><span style="color:#333333">-&nbsp;&nbsp;Gi&uacute;p c&aacute;c em h&igrave;nh th&agrave;nh c&aacute;c kỹ năng tư duy như: khả năng t&oacute;m tắt v&agrave; ghi nhớ th&ocirc;ng tin, khả năng ph&acirc;n t&iacute;ch v&agrave; kh&aacute;i qu&aacute;t một vấn đề, khả năng suy luận logic, khả năng tưởng tượng, li&ecirc;n tưởng v&agrave; s&aacute;ng tạo,&hellip;</span></span></span></span></span></span></p>\r\n\r\n<p style="margin-left:0cm; margin-right:0cm; text-align:justify"><span style="font-size:11pt"><span style="background-color:white"><span style="font-family:Calibri,sans-serif"><span style="font-size:13.5pt"><span style="font-family:&quot;Times New Roman&quot;,&quot;serif&quot;"><span style="color:#333333">-&nbsp;&nbsp;Gi&uacute;p n&atilde;o trẻ hoạt động v&agrave; gi&uacute;p suy nghĩ của trẻ ph&aacute;t triển đa chiều, đồng thời c&ograve;n l&agrave;m tăng sự tập trung của n&atilde;o bộ trong mọi ho&agrave;n cảnh.</span></span></span></span></span></span></p>\r\n\r\n<p style="margin-left:0cm; margin-right:0cm; text-align:justify"><span style="font-size:11pt"><span style="background-color:white"><span style="font-family:Calibri,sans-serif"><span style="font-size:13.5pt"><span style="font-family:&quot;Times New Roman&quot;,&quot;serif&quot;"><span style="color:#333333">-&nbsp;&nbsp;Gi&uacute;p tăng cường khả năng giao tiếp hiệu quả v&agrave; gi&uacute;p r&egrave;n luyện năng lực ng&ocirc;n ngữ: đọc s&aacute;ch gi&uacute;p l&agrave;m gi&agrave;u vốn từ, tăng khả năng sử dụng ng&ocirc; ngữ để diễn đạt v&agrave; giao tiếp.</span></span></span></span></span></span></p>\r\n\r\n<p style="margin-left:0cm; margin-right:0cm; text-align:justify"><span style="font-size:11pt"><span style="background-color:white"><span style="font-family:Calibri,sans-serif"><span style="font-size:13.5pt"><span style="font-family:&quot;Times New Roman&quot;,&quot;serif&quot;"><span style="color:#333333">-&nbsp;&nbsp;Gi&uacute;p c&aacute;c b&eacute; h&igrave;nh th&agrave;nh nh&acirc;n c&aacute;ch, vốn sống v&agrave; kiến thức x&atilde; hội th&ocirc;ng qua c&aacute;c chủ đề b&agrave;i học phong ph&uacute;, đa dạng.</span></span></span></span></span></span></p>\r\n\r\n<p style="margin-left:0cm; margin-right:0cm; text-align:justify"><span style="font-size:11pt"><span style="background-color:white"><span style="font-family:Calibri,sans-serif"><span style="font-size:13.5pt"><span style="font-family:&quot;Times New Roman&quot;,&quot;serif&quot;"><span style="color:#333333">-&nbsp;&nbsp;Gi&uacute;p trẻ cảm thấy phấn chấn hơn, gi&uacute;p b&eacute; giảm bớt những th&oacute;i quen ảnh hưởng đến khả năng tư duy v&agrave; tập trung của b&eacute; như xem tivi, chơi game,&hellip;</span></span></span></span></span></span></p>\r\n\r\n<p style="margin-left:0cm; margin-right:0cm; text-align:justify"><span style="font-size:11pt"><span style="background-color:white"><span style="font-family:Calibri,sans-serif"><span style="font-size:13.5pt"><span style="font-family:&quot;Times New Roman&quot;,&quot;serif&quot;"><span style="color:#333333">-&nbsp;&nbsp;Gi&uacute;p c&aacute;c em giảm bớt &aacute;p lực của cuộc sống v&agrave; lấy lại sự c&acirc;n bằng cần thiết, gi&uacute;p c&aacute;c em sống khoẻ v&agrave; sống tốt hơn.</span></span></span></span></span></span></p>\r\n\r\n<p style="margin-left:0cm; margin-right:0cm; text-align:justify"><span style="font-size:11pt"><span style="background-color:white"><span style="font-family:Calibri,sans-serif">&nbsp;</span></span></span></p>\r\n\r\n<p style="margin-left:0cm; margin-right:0cm"><span style="font-size:11pt"><span style="background-color:white"><span style="font-family:Calibri,sans-serif"><strong><span style="font-size:13.5pt"><span style="font-family:&quot;Times New Roman&quot;,&quot;serif&quot;"><span style="color:blue">PHƯƠNG PH&Aacute;P CỦA CHƯƠNG TR&Igrave;NH:</span></span></span></strong></span></span></span></p>\r\n\r\n<p style="margin-left:0cm; margin-right:0cm; text-align:justify"><span style="font-size:11pt"><span style="background-color:white"><span style="font-family:Calibri,sans-serif"><strong><span style="font-size:12.0pt"><span style="font-family:&quot;Times New Roman&quot;,&quot;serif&quot;"><span style="color:blue">Phương ph&aacute;p học đọc đa cấp độ</span></span></span></strong><span style="font-size:13.5pt"><span style="font-family:&quot;Times New Roman&quot;,&quot;serif&quot;"><span style="color:#333333">: Mỗi buổi học b&eacute; được học một nội dung/ chủ đề hấp dẫn v&agrave; ph&ugrave; hợp với độ tuổi v&agrave; tr&igrave;nh độ của b&eacute;. Đ&acirc;y l&agrave; nội dung được c&aacute;c chuy&ecirc;n gia nước ngo&agrave;i v&agrave; trong nước bi&ecirc;n soạn d&agrave;nh ri&ecirc;ng cho chương tr&igrave;nh&nbsp;</span></span></span><strong><span style="font-size:13.5pt"><span style="font-family:&quot;Times New Roman&quot;,&quot;serif&quot;"><span style="color:#548dd4">Avits </span></span></span></strong><strong><span style="font-size:12.0pt"><span style="font-family:&quot;Times New Roman&quot;,&quot;serif&quot;"><span style="color:#548dd4">Smart Reading</span></span></span></strong>&nbsp;<span style="font-size:13.5pt"><span style="font-family:&quot;Times New Roman&quot;,&quot;serif&quot;"><span style="color:#333333">với c&aacute;c chủ đề rất đa dạng, với nhiều cấp độ kh&aacute;c nhau như: thế giới quanh em, kh&aacute;m ph&aacute; bản th&acirc;n, gi&aacute;o dục t&igrave;nh cảm gia đ&igrave;nh, bạn b&egrave;, gi&aacute;o dục gi&aacute; trị sống, c&aacute;c hiện tượng thi&ecirc;n nhi&ecirc;n v&agrave; c&aacute;c t&aacute;c phẩm văn học nổi tiếng cho mọi lứa tuổi,&hellip;</span></span></span></span></span></span></p>\r\n\r\n<p style="margin-left:0cm; margin-right:0cm; text-align:justify"><span style="font-size:11pt"><span style="background-color:white"><span style="font-family:Calibri,sans-serif"><strong><span style="font-size:13.5pt"><span style="font-family:&quot;Times New Roman&quot;,&quot;serif&quot;"><span style="color:#333333">Phương ph&aacute;p học đọc đa gi&aacute;c quan</span></span></span></strong><span style="font-size:13.5pt"><span style="font-family:&quot;Times New Roman&quot;,&quot;serif&quot;"><span style="color:#333333">: Với mỗi chủ đề b&eacute; đều được tiếp cận th&ocirc;ng qua c&aacute;c gi&aacute;c quan như: nghe, nh&igrave;n, sờ, tưởng tượng, đọc, nhập vai,&hellip;với c&aacute;c hoạt động phong ph&uacute; như: đố vui, đ&oacute;ng kịch, kể chuyện, xem phim, b&igrave;nh luận, thảo luận nh&oacute;m, chơi tr&ograve; chơi tương t&aacute;c, vận động cơ thể theo ng&ocirc;n ngữ, diễn đạt ng&ocirc;n ngữ bằng c&aacute;c h&agrave;nh động phi ng&ocirc;n ngữ.</span></span></span></span></span></span></p>\r\n\r\n<p style="margin-left:0cm; margin-right:0cm; text-align:justify"><span style="font-size:11pt"><span style="background-color:white"><span style="font-family:Calibri,sans-serif"><span style="font-size:13.5pt"><span style="font-family:&quot;Times New Roman&quot;,&quot;serif&quot;"><span style="color:#333333">Ph&aacute;t triển Kỹ năng tư duy: Mỗi buổi b&eacute; được giới thiệu v&agrave; r&egrave;n luyện một hoặc một số kỹ năng tư duy nhất định. Chẳng hạn như:</span></span></span></span></span></span></p>\r\n\r\n<p style="margin-left:0cm; margin-right:0cm; text-align:justify"><span style="font-size:11pt"><span style="background-color:white"><span style="font-family:Calibri,sans-serif"><span style="font-size:13.5pt"><span style="font-family:&quot;Times New Roman&quot;,&quot;serif&quot;"><span style="color:#333333">-&nbsp;&nbsp;T&oacute;m tắt th&ocirc;ng tin &ndash; dưới dạng sơ đồ tư duy</span></span></span></span></span></span></p>\r\n\r\n<p style="margin-left:0cm; margin-right:0cm; text-align:justify"><span style="font-size:11pt"><span style="background-color:white"><span style="font-family:Calibri,sans-serif"><span style="font-size:13.5pt"><span style="font-family:&quot;Times New Roman&quot;,&quot;serif&quot;"><span style="color:#333333">-&nbsp;&nbsp;Ghi nhớ v&agrave; diễn đạt</span></span></span></span></span></span></p>\r\n\r\n<p style="margin-left:0cm; margin-right:0cm; text-align:justify"><span style="font-size:11pt"><span style="background-color:white"><span style="font-family:Calibri,sans-serif"><span style="font-size:13.5pt"><span style="font-family:&quot;Times New Roman&quot;,&quot;serif&quot;"><span style="color:#333333">-&nbsp;&nbsp;Kh&aacute;i qu&aacute;t v&agrave; tổng kết</span></span></span></span></span></span></p>\r\n\r\n<p style="margin-left:0cm; margin-right:0cm; text-align:justify"><span style="font-size:11pt"><span style="background-color:white"><span style="font-family:Calibri,sans-serif"><span style="font-size:13.5pt"><span style="font-family:&quot;Times New Roman&quot;,&quot;serif&quot;"><span style="color:#333333">-&nbsp;&nbsp;Kỹ năng suy luận v&agrave; tư duy</span></span></span></span></span></span></p>\r\n\r\n<p style="margin-left:0cm; margin-right:0cm; text-align:justify"><span style="font-size:11pt"><span style="background-color:white"><span style="font-family:Calibri,sans-serif"><span style="font-size:13.5pt"><span style="font-family:&quot;Times New Roman&quot;,&quot;serif&quot;"><span style="color:#333333">-&nbsp;&nbsp;Kỹ năng ph&aacute;n đo&aacute;n</span></span></span></span></span></span></p>\r\n\r\n<p style="margin-left:0cm; margin-right:0cm; text-align:justify"><span style="font-size:11pt"><span style="background-color:white"><span style="font-family:Calibri,sans-serif"><span style="font-size:13.5pt"><span style="font-family:&quot;Times New Roman&quot;,&quot;serif&quot;"><span style="color:#333333">-&nbsp;&nbsp;Kỹ năng ph&acirc;n t&iacute;ch nh&acirc;n vật v&agrave; ph&acirc;n t&iacute;ch bối cảnh</span></span></span></span></span></span></p>\r\n\r\n<p style="margin-left:0cm; margin-right:0cm; text-align:justify"><span style="font-size:11pt"><span style="background-color:white"><span style="font-family:Calibri,sans-serif"><span style="font-size:13.5pt"><span style="font-family:&quot;Times New Roman&quot;,&quot;serif&quot;"><span style="color:#333333">-&nbsp;&nbsp;Đưa ra giải ph&aacute;p cho một vấn đề</span></span></span></span></span></span></p>\r\n\r\n<p style="margin-left:0cm; margin-right:0cm; text-align:justify"><span style="font-size:11pt"><span style="background-color:white"><span style="font-family:Calibri,sans-serif"><span style="font-size:13.5pt"><span style="font-family:&quot;Times New Roman&quot;,&quot;serif&quot;"><span style="color:#333333">-&nbsp;&nbsp;Li&ecirc;n tưởng v&agrave; &aacute;p dụng</span></span></span></span></span></span></p>\r\n\r\n<p style="margin-left:0cm; margin-right:0cm; text-align:justify"><span style="font-size:11pt"><span style="background-color:white"><span style="font-family:Calibri,sans-serif"><span style="font-size:13.5pt"><span style="font-family:&quot;Times New Roman&quot;,&quot;serif&quot;"><span style="color:#333333">-&nbsp;&nbsp;Tưởng tượng v&agrave; s&aacute;ng tạo</span></span></span></span></span></span></p>\r\n\r\n<p style="margin-left:0cm; margin-right:0cm; text-align:justify"><span style="font-size:11pt"><span style="background-color:white"><span style="font-family:Calibri,sans-serif">&nbsp;</span></span></span></p>\r\n\r\n<p style="margin-left:0cm; margin-right:0cm; text-align:justify"><span style="font-size:11pt"><span style="background-color:white"><span style="font-family:Calibri,sans-serif"><span style="font-size:13.5pt"><span style="font-family:&quot;Times New Roman&quot;,&quot;serif&quot;"><span style="color:#333333">Từ vựng: Mỗi buổi sẽ cung cấp cho b&eacute; một lượng từ vựng mới nhất định tuỳ thuộc v&agrave;o từng cấp độ, gi&uacute;p b&eacute; bổ sung vốn từ th&ecirc;m phong ph&uacute;.</span></span></span></span></span></span></p>\r\n\r\n<p style="margin-left:0cm; margin-right:0cm; text-align:justify"><span style="font-size:11pt"><span style="background-color:white"><span style="font-family:Calibri,sans-serif"><span style="font-size:13.5pt"><span style="font-family:&quot;Times New Roman&quot;,&quot;serif&quot;"><span style="color:#333333">B&aacute;o c&aacute;o h&agrave;ng ng&agrave;y: Sau từng buổi học, phụ huynh đều nhận được th&ocirc;ng tin&nbsp; về những g&igrave; m&agrave; b&eacute; được học trong buổi học đ&oacute;, c&ugrave;ng với giới &yacute; về b&agrave;i tập gi&uacute;p b&eacute; r&egrave;n luyện tại nh&agrave;.</span></span></span></span></span></span></p>\r\n\r\n<h2 style="margin-left:0cm; margin-right:0cm">&nbsp;</h2>\r\n\r\n<h2 style="margin-left:0cm; margin-right:0cm"><span style="font-size:18pt"><span style="background-color:white"><span style="font-family:&quot;Times New Roman&quot;,serif"><strong><span style="font-size:12.0pt"><span style="color:black">CHƯƠNG TR&Igrave;NH TIỀN TIỂU HỌC : (D&agrave;nh cho trẻ từ 4-6 tuổi)</span></span></strong></span></span></span></h2>\r\n\r\n<h2 style="margin-left:0cm; margin-right:0cm"><span style="font-size:18pt"><span style="background-color:white"><span style="font-family:&quot;Times New Roman&quot;,serif"><strong><span style="font-size:12.0pt"><span style="color:#333333">AVITS&nbsp;</span></span><span style="font-size:12.0pt"><span style="color:black">SMART READING - FOR PRE -SCHOOL</span></span></strong></span></span></span></h2>\r\n\r\n<p style="margin-left:0cm; margin-right:0cm; text-align:justify"><span style="font-size:12pt"><span style="background-color:white"><span style="font-family:&quot;Times New Roman&quot;,serif"><span style="color:#333333">Chương tr&igrave;nh d&agrave;nh cho c&aacute;c b&eacute; từ 4 tuổi đến 6 tuổi. Ở mỗi cấp độ sẽ c&oacute; nội dung chương tr&igrave;nh học ph&ugrave; hợp với tr&igrave;nh độ của học sinh.</span></span></span></span></p>\r\n\r\n<p style="margin-left:0cm; margin-right:0cm; text-align:justify"><span style="font-size:12pt"><span style="background-color:white"><span style="font-family:&quot;Times New Roman&quot;,serif"><span style="color:#333333">Khi ghi danh, c&aacute;c em sẽ được l&agrave;m b&agrave;i kiểm đầu v&agrave;o để đ&aacute;nh gi&aacute; tr&igrave;nh độ. Với c&aacute;c b&eacute; từ 4-6 tuổi, đội ngũ chuy&ecirc;n gia ng&ocirc;n của American Skills sẽ ph&acirc;n t&iacute;ch giọng n&oacute;i để c&oacute; biện ph&aacute;p điều chỉnh ph&aacute;t &acirc;m kịp thời cho b&eacute;.&nbsp;</span></span></span></span></p>\r\n\r\n<p style="margin-left:0cm; margin-right:0cm; text-align:justify"><span style="font-size:12pt"><span style="background-color:white"><span style="font-family:&quot;Times New Roman&quot;,serif"><span style="color:#333333">Smart Reading Skills For Pre -School với 2cấp độ&nbsp;sau:&nbsp;</span></span></span></span></p>\r\n\r\n<p style="margin-left:0cm; margin-right:0cm; text-align:justify"><span style="font-size:12pt"><span style="background-color:white"><span style="font-family:&quot;Times New Roman&quot;,serif"><strong><span style="color:#333333">Cấp độ Starter &ndash; l&agrave;m quen:</span></strong></span></span></span></p>\r\n\r\n<p style="margin-left:0cm; margin-right:0cm; text-align:justify"><br />\r\n<span style="font-size:12pt"><span style="background-color:white"><span style="font-family:&quot;Times New Roman&quot;,serif"><span style="color:#333333">L&agrave; c&aacute;c b&eacute; từ 4-5 tuổi mới l&agrave;m quen với chữ c&aacute;i, b&eacute; n&oacute;i v&agrave; biết diễn đạt bằng ng&ocirc;n ngữ ở mức trung b&igrave;nh.</span></span></span></span></p>\r\n\r\n<p style="margin-left:0cm; margin-right:0cm; text-align:justify"><span style="font-size:12pt"><span style="background-color:white"><span style="font-family:&quot;Times New Roman&quot;,serif"><span style="color:#333333">Qua chương tr&igrave;nh n&agrave;y b&eacute; sẽ được l&agrave;m quen với c&aacute;c chữ c&aacute;i, biết đọc c&aacute;c từ đơn giản c&oacute; 2 hoặc 3 &acirc;m tiết. Biết sử dụng c&aacute;c từ đ&atilde; học v&agrave;o việc đặt c&acirc;u v&agrave; sử dụng từ trong giao tiếp.</span></span></span></span></p>\r\n\r\n<p style="margin-left:0cm; margin-right:0cm; text-align:justify"><span style="font-size:12pt"><span style="background-color:white"><span style="font-family:&quot;Times New Roman&quot;,serif"><span style="color:#333333">Ngo&agrave;i ra chương tr&igrave;nh c&ograve;n gi&uacute;p luyện ph&aacute;t &acirc;m chuẩn cho b&eacute; ngay từ đầu v&agrave; bổ sung, l&agrave;m phong ph&uacute; th&ecirc;m kho vốn từ của b&eacute;. B&eacute; được mở rộng c&aacute;c kiến thức về cuộc sống xung quanh, về văn ho&aacute;, x&atilde; hội, gi&aacute; trị sống th&ocirc;ng qua c&aacute;c c&acirc;u chuyện hấp dẫn v&agrave; mang &yacute; nghĩa gi&aacute;o dục cao.</span></span></span></span></p>\r\n\r\n<p style="margin-left:0cm; margin-right:0cm; text-align:justify"><span style="font-size:12pt"><span style="background-color:white"><span style="font-family:&quot;Times New Roman&quot;,serif"><strong><span style="color:#333333">Cấp độ </span></strong><strong><span style="color:black">Kindergarten</span><strong><span style="color:#333333"> (K): &ndash; Luyện đọc v&agrave; đọc một c&aacute;ch tr&ocirc;i chảy</span></strong></strong></span></span></span></p>\r\n\r\n<p style="margin-left:0cm; margin-right:0cm; text-align:justify"><span style="font-size:12pt"><span style="background-color:white"><span style="font-family:&quot;Times New Roman&quot;,serif"><span style="color:#333333">L&agrave; c&aacute;c b&eacute; từ 5-6 tuổi, đ&atilde; trải qua kho&aacute; học Starter hoặc đ&atilde; nhớ bảng chứ c&aacute;i tiếng Việt v&agrave; biết tự đ&aacute;nh vần một số từ đơn giản. Khả năng diễn đạt bằng ng&ocirc;n ngữ của b&eacute; kh&aacute; tốt.</span></span></span></span></p>\r\n\r\n<p style="margin-left:0cm; margin-right:0cm; text-align:justify"><span style="font-size:12pt"><span style="background-color:white"><span style="font-family:&quot;Times New Roman&quot;,serif"><span style="color:#333333">Qua chương tr&igrave;nh b&eacute; được mở rộng th&ecirc;m vốn từ vựng; từ việc biết c&aacute;ch đ&aacute;nh vần b&eacute; đ&atilde; c&oacute; thể đọc trơn; b&eacute; c&oacute; thể đọc được c&aacute;c mẩu chuyện ngắn v&agrave; tự t&oacute;m tắt được cốt chuyện.</span></span></span></span></p>\r\n\r\n<p style="margin-left:0cm; margin-right:0cm; text-align:justify"><span style="font-size:12pt"><span style="background-color:white"><span style="font-family:&quot;Times New Roman&quot;,serif"><span style="color:#333333">B&eacute; sẽ được n&acirc;ng cao tr&igrave;nh độ cũng như khả năng ứng dụng ng&ocirc;n ngữ một c&aacute;ch linh hoạt v&agrave; đa dạng.</span></span></span></span></p>\r\n\r\n<p style="margin-left:0cm; margin-right:0cm; text-align:justify"><span style="font-size:12pt"><span style="background-color:white"><span style="font-family:&quot;Times New Roman&quot;,serif"><span style="color:#333333">B&ecirc;n cạnh đ&oacute; khả năng tư duy, suy luận logic, quan s&aacute;t, ph&aacute;n đo&aacute;n v&agrave; đưa ra quyết định của b&eacute; cũng được cải thiện một c&aacute;ch đ&aacute;ng kể.</span></span></span></span></p>\r\n\r\n<p style="margin-left:0cm; margin-right:0cm; text-align:justify"><span style="font-size:12pt"><span style="background-color:white"><span style="font-family:&quot;Times New Roman&quot;,serif"><span style="color:#333333">Đ&acirc;y l&agrave; tiền đề gi&uacute;p c&aacute;c b&eacute; tiếp cận được với c&aacute;c m&ocirc;n học kh&aacute;c một c&aacute;ch dễ dạng như: To&aacute;n học, kể chuyện, ca h&aacute;t, kh&aacute;m ph&aacute; khoa học th&ocirc;ng qua c&aacute;c c&acirc;u chuyện l&yacute; th&uacute;. Vốn hiểu biết về x&atilde; hội của b&eacute; c&agrave;ng được mở rộng.</span></span></span></span></p>\r\n\r\n<h2 style="margin-left:0cm; margin-right:0cm"><span style="font-size:18pt"><span style="background-color:white"><span style="font-family:&quot;Times New Roman&quot;,serif"><strong><span style="font-size:12.0pt"><span style="color:black">CHƯƠNG TR&Igrave;NH TIỂU HỌC : </span></span></strong></span></span></span></h2>\r\n\r\n<h2 style="margin-left:0cm; margin-right:0cm"><span style="font-size:18pt"><span style="background-color:white"><span style="font-family:&quot;Times New Roman&quot;,serif"><strong><span style="font-size:12.0pt"><span style="color:#333333">AVITS&nbsp;</span></span><span style="font-size:12.0pt"><span style="color:black">SMART READING &nbsp;</span></span><span style="font-size:11.0pt"><span style="color:black">- FOR PRIMARY SCHOOL :</span></span></strong></span></span></span></h2>\r\n\r\n<p style="margin-left:36pt; margin-right:0cm"><span style="font-size:12pt"><span style="font-family:Calibri,sans-serif"><strong>Cấp độ </strong><strong><span style="font-family:&quot;Times New Roman&quot;,&quot;serif&quot;"><span style="color:black">Starter School (SC) </span></span></strong><strong>- Kho&aacute; học đặc biệt</strong></span></span></p>\r\n\r\n<p style="margin-left:36pt; margin-right:0cm">&nbsp;</p>\r\n\r\n<p style="margin-left:36pt; margin-right:0cm"><span style="font-size:12pt"><span style="font-family:Calibri,sans-serif">D&agrave;nh cho c&aacute;c b&eacute; từ 6-8 tuổi đ&atilde; biết đọc v&agrave; viết nhưng gặp kh&oacute; khăn về ng&ocirc;n ngữ, diễn đạt, ghi nhớ,&hellip;</span></span></p>\r\n\r\n<p style="margin-left:36pt; margin-right:0cm"><span style="font-size:12pt"><span style="font-family:Calibri,sans-serif">Chương tr&igrave;nh sẽ gi&uacute;p b&eacute; củng cố lại c&aacute;c kiến thức cơ bản về đọc như: cấu tạo từ, cấu tạo c&acirc;u, đoạn văn,&hellip;</span></span></p>\r\n\r\n<p style="margin-left:36pt; margin-right:0cm"><span style="font-size:12pt"><span style="font-family:Calibri,sans-serif">Gi&uacute;p b&eacute; biết &aacute;p dụng tư duy s&aacute;ng tạo v&agrave;o việc đọc v&agrave; ph&aacute; vỡ mọi trở ngại trước đ&acirc;y của b&eacute; về vấn đề ng&ocirc;n ngữ v&agrave; diễn đạt ng&ocirc;n ngữ.</span></span></p>\r\n\r\n<p style="margin-left:0cm; margin-right:0cm; text-align:justify"><span style="font-size:11pt"><span style="background-color:white"><span style="font-family:Calibri,sans-serif">Gi&uacute;p b&eacute; th&ecirc;m tự tin trong cuộc sống v&agrave; tiến bộ trong học tập cũng như th&agrave;nh c&ocirc;ng trong tương lai</span></span></span></p>\r\n\r\n<p style="margin-left:0cm; margin-right:0cm; text-align:justify">&nbsp;</p>\r\n\r\n<p style="margin-left:0cm; margin-right:0cm"><span style="font-size:11pt"><span style="font-family:Calibri,sans-serif"><strong>Chương tr&igrave;nh n&acirc;ng cao gồm c&aacute;c cấp độ:</strong></span></span></p>\r\n\r\n<p style="margin-left:0cm; margin-right:0cm"><span style="font-size:11pt"><span style="font-family:Calibri,sans-serif"><strong>Level 1 &ndash; Level 2 &ndash; Level 3 &ndash; Level 4 &ndash; Level 5</strong></span></span></p>\r\n\r\n<p style="margin-left:36pt; margin-right:0cm"><span style="font-size:12pt"><span style="font-family:Calibri,sans-serif">B&eacute; đ&atilde; chuyển từ giai đoạn học đọc sang giai đọan biết sử dụng ng&ocirc;n ngữ như một c&ocirc;ng cụ diễn đạt v&agrave; t&igrave;m kiếm th&ocirc;ng tin.</span></span></p>\r\n\r\n<p style="margin-left:36pt; margin-right:0cm"><span style="font-size:12pt"><span style="font-family:Calibri,sans-serif">Ở c&aacute;c cấp độ n&agrave;y c&aacute;c em sẽ được hướng dẫn c&aacute;ch vận dụng tư duy tổng hợp để nắm bắt, ph&acirc;n t&iacute;ch v&agrave; giải quyết c&aacute;c vấn đề ng&ocirc;n ngữ. </span></span></p>\r\n\r\n<p style="margin-left:0cm; margin-right:0cm; text-align:justify"><span style="font-size:11pt"><span style="background-color:white"><span style="font-family:Calibri,sans-serif">Th&ocirc;ng qua học đọc b&eacute; biết &aacute;p dụng ng&ocirc;n ngữ v&agrave;o c&aacute;c ngữ cảnh kh&aacute;c nhau một c&aacute;ch c&oacute; chủ đ&iacute;ch v&agrave; mang lại hiệu quả cao.</span></span></span></p>\r\n\r\n<p style="margin-left:0cm; margin-right:0cm; text-align:justify"><span style="font-size:11pt"><span style="background-color:white"><span style="font-family:Calibri,sans-serif">Chương tr&igrave;nh c&oacute; phối kết hợp SKG của Bộ gi&aacute;o dục đ&agrave;o tạo Việt nam.</span></span></span></p>\r\n', '', '', '', '', '', 0, 'avits-smart-reading', 'AVITS SMART READING', '', '');
INSERT INTO `news_languages` (`id`, `news_id`, `languages_code`, `lang_news_name`, `lang_news_des`, `lang_news_content`, `lang_news_sub_info1`, `lang_news_sub_info2`, `lang_news_sub_info3`, `lang_news_sub_info4`, `lang_news_sub_info5`, `edit_state`, `friendly_url`, `title_seo`, `des_seo`, `keyword`) VALUES
(207, 104, 'vn', 'AVITS SOCIAL SKILLS', 'RÈN LUYỆN KỸ NĂNG XÃ HỘI GIÚP BÉ HOÀN THIỆN BẢN THÂN, TỰ TIN VÀ THÀNH CÔNG( Dành cho bé từ 4-12 tuổi)', '<p style="margin-left:0cm; margin-right:0cm"><span style="font-size:12pt"><span style="font-family:Calibri,sans-serif">Chương tr&igrave;nh <strong><span style="color:#548dd4">Avits Socail Skills</span></strong> của American Skills l&agrave; <strong><em>Chương tr&igrave;nh đ&agrave;o tạo kỹ năng x&atilde; hội</em></strong> d&agrave;i hạn đầu ti&ecirc;n tại Việt Nam d&agrave;nh cho c&aacute;c b&eacute; Mầm Non v&agrave; Tiểu học.&nbsp; Với gi&aacute;o tr&igrave;nh được đ&aacute;nh gi&aacute; l&agrave; Gi&aacute;o tr&igrave;nh Đ&agrave;o tạo kỹ năng x&atilde; hội ti&ecirc;n tiến nhất của Mỹ v&agrave; đ&atilde; được c&aacute;c chuy&ecirc;n gia về t&acirc;m l&yacute; học trẻ em của Việt Nam điều chỉnh cho ph&ugrave; hợp với trẻ em Việt Nam. American Skills mong muốn <strong><span style="color:#548dd4">Avits Socail Skills</span></strong> sẽ l&agrave; nền m&oacute;ng vững chắc cho c&aacute;c em x&acirc;y dựng ng&ocirc;i nh&agrave; tương lai của m&igrave;nh.</span></span></p>\r\n\r\n<p style="margin-left:0cm; margin-right:0cm">&nbsp;</p>\r\n\r\n<p style="margin-left:0cm; margin-right:0cm"><span style="font-size:12pt"><span style="font-family:Calibri,sans-serif"><strong>TẦM QUAN TRỌNG CỦA KỸ NĂNG X&Atilde; HỘI ĐỐI VỚI TRẺ:</strong></span></span></p>\r\n\r\n<p style="margin-left:0cm; margin-right:0cm">&nbsp;</p>\r\n\r\n<p style="margin-left:0cm; margin-right:0cm; text-align:justify"><span style="font-size:12pt"><span style="font-family:Calibri,sans-serif"><span style="color:#3b3b3b">L&agrave; những bậc l&agrave;m cha l&agrave;m mẹ, ai cũng mong mỏi con c&aacute;i m&igrave;nh sẽ được ph&aacute;t triển thật c&acirc;n bằng, h&agrave;i h&ograve;a cả về kiến thức văn ho&aacute; lần x&atilde; hội. Những tưởng khi kinh tế ph&aacute;t triển hơn, x&atilde; hội dư thừa vật chất hơn th&igrave; kh&ocirc;ng kh&oacute; để đạt được điều đ&oacute;; nhưng thực tế lại như đang chứng minh điều ngược lại.</span></span></span></p>\r\n\r\n<p style="margin-left:0cm; margin-right:0cm; text-align:justify"><span style="font-size:12pt"><span style="font-family:Calibri,sans-serif"><span style="color:#3b3b3b">&Aacute;p lực học tập ng&agrave;y c&agrave;ng căng thẳng khiến c&aacute;c em phải d&agrave;nh phần lớn tuổi thơ để vật lộn c&ugrave;ng b&agrave;i vở m&agrave; &iacute;t c&oacute; thời gian để kh&aacute;m ph&aacute; bản th&acirc;n, kh&aacute;m ph&aacute; thế giới xung quanh v&agrave; trải nghiệm cuộc sống như đ&uacute;ng nghĩa của n&oacute;. Trong khi đ&oacute;, nhiều bậc cha mẹ chỉ c&oacute; thể lo cho con được đủ đầy về c&aacute;i ăn c&aacute;i mặc, c&ograve;n những g&igrave; quan trọng hơn như tr&iacute; tuệ, t&acirc;m hồn, t&igrave;nh cảm, kỹ năng x&atilde; hội,&hellip; th&igrave; dẫu rất muốn cũng kh&oacute; l&ograve;ng chăm ch&uacute;t nổi. V&agrave; rồi, kh&ocirc;ng &iacute;t c&aacute;c em lớn l&ecirc;n trong trạng th&aacute;i &ldquo;đỏ vỏ xanh l&ograve;ng&rdquo;: năng lực tr&iacute; tuệ chưa chắc tương đồng với kết quả học tập ở trường; sự th&agrave;nh c&ocirc;ng ở trường lớp chưa chắc đảm bảo cho sự th&agrave;nh c&ocirc;ng khi ra ngo&agrave;i x&atilde; hội; v&agrave; sự th&ocirc;ng minh về tr&iacute; tuệ chưa chắc tương đồng với sự nhạy b&eacute;n về cảm x&uacute;c, t&acirc;m hồn&hellip;</span></span></span></p>\r\n\r\n<p style="margin-left:0cm; margin-right:0cm; text-align:justify"><span style="font-size:12pt"><span style="font-family:Calibri,sans-serif"><span style="color:#3b3b3b">V&igrave; vậy, American Skills đ&atilde; ph&aacute;t triển chương tr&igrave;nh Social Skills nhằm mang đến cho trẻ em sự ph&aacute;t triển to&agrave;n diễn kể cả về thể chất v&agrave; t&acirc;m hồn, cả về kiến thức văn ho&aacute; lẫn x&atilde; hội.</span></span></span></p>\r\n\r\n<p style="margin-left:0cm; margin-right:0cm; text-align:justify">&nbsp;</p>\r\n\r\n<p style="margin-left:0cm; margin-right:0cm"><span style="font-size:12pt"><span style="font-family:Calibri,sans-serif"><strong>NHỮNG LỢI &Iacute;CH B&Eacute; ĐẠT ĐƯỢC SAU KHO&Aacute; HỌC/ MỤC TI&Ecirc;U CỦA CHƯƠNG TR&Igrave;NH:</strong></span></span></p>\r\n\r\n<p style="margin-left:0cm; margin-right:0cm"><span style="font-size:12pt"><span style="font-family:Calibri,sans-serif">- L&agrave;m thế n&agrave;o để trẻ c&oacute; thể t&igrave;m được chỗ đứng cho m&igrave;nh ở tr&ecirc;n lớp cũng như ở ngo&agrave;i x&atilde; hội: khi trẻ bị tẩy chay, hay bị c&ocirc; lập,&hellip;</span></span></p>\r\n\r\n<p style="margin-left:0cm; margin-right:0cm"><span style="font-size:12pt"><span style="font-family:Calibri,sans-serif">- Cải thiệt những th&oacute;i quen xấu, gi&uacute;p trẻ biết c&aacute;ch cư xử đ&uacute;ng mực với bạn b&egrave;, thầy c&ocirc; v&agrave; những người xung quanh: th&ocirc; lỗ, v&ocirc; lễ, ki&ecirc;u ngạo, kh&ocirc;ng l&agrave;m những h&agrave;nh động kỳ quặc, ngốc nghếch, kh&ocirc;ng ph&ugrave; hợp,&hellip;</span></span></p>\r\n\r\n<p style="margin-left:0cm; margin-right:0cm"><span style="font-size:12pt"><span style="font-family:Calibri,sans-serif">- Biết t&igrave;m tới sự trợ gi&uacute;p của bạn b&egrave;, thầy c&ocirc;, v&agrave; những người xung quanh khi cần.</span></span></p>\r\n\r\n<p style="margin-left:0cm; margin-right:0cm"><span style="font-size:12pt"><span style="font-family:Calibri,sans-serif">- X&acirc;y dựng t&igrave;nh cảm bạn b&egrave;, người th&acirc;n: biết chia sẻ, cảm th&ocirc;ng, nhận lỗi v&agrave; tha lỗi cho người kh&aacute;c, gi&uacute;p đỡ người kh&aacute;c, động vi&ecirc;n v&agrave; hỗ trợ kịp thời khi bạn cần,&hellip;</span></span></p>\r\n\r\n<p style="margin-left:0cm; margin-right:0cm"><span style="font-size:12pt"><span style="font-family:Calibri,sans-serif">- Gi&uacute;p c&aacute;c em c&oacute; c&aacute;ch ứng xử b&igrave;nh tĩnh, nh&atilde; nhặn trong những t&igrave;nh hu&ocirc;́ng kh&oacute; chịu. (Chẳng hạn như bị bạn tr&ecirc;u chọc, cảm th&acirc;́y c&ocirc; đơn khi b&ocirc;́ mẹ sinh em b&eacute;, sợ h&atilde;i khi phải đi học...).</span></span></p>\r\n\r\n<p style="margin-left:0cm; margin-right:0cm"><span style="font-size:12pt"><span style="font-family:Calibri,sans-serif">- Gi&uacute;p c&aacute;c em trở th&agrave;nh người nhạy b&eacute;n, giao ti&ecirc;́p t&ocirc;́t, bi&ecirc;́t quan t&acirc;m, bi&ecirc;́t sẻ chia. Hiểu được cảm x&uacute;c của m&igrave;nh v&agrave; đọc được cảm x&uacute;c của người kh&aacute;c.</span></span></p>\r\n\r\n<p style="margin-left:0cm; margin-right:0cm"><span style="font-size:12pt"><span style="font-family:Calibri,sans-serif">- Gi&uacute;p c&aacute;c em vượt qua được những thời khắc kh&oacute; khăn m&agrave; c&aacute;c em gặp phải như: lỗi thất vọng, sự mất m&aacute;t, cạnh tranh với bạn b&egrave;, kh&aacute;t khao chiến thắng,&hellip;</span></span></p>\r\n\r\n<p style="margin-left:0cm; margin-right:0cm"><span style="font-size:12pt"><span style="font-family:Calibri,sans-serif">- Gi&uacute;p c&aacute;c em h&ograve;a nhập v&agrave;o một m&ocirc;i trường mới một c&aacute;ch tự tin, h&ograve;a đ&ocirc;̀ng. </span></span></p>\r\n\r\n<p style="margin-left:0cm; margin-right:0cm"><span style="font-size:12pt"><span style="font-family:Calibri,sans-serif">- Gi&uacute;p c&aacute;c em học tập t&ocirc;́t hơn v&agrave; h&ograve;a nhập với bạn b&egrave; t&ocirc;́t hơn khi ở trường, x&acirc;y dựng được mối quan hệ tốt với người th&acirc;n v&agrave; th&agrave;nh c&ocirc;ng hơn trong cuộc sống sau n&agrave;y.</span></span></p>\r\n\r\n<p style="margin-left:0cm; margin-right:0cm">&nbsp;</p>\r\n\r\n<p style="margin-left:0cm; margin-right:0cm">&nbsp;</p>\r\n\r\n<p style="margin-left:0cm; margin-right:0cm"><span style="font-size:12pt"><span style="font-family:Calibri,sans-serif">NỘI DUNG CHƯƠNG TR&Igrave;NH:</span></span></p>\r\n\r\n<p style="margin-left:0cm; margin-right:0cm">&nbsp;</p>\r\n\r\n<p style="margin-left:0cm; margin-right:0cm"><span style="font-size:12pt"><span style="font-family:Calibri,sans-serif">Qua những nghi&ecirc;n cứu, c&aacute;c chuy&ecirc;n gia cho rằng bắt đầu từ nhỏ, khi bộ n&atilde;o vẫn c&ograve;n đang trong giai đoạn h&igrave;nh th&agrave;nh, lu&ocirc;n l&agrave; thời điểm tốt nhất để dạy c&aacute;c kỹ năng x&atilde; hội, h&agrave;nh vi v&agrave; cảm x&uacute;c mới cho trẻ. Bắt đầu tại thời điểm n&agrave;y th&igrave; khả năng th&agrave;nh c&ocirc;ng sẽ cao hơn gấp nhiều lần so với c&aacute;c thời kỳ sau đ&oacute;. Độ tuổi 0-6 tuổi được xem l&agrave; thời điểm v&agrave;ng cho sự tạo dựng v&agrave; ph&aacute;t triển kỹ năng x&atilde; hội cần thiết cho trẻ.</span></span></p>\r\n\r\n<p style="margin-left:0cm; margin-right:0cm">&nbsp;</p>\r\n\r\n<p style="margin-left:0cm; margin-right:0cm"><span style="font-size:12pt"><span style="font-family:Calibri,sans-serif">Khi c&aacute;c em bắt đầu bước v&agrave;o Tiểu học, như mở ra cho c&aacute;c em m&ocirc;t thế giơi mới rộng lớn v&agrave; nhiều thử th&aacute;ch hơn. Đ&acirc;y l&agrave; thời gian để b&eacute; tạo dựng mối quan hệ bạn b&egrave; thực sự v&agrave; l&agrave; m&ocirc;i trường để trẻ t&igrave;m thấy &ldquo; Người bạn tốt nhất&rdquo; v&agrave; một nh&oacute;m bạn &ldquo; đồng đẳng đồng t&iacute;nh&rdquo; m&agrave; sẽ đi một chặng đường d&agrave;i hướng tới việc th&uacute;c đẩy qu&aacute; tr&igrave;nh h&igrave;nh th&agrave;nh t&iacute;nh c&aacute;ch ri&ecirc;ng của trẻ. Nếu tạo dựng được mối quan hệ bạn b&egrave; tốt ở trường sẽ g&oacute;p phần gi&uacute;p b&eacute; gặt h&aacute;i được nhiều th&agrave;nh c&ocirc;ng tại m&ocirc;i trường mới n&agrave;y.</span></span></p>\r\n\r\n<p style="margin-left:0cm; margin-right:0cm">&nbsp;</p>\r\n\r\n<p style="margin-left:0cm; margin-right:0cm"><span style="font-size:12pt"><span style="font-family:Calibri,sans-serif">American Skills đ&atilde; x&acirc;y dựng hai chương tr&igrave;nh d&agrave;nh ri&ecirc;ng cho học sinh Mầm non v&agrave; Tiều học với c&aacute;c chủ đề sau:</span></span></p>\r\n\r\n<ol>\r\n	<li><span style="font-size:12pt"><span style="font-family:Calibri,sans-serif">Small Steps, Bigs Skills: L&agrave; chương tr&igrave;nh gi&uacute;p b&eacute; tự ho&agrave;n thiện bản th&acirc;n, biết tự chủ trong mọi t&igrave;nh huống v&agrave; sống tự lập. Gồm c&aacute;c chủ đề nhỏ:</span></span></li>\r\n</ol>\r\n\r\n<ul>\r\n	<li><span style="font-size:12pt"><span style="font-family:Calibri,sans-serif">Helping in the Kitchen: rửa tay, l&agrave;m b&aacute;nh, dọn b&agrave;n, pha tr&agrave;, r&oacute;t nước, l&agrave;m nước hoa quả,&hellip;</span></span></li>\r\n	<li><span style="font-size:12pt"><span style="font-family:Calibri,sans-serif">Getting Ready for the Day: Chuẩn bị t&uacute;i s&aacute;ch đi học, mang giầy, mở cửa, mang thắt lưng,&hellip;</span></span></li>\r\n	<li><span style="font-size:12pt"><span style="font-family:Calibri,sans-serif">My Clean Room: chuẩn bị v&agrave; dọn dẹp giường ngủ, dọn ph&ograve;ng, m&oacute;c quần &aacute;o, gập quần &aacute;o,&hellip;</span></span></li>\r\n	<li><span style="font-size:12pt"><span style="font-family:Calibri,sans-serif">Helping at public place: rửa tay, bưng khay, rửa khay, xếp h&agrave;ng,&hellip;</span></span></li>\r\n	<li><span style="font-size:12pt"><span style="font-family:Calibri,sans-serif">Time to Relax: tắt bật Tivi, trồng c&acirc;y, chăm s&oacute;c c&acirc;y cảnh, thư cưng,&hellip;</span></span></li>\r\n</ul>\r\n\r\n<ol start="2">\r\n	<li><span style="font-size:12pt"><span style="font-family:Calibri,sans-serif">Social Skill Development: - nh&oacute;m kỹ năng ph&aacute;t triển kỹ năng x&atilde; hội</span></span></li>\r\n</ol>\r\n\r\n<ul>\r\n	<li><span style="font-size:12pt"><span style="font-family:Calibri,sans-serif">Frienship- Thiết lập t&igrave;nh bạn</span></span></li>\r\n</ul>\r\n\r\n<p style="margin-left:36pt; margin-right:0cm"><span style="font-size:12pt"><span style="font-family:Calibri,sans-serif">T&igrave;nh bạn l&agrave; điều v&ocirc; c&ugrave;ng quan trọng v&agrave; thi&ecirc;ng li&ecirc;ng đối với tuổi thơ của mỗi người. L&agrave;m thế n&agrave;o để nhận ra một người bạn tốt v&agrave; l&agrave;m g&igrave; để trở th&agrave;nh một người bạn tốt lu&ocirc;n l&agrave; vấn đề m&agrave; trẻ gặp phải. Kh&ocirc;ng chỉ trẻ m&agrave; cả phụ huynh cũng mong muốn con c&oacute; &iacute;t nhất l&agrave; một người bạn tốt. Người bạn tốt c&oacute; những ảnh hưởng rất lớn đến trẻ v&agrave; thậm tr&iacute; c&oacute; ảnh hưởng lớn hơn cả bố mẹ của trẻ.</span></span></p>\r\n\r\n<ul>\r\n	<li><span style="font-size:12pt"><span style="font-family:Calibri,sans-serif">Meeting people and making a Conversation- Gặp gỡ mọi người v&agrave; tiến h&agrave;nh một cuộc hội thoại:</span></span></li>\r\n</ul>\r\n\r\n<p style="margin-left:36pt; margin-right:0cm"><span style="font-size:12pt"><span style="font-family:Calibri,sans-serif">Tiến h&agrave;nh một cuộc tr&ograve; chuyện giống như một điệu nhảy, đ&ograve;i hỏi một sự nhạy b&eacute;n về thời điểm v&agrave; khả năng dẫn dắt cũng như l&agrave;m theo. Nhiều trẻ em gặp kh&oacute; khăn trong&nbsp; giao tiếp v&agrave; thực hiện c&aacute;c cuộc hội thoại,. Ch&uacute;ng kh&ocirc;ng biết diễn đạt &yacute; của m&igrave;nh bằng lời v&agrave; điều n&agrave;y l&agrave;m ch&uacute;ng ngại giao tiếp hoặc xa l&aacute;nh mọi người xung quanh. Đỉnh điểm của sự ngại giao tiếp l&agrave; biểu hiện của bệnh tự kỷ.</span></span></p>\r\n\r\n<p style="margin-left:0cm; margin-right:0cm">&nbsp;</p>\r\n\r\n<ul>\r\n	<li><span style="font-size:12pt"><span style="font-family:Calibri,sans-serif">Thanks - Cảm ơn</span></span></li>\r\n</ul>\r\n\r\n<p style="margin-left:36pt; margin-right:0cm"><span style="font-size:12pt"><span style="font-family:Calibri,sans-serif">Cảm ơn một c&aacute;ch ch&acirc;n th&agrave;nh v&agrave; đ&uacute;ng l&uacute;c l&agrave; một kỹ năng x&atilde; hội quan trong trong suốt cuộc đời của mỗi con người. Cuộc sống sẽ tươi đẹp hơn nếu ta biết tr&acirc;n trọng n&oacute;. Cảm ơn cũng l&agrave; c&aacute;ch thể hiện rằng ta đang tr&acirc;n trọng những điều ch&uacute;ng ta đang c&oacute;.</span></span></p>\r\n\r\n<ul>\r\n	<li><span style="font-size:12pt"><span style="font-family:Calibri,sans-serif">Apologizing- Xin lỗi</span></span></li>\r\n</ul>\r\n\r\n<p style="margin-left:36pt; margin-right:0cm"><span style="font-size:12pt"><span style="font-family:Calibri,sans-serif">Ch&uacute;ng ta kh&ocirc;ng phải l&agrave; những người ho&agrave;n hảo. Cũng c&oacute; khi ch&uacute;ng ta mắc một lỗi g&igrave; đ&oacute;. Điều quan trong l&agrave; ta nhận ra được sai lầm v&agrave; t&igrave;m c&aacute;ch sửa chữa những sai lầm đ&oacute;. Xin lỗi cũng l&agrave; c&aacute;ch để trẻ thiết lập c&aacute;c mối quan hệ bền chặt. Nếu trẻ kh&ocirc;ng được học kỹ năng n&agrave;y từ nhỏ, c&oacute; thể sẽ l&agrave;m cho trẻ gặp kh&oacute; khăn trong nhiều mối quan hệ sau n&agrave;y.</span></span></p>\r\n\r\n<ul>\r\n	<li><span style="font-size:12pt"><span style="font-family:Calibri,sans-serif">Group Skills and Sportmanship- Kỹ năng hoạt động nh&oacute;m v&agrave; tinh thần đồng đội</span></span></li>\r\n</ul>\r\n\r\n<p style="margin-left:36pt; margin-right:0cm"><span style="font-size:12pt"><span style="font-family:Calibri,sans-serif">Đ&acirc;y l&agrave; nh&oacute;m kỹ năng đ&ograve;i hỏi sự kết hợp của rất nhiều kỹ năng kh&aacute;c nhau. Th&ocirc;ng qua chủ đề n&agrave;y trẻ gi&uacute;p trẻ hiểu được gi&aacute; trị của bản th&acirc;n v&agrave; sức mạnh của tập thể. Điều n&agrave;y hết sức quan trọng trong c&ocirc;ng việc sau n&agrave;y của trẻ.</span></span></p>\r\n\r\n<ul>\r\n	<li><span style="font-size:12pt"><span style="font-family:Calibri,sans-serif">Using Nice Word, Showing Respect, Being Honest- Sử dụng lời hay &yacute; đẹp, t&ocirc;n trọng v&agrave; th&acirc;n thiện với mọi người.</span></span></li>\r\n</ul>\r\n\r\n<p style="margin-left:36pt; margin-right:0cm"><span style="font-size:12pt"><span style="font-family:Calibri,sans-serif">Đ&acirc;y l&agrave; những kỹ năng cần thiết gi&uacute;p trẻ tạo dựng được mối quan hệ x&atilde; hội tốt v&agrave; th&agrave;nh c&ocirc;ng trong c&aacute;c mội quan hệ x&atilde; hội.</span></span></p>\r\n\r\n<ul>\r\n	<li><span style="font-size:12pt"><span style="font-family:Calibri,sans-serif">Self Worth and Confidance ( Everyones is Differnents) - Hiểu gi&aacute; trị của bản th&acirc;n v&agrave; sự tự tin về bản th&acirc;n</span></span></li>\r\n</ul>\r\n\r\n<p style="margin-left:36pt; margin-right:0cm"><span style="font-size:12pt"><span style="font-family:Calibri,sans-serif">Trẻ nhỏ phải t&ocirc;n trọng bản th&acirc;n m&igrave;nh trước khi c&aacute;c em tiếp x&uacute;c với những người kh&aacute;c, gặp gỡ những người lạ v&agrave; những t&igrave;nh huống mới. Trẻ hiểu được gi&aacute; trị v&agrave; tự tin về bản th&acirc;n sẽ dễ d&agrave;ng hơn khi thiết lập mối quan hệ bạn b&egrave;, xử l&yacute; c&aacute;c xung đột, đối ph&oacute; tốt với c&aacute;c t&igrave;nh huống ti&ecirc;u cực.</span></span></p>\r\n\r\n<ul>\r\n	<li><span style="font-size:12pt"><span style="font-family:Calibri,sans-serif">Cooperation and Conprimise ( Working Together)- Hợp t&aacute;c v&agrave; thoả hiệp</span></span></li>\r\n</ul>\r\n\r\n<p style="margin-left:36pt; margin-right:0cm"><span style="font-size:12pt"><span style="font-family:Calibri,sans-serif">Hợp t&aacute;c li&ecirc;n quan đến việc lắng nghe người kh&aacute;c đang n&oacute;i, hiểu được lợi &iacute;ch của việc chia sẻ v&agrave; t&ocirc;n trọng sự lu&acirc;n phi&ecirc;n. Trong nhiều t&igrave;nh huống, để hợp t&aacute;c tốt với nhau trong nh&oacute;m đồng nghĩa với việc đi đến một sự thoả hiệp. Điều n&agrave;y thực sự quan trong trong khi trẻ sống trong m&ocirc;i trường tập thể v&agrave; c&aacute;c c&aacute; nh&acirc;n c&oacute; sự t&aacute;c động qua lại lẫn nhau. Bản th&acirc;n trẻ kh&ocirc;ng tự c&oacute; kỹ năng n&agrave;y m&agrave; kỹ năng n&agrave;y được h&igrave;nh th&agrave;nh trong qu&aacute; tr&igrave;nh trẻ tương t&aacute;c với x&atilde; hội.</span></span></p>\r\n\r\n<ul>\r\n	<li><span style="font-size:12pt"><span style="font-family:Calibri,sans-serif">Personal Space- Kh&ocirc;ng gian c&aacute; nh&acirc;n</span></span></li>\r\n</ul>\r\n\r\n<p style="margin-left:36pt; margin-right:0cm"><span style="font-size:12pt"><span style="font-family:Calibri,sans-serif">Bản th&acirc;n trẻ kh&ocirc;ng tự &yacute; thực được kh&ocirc;ng gian c&aacute; nh&acirc;n của m&igrave;nh. Điều n&agrave;y dẫn đến những sự việc rất đau l&ograve;ng l&agrave; ng&agrave;y c&agrave;ng c&oacute; nhiều trẻ em bị lạm dụng t&igrave;nh dục hoặc hiếp d&acirc;m. Đ&ocirc;i khi ch&uacute;ng ta thường bỏ qua việc n&agrave;y một c&aacute;ch v&ocirc; &yacute;. Trẻ em cần được gi&aacute;o dục sớm về điều n&agrave;y để trẻ biết được khoảng c&aacute;ch an to&agrave;n với người xung quanh để trẻ kh&ocirc;ng bị lợi dụng một c&aacute;ch qu&aacute; đ&aacute;ng.</span></span></p>\r\n\r\n<ul>\r\n	<li><span style="font-size:12pt"><span style="font-family:Calibri,sans-serif"><a href="http://socialskillscentral.com/social-skills-for-preschoolers/compassion-and-caring-pre-school/">Compassion, Caring</a> and sharing:</span></span></li>\r\n</ul>\r\n\r\n<p style="margin-left:36pt; margin-right:0cm"><span style="font-size:12pt"><span style="font-family:Calibri,sans-serif">Trẻ em vốn l&agrave; ngọn nguồn của sự tốt bụng, chu đ&aacute;o v&agrave; chia sẻ với người kh&aacute;c. Nhưng sự tốt bụng v&agrave; đồng cảm sẽ mất dần nếu ch&uacute;ng ta kh&ocirc;ng biết nu&ocirc;i dưỡng n&oacute;. Trẻ c&agrave;ng lớn th&igrave; c&aacute;i t&ocirc;i c&agrave;ng lớn v&agrave; &yacute; thức về lợi &iacute;ch c&aacute; nh&acirc;n c&agrave;ng cao. Ch&uacute;ng ta cần gi&uacute;p trẻ biết c&acirc;n bằng v&agrave; ph&acirc;n biệt giữa c&aacute;i t&ocirc;i c&aacute; nh&acirc;n v&agrave; t&igrave;nh y&ecirc;u thương v&agrave; chu đ&aacute;o với mọi người. Điều n&agrave;y thực sự cần thiết gi&uacute;p h&igrave;nh th&agrave;nh nh&acirc;n c&aacute;ch của trẻ. Khi c&oacute; t&igrave;nh y&ecirc;u thương v&agrave; sự đồng cảm với mọi người th&igrave; việc chia sẻ với người kh&aacute;c sẽ dẽ d&agrave;ng thực hiện hơn.</span></span></p>\r\n\r\n<p style="margin-left:36pt; margin-right:0cm">&nbsp;</p>\r\n\r\n<p style="margin-left:36pt; margin-right:0cm"><span style="font-size:12pt"><span style="font-family:Calibri,sans-serif">3. Fellings- Cảm x&uacute;c- ph&aacute;t triển tr&iacute; th&ocirc;ng minh về cảm x&uacute;c</span></span></p>\r\n\r\n<ul>\r\n	<li><span style="font-size:12pt"><span style="font-family:Calibri,sans-serif">Feelings and Thinking Positively- cảm x&uacute;c v&agrave; những suy nghĩ t&iacute;ch cực.</span></span></li>\r\n</ul>\r\n\r\n<p style="margin-left:36pt; margin-right:0cm"><span style="font-size:12pt"><span style="font-family:Calibri,sans-serif">Nhạy cảm l&agrave; một điều ho&agrave;n to&agrave;n tốt v&agrave; l&agrave; bản năng thi&ecirc;n ph&uacute;. Tuy nhi&ecirc;n trẻ em cần được thấy tầm quan trọng của những suy nghĩ t&iacute;ch cực v&agrave; tại sao cần phải suy nghĩ t&iacute;ch cực. Điều n&agrave;y ảnh hưởng rất lớn đến những quyết định v&agrave; h&agrave;nh động của trẻ với x&atilde; hội.</span></span></p>\r\n\r\n<p style="margin-left:0cm; margin-right:0cm">&nbsp;</p>\r\n\r\n<ul>\r\n	<li><span style="font-size:12pt"><span style="font-family:Calibri,sans-serif">Dealing with Disappointment, Competition,Winning and Losing</span></span></li>\r\n</ul>\r\n\r\n<p style="margin-left:36pt; margin-right:0cm"><span style="font-size:12pt"><span style="font-family:Calibri,sans-serif">Bất cứ ở đ&acirc;u cũng tồn tại sự cạnh tranh, chiến thắng, sự mất m&aacute;t v&agrave; lỗi thất vọng. Đ&oacute; l&agrave; sự phong ph&uacute; v&agrave; đa dạng của x&atilde; hội. Trẻ em thường gặp kh&oacute; khăn với cạnh tranh, chiến thắng, mất m&aacute;t v&agrave; thất vọng. Vậy l&agrave;m thế n&agrave;o để trẻ tự tin vượt qua được tất cả điều n&agrave;y?</span></span></p>\r\n\r\n<p style="margin-left:0cm; margin-right:0cm">&nbsp;</p>\r\n\r\n<ul>\r\n	<li><span style="font-size:12pt"><span style="font-family:Calibri,sans-serif">Anxiety and Shyness- Lo lắng v&agrave; nh&uacute;t nh&aacute;t</span></span></li>\r\n</ul>\r\n\r\n<p style="margin-left:36pt; margin-right:0cm"><span style="font-size:12pt"><span style="font-family:Calibri,sans-serif">Lo lắng l&agrave; vấn đề m&agrave; hầu hết c&aacute;c trẻ em đều gặp phải. Nh&uacute;t nh&aacute;t l&agrave; biểu hiện của sự lo lắng ở trẻ. C&aacute;c nh&agrave; t&acirc;m l&yacute; học cho rằng những trẻ em hay lo lắng khi giao tiếp x&atilde; hội thường c&oacute; xu hướng gặp vấn đề khi ch&uacute;ng lớn l&ecirc;n. Điều n&agrave;y c&oacute; thể l&agrave;m cho cuộc sống của trẻ hết sức kh&oacute; khăn. L&agrave;m thế n&agrave;o để trẻ vượt qua được sự lo lắng v&agrave; thấy tự tin trong giao tiếp?</span></span></p>\r\n\r\n<ul>\r\n	<li><span style="font-size:12pt"><span style="font-family:Calibri,sans-serif">Felling Angry- Tức giận</span></span></li>\r\n</ul>\r\n\r\n<p style="margin-left:36pt; margin-right:0cm"><span style="font-size:12pt"><span style="font-family:Calibri,sans-serif">Khi trẻ tức giận trẻ phải l&agrave;m thế n&agrave;o để k&igrave;m chế c&aacute;c cơn tức giận của m&igrave;nh một c&aacute;ch hợp l&yacute; v&agrave; kh&ocirc;n kh&eacute;o. B&ecirc;n cạnh đ&oacute; khi trẻ đối mặt với cơn tức giận của người kh&aacute;c th&igrave; trẻ phải xử l&yacute; thế n&agrave;o để trẻ kh&ocirc;ng bị tổn thương?</span></span></p>\r\n\r\n<ol start="4">\r\n	<li><span style="font-size:12pt"><span style="font-family:Calibri,sans-serif">Daily Routines and Rules: Tu&acirc;n thủ c&aacute;c quy tắc v&agrave; luật lệ </span></span></li>\r\n</ol>\r\n\r\n<ul>\r\n	<li><span style="font-size:12pt"><span style="font-family:Calibri,sans-serif">Getting ready for School: Gi&uacute;p trẻ chuẩn bị t&acirc;m l&yacute; sẵn s&agrave;ng khi đến trường v&agrave; đến trường với th&aacute;i đội vui vẻ v&agrave; thoải m&aacute;i. Điều n&agrave;y rất quan trọng v&agrave; quyết định đến kết quả học tập ở trường của trẻ.</span></span></li>\r\n	<li><span style="font-size:12pt"><span style="font-family:Calibri,sans-serif">Listening and Following Directions: Ở bất cứ đ&acirc;u trẻ cũng đều phải tu&acirc;n thủ sự hướng dẫn. Điều n&agrave;y gi&uacute;p b&eacute; trở th&agrave;nh một c&ocirc;ng d&acirc;n văn minh, lịch sự v&agrave; tr&aacute;nh mọi rủi ro kh&ocirc;ng đ&aacute;ng c&oacute;.</span></span></li>\r\n	<li><span style="font-size:12pt"><span style="font-family:Calibri,sans-serif">My Day at School: Mỗi ng&agrave;y ở trường với bao nhi&ecirc;u hoạt động diễn ra v&agrave; c&aacute;c em phải xử l&yacute; rất nhiều mối quan hệ x&atilde; hội kh&aacute;c nhau. L&agrave;m thế n&agrave;o để trẻ c&oacute; một ng&agrave;y đến trường vui vẻ v&agrave; th&agrave;nh c&ocirc;ng ( học được những kiến thức bổ &iacute;ch, tạo dựng được mối quan hệ tốt với thầy c&ocirc; v&agrave; bạn b&egrave;, an to&agrave;n v&agrave; khoẻ mạnh) đ&oacute; l&agrave; những vấn đề lớn m&agrave; mỗi ch&uacute;ng ta đều quan t&acirc;n.</span></span></li>\r\n	<li><span style="font-size:12pt"><span style="font-family:Calibri,sans-serif">When Things Change: Mọi thứ xung quanh trẻ lu&ocirc;n thay đổi v&agrave; l&agrave;m thế n&agrave;o để trẻ c&oacute; thể th&iacute;ch nghi với những sự thay đổi đ&oacute; một c&aacute;ch t&iacute;ch cực v&agrave; kh&ocirc;ng &aacute;p lực?</span></span></li>\r\n	<li><span style="font-size:12pt"><span style="font-family:Calibri,sans-serif">School Rules: Thậm tr&iacute; ngay trong m&ocirc;i trường Mầm non, trẻ cũng gặp kh&oacute; khăn khi tu&acirc;n theo c&aacute;c quy tắc của lớp học, g&acirc;y rối trong lớp học, c&oacute; những h&agrave;nh vi kh&ocirc;ng đ&uacute;ng đối với bạn b&egrave; v&agrave; thầy c&ocirc; trong lớp. Điều n&agrave;y ảnh hưởng rất lớn đến mối quan hệ của trẻ với bạn b&egrave; v&agrave; thầy c&ocirc; v&agrave; hơn nữa sẽ ảnh hưởng rất lớn đến kết qủa học tập cũng như sự y&ecirc;u th&iacute;ch khi tới lớp của trẻ. Đối với trẻ từ 3-7 tuổi, việc hiểu v&agrave; tu&acirc;n thủ c&aacute;c quy định của trường lớp gi&uacute;p tạo dựng cho trẻ một nề nếp v&agrave; th&oacute;i quen học tập tốt v&agrave; mang lại hiệu quả học tập cao sau n&agrave;y.</span></span></li>\r\n	<li><span style="font-size:12pt"><span style="font-family:Calibri,sans-serif">Getting Ready for Bed: Rất nhiều trẻ gặp kh&oacute; khăn đối với việc ngủ tại lớp hay ở nh&agrave;. Điều n&agrave;y ảnh hưởng đến sức khoẻ của trẻ. Gi&uacute;p trẻ c&oacute; một th&oacute;i quen ngủ tốt cũng l&agrave; một điều hết sức quan trọng.</span></span></li>\r\n	<li><span style="font-size:12pt"><span style="font-family:Calibri,sans-serif">Making Good Choices: C&oacute; rất nhiều lựa chọn v&agrave; l&agrave;m thể n&agrave;o để trẻ đưa ra được sự lựa chọn đ&uacute;ng đắn v&agrave; hợp l&yacute; ở từng thời điểm?</span></span></li>\r\n	<li><span style="font-size:12pt"><span style="font-family:Calibri,sans-serif">School Breaks: sự đ&aacute;nh lộn, c&atilde;i lộn với bạn b&egrave; tại trường lu&ocirc;n l&agrave; điều kh&ocirc;ng thể tr&aacute;nh khỏi khi trẻ đi học. Nhưng l&agrave;m thế n&agrave;o để trẻ c&oacute; th&aacute;i độ t&iacute;ch cực sau những sự việc như vậy v&agrave; c&oacute; những điều chỉnh h&agrave;nh vi hợp l&yacute;.</span></span></li>\r\n</ul>\r\n\r\n<ol start="5">\r\n	<li><span style="font-size:12pt"><span style="font-family:Calibri,sans-serif">Safety- An to&agrave;n</span></span></li>\r\n</ol>\r\n\r\n<p style="margin-left:36pt; margin-right:0cm"><span style="font-size:12pt"><span style="font-family:Calibri,sans-serif">Đ&acirc;y l&agrave; mối quan t&acirc;m h&agrave;ng đầu của c&aacute;c bậc Phụ huynh khi con trẻ kh&ocirc;ng phải l&uacute;c n&agrave;o cũng ở trong tầm mắt của m&igrave;nh. Vậy ch&uacute;ng ta phải chuẩn bị cho trẻ h&agrave;nh trang như thế n&agrave;o để trẻ lu&ocirc;n an to&agrave;n mọi l&uacute;c mọi nơi. Từ việc đi cầu thang an to&agrave;n, tham gia giao th&ocirc;ng, hay việc bị bắt nạt, hoặc gặp người lạ,&hellip;</span></span></p>\r\n\r\n<ol start="6">\r\n	<li><span style="font-size:12pt"><span style="font-family:Calibri,sans-serif">Helth- Sức khoẻ của trẻ l&agrave; điều phụ huynh lu&ocirc;n quan t&acirc;m nhưng lại &iacute;t khi để &yacute; đến việc dạy trẻ tự biết bảo vệ sức khoẻ của m&igrave;nh. Vơi c&aacute;c chủ đề: Taking Care of Me, Trying New Foods, Going the Doctor, Using the Bathroom,&hellip;C&aacute;c chủ đề n&agrave;y sẽ gi&uacute;p trẻ biết c&aacute;ch bảo vệ m&igrave;nh để c&oacute; một sức khoẻ thật tốt.</span></span></li>\r\n</ol>\r\n\r\n<p style="margin-left:0cm; margin-right:0cm">&nbsp;</p>\r\n\r\n<p style="margin-left:36pt; margin-right:0cm"><span style="font-size:12pt"><span style="font-family:Calibri,sans-serif">ĐIỂM ĐẶC BIỆT CỦA CHƯƠNG TR&Igrave;NH:</span></span></p>\r\n\r\n<p style="margin-left:36pt; margin-right:0cm">&nbsp;</p>\r\n\r\n<ul>\r\n	<li><span style="font-size:12pt"><span style="font-family:Calibri,sans-serif">Chương tr&igrave;nh <strong><span style="color:#548dd4">Avits Socail Skills</span></strong> đặc biệt cần sự trợ gi&uacute;p của Phụ huynh trong từng bải giải của gi&aacute;o vi&ecirc;n tr&ecirc;n lớp th&ocirc;ng qua c&aacute;c Bảng c&acirc;u hỏi, Phiếu khảo s&aacute;t phụ huynh/học sinh, v&agrave; những hướng dẫn cụ thể đối với Phụ huynh về việc gi&aacute;m s&aacute;t, hỗ trợ học sinh thực h&agrave;nh c&aacute;c kỹ năng đ&atilde; học.</span></span></li>\r\n	<li><span style="font-size:12pt"><span style="font-family:Calibri,sans-serif">B&aacute;o c&aacute;o kết quả học tập h&agrave;ng ng&agrave;y của học sinh: Việc trao đổi với Phụ huynh được duy tr&igrave; sau từng buổi học qua đ&oacute; Phụ huynh biết được c&aacute;c con được học những g&igrave; v&agrave; việc ứng dụng của c&aacute;c kỹ năng đ&atilde; học trong cuộc sống như thế n&agrave;o. Ch&uacute;ng t&ocirc;i quan niệm, kiến thức c&aacute;c con học được rất quan trọng nhưng quan trọng hơn l&agrave; c&aacute;c con thể hiện n&oacute; như thế n&agrave;o trong c&aacute;c hoạt động x&atilde; hội của m&igrave;nh.</span></span></li>\r\n</ul>\r\n\r\n<p style="margin-left:36pt; margin-right:0cm">&nbsp;</p>\r\n\r\n<p style="margin-left:36pt; margin-right:0cm"><span style="font-size:12pt"><span style="font-family:Calibri,sans-serif">CẤP ĐỘ</span></span></p>\r\n\r\n<p style="margin-left:36pt; margin-right:0cm">&nbsp;</p>\r\n\r\n<p style="margin-left:36pt; margin-right:0cm"><span style="font-size:12pt"><span style="font-family:Calibri,sans-serif">Chương tr&igrave;nh <strong><span style="color:#548dd4">Avits Socail Skills</span></strong> được ph&acirc;n th&agrave;nh 2 cấp độ</span></span></p>\r\n\r\n<ul>\r\n	<li><span style="font-size:12pt"><span style="font-family:Calibri,sans-serif">Cấp độ Mầm Non- <strong><span style="color:#548dd4">Avits Socail Skills -</span></strong> for Kindergarten ( K) d&agrave;nh cho học sinh từ 4-6 tuổi</span></span></li>\r\n	<li><span style="font-size:12pt"><span style="font-family:Calibri,sans-serif">Cấp độ Tiểu học- <strong><span style="color:#548dd4">Avits Socail Skills</span></strong><span style="color:#548dd4"> &nbsp;- </span>for Primary School ( PS) d&agrave;nh cho học sinh từ 6 đến 12 tuổi</span></span></li>\r\n</ul>\r\n', '', '', '', '', '', 0, 'avits-social-skills', 'AVITS SOCIAL SKILLS', '', '');
INSERT INTO `news_languages` (`id`, `news_id`, `languages_code`, `lang_news_name`, `lang_news_des`, `lang_news_content`, `lang_news_sub_info1`, `lang_news_sub_info2`, `lang_news_sub_info3`, `lang_news_sub_info4`, `lang_news_sub_info5`, `edit_state`, `friendly_url`, `title_seo`, `des_seo`, `keyword`) VALUES
(208, 104, 'en', 'AVITS SOCIAL SKILLS', 'RÈN LUYỆN KỸ NĂNG XÃ HỘI GIÚP BÉ HOÀN THIỆN BẢN THÂN, TỰ TIN VÀ THÀNH CÔNG( Dành cho bé từ 4-12 tuổi)', '<p style="margin-left:0cm; margin-right:0cm"><span style="font-size:12pt"><span style="font-family:Calibri,sans-serif"><span style="font-family:&quot;Times New Roman&quot;,&quot;serif&quot;">Chương tr&igrave;nh <strong><span style="color:#548dd4">Avits Socail Skills</span></strong> của American Skills l&agrave; <strong><em>Chương tr&igrave;nh đ&agrave;o tạo kỹ năng x&atilde; hội</em></strong> d&agrave;i hạn đầu ti&ecirc;n tại Việt Nam d&agrave;nh cho c&aacute;c b&eacute; Mầm Non v&agrave; Tiểu học.&nbsp; Với gi&aacute;o tr&igrave;nh được đ&aacute;nh gi&aacute; l&agrave; Gi&aacute;o tr&igrave;nh Đ&agrave;o tạo kỹ năng x&atilde; hội ti&ecirc;n tiến nhất của Mỹ v&agrave; đ&atilde; được c&aacute;c chuy&ecirc;n gia về t&acirc;m l&yacute; học trẻ em của Việt Nam điều chỉnh cho ph&ugrave; hợp với trẻ em Việt Nam. American Skills mong muốn <strong><span style="color:#548dd4">Avits Socail Skills</span></strong> sẽ l&agrave; nền m&oacute;ng vững chắc cho c&aacute;c em x&acirc;y dựng ng&ocirc;i nh&agrave; tương lai của m&igrave;nh.</span></span></span></p>\r\n\r\n<p style="margin-left:0cm; margin-right:0cm">&nbsp;</p>\r\n\r\n<p style="margin-left:0cm; margin-right:0cm"><span style="font-size:12pt"><span style="font-family:Calibri,sans-serif"><strong><span style="font-family:&quot;Times New Roman&quot;,&quot;serif&quot;">TẦM QUAN TRỌNG CỦA KỸ NĂNG X&Atilde; HỘI ĐỐI VỚI TRẺ:</span></strong></span></span></p>\r\n\r\n<p style="margin-left:0cm; margin-right:0cm">&nbsp;</p>\r\n\r\n<p style="margin-left:0cm; margin-right:0cm; text-align:justify"><span style="font-size:12pt"><span style="font-family:Calibri,sans-serif"><span style="font-family:&quot;Times New Roman&quot;,&quot;serif&quot;"><span style="color:#3b3b3b">L&agrave; những bậc l&agrave;m cha l&agrave;m mẹ, ai cũng mong mỏi con c&aacute;i m&igrave;nh sẽ được ph&aacute;t triển thật c&acirc;n bằng, h&agrave;i h&ograve;a cả về kiến thức văn ho&aacute; lần x&atilde; hội. Những tưởng khi kinh tế ph&aacute;t triển hơn, x&atilde; hội dư thừa vật chất hơn th&igrave; kh&ocirc;ng kh&oacute; để đạt được điều đ&oacute;; nhưng thực tế lại như đang chứng minh điều ngược lại.</span></span></span></span></p>\r\n\r\n<p style="margin-left:0cm; margin-right:0cm; text-align:justify"><span style="font-size:12pt"><span style="font-family:Calibri,sans-serif"><span style="font-family:&quot;Times New Roman&quot;,&quot;serif&quot;"><span style="color:#3b3b3b">&Aacute;p lực học tập ng&agrave;y c&agrave;ng căng thẳng khiến c&aacute;c em phải d&agrave;nh phần lớn tuổi thơ để vật lộn c&ugrave;ng b&agrave;i vở m&agrave; &iacute;t c&oacute; thời gian để kh&aacute;m ph&aacute; bản th&acirc;n, kh&aacute;m ph&aacute; thế giới xung quanh v&agrave; trải nghiệm cuộc sống như đ&uacute;ng nghĩa của n&oacute;. Trong khi đ&oacute;, nhiều bậc cha mẹ chỉ c&oacute; thể lo cho con được đủ đầy về c&aacute;i ăn c&aacute;i mặc, c&ograve;n những g&igrave; quan trọng hơn như tr&iacute; tuệ, t&acirc;m hồn, t&igrave;nh cảm, kỹ năng x&atilde; hội,&hellip; th&igrave; dẫu rất muốn cũng kh&oacute; l&ograve;ng chăm ch&uacute;t nổi. V&agrave; rồi, kh&ocirc;ng &iacute;t c&aacute;c em lớn l&ecirc;n trong trạng th&aacute;i &ldquo;đỏ vỏ xanh l&ograve;ng&rdquo;: năng lực tr&iacute; tuệ chưa chắc tương đồng với kết quả học tập ở trường; sự th&agrave;nh c&ocirc;ng ở trường lớp chưa chắc đảm bảo cho sự th&agrave;nh c&ocirc;ng khi ra ngo&agrave;i x&atilde; hội; v&agrave; sự th&ocirc;ng minh về tr&iacute; tuệ chưa chắc tương đồng với sự nhạy b&eacute;n về cảm x&uacute;c, t&acirc;m hồn&hellip;</span></span></span></span></p>\r\n\r\n<p style="margin-left:0cm; margin-right:0cm; text-align:justify"><span style="font-size:12pt"><span style="font-family:Calibri,sans-serif"><span style="font-family:&quot;Times New Roman&quot;,&quot;serif&quot;"><span style="color:#3b3b3b">V&igrave; vậy, American Skills đ&atilde; ph&aacute;t triển chương tr&igrave;nh Social Skills nhằm mang đến cho trẻ em sự ph&aacute;t triển to&agrave;n diễn kể cả về thể chất v&agrave; t&acirc;m hồn, cả về kiến thức văn ho&aacute; lẫn x&atilde; hội.</span></span></span></span></p>\r\n\r\n<p style="margin-left:0cm; margin-right:0cm; text-align:justify">&nbsp;</p>\r\n\r\n<p style="margin-left:0cm; margin-right:0cm"><span style="font-size:12pt"><span style="font-family:Calibri,sans-serif"><strong><span style="font-family:&quot;Times New Roman&quot;,&quot;serif&quot;">NHỮNG LỢI &Iacute;CH B&Eacute; ĐẠT ĐƯỢC SAU KHO&Aacute; HỌC/ MỤC TI&Ecirc;U CỦA CHƯƠNG TR&Igrave;NH:</span></strong></span></span></p>\r\n\r\n<p style="margin-left:0cm; margin-right:0cm"><span style="font-size:12pt"><span style="font-family:Calibri,sans-serif"><span style="font-family:&quot;Times New Roman&quot;,&quot;serif&quot;">- L&agrave;m thế n&agrave;o để trẻ c&oacute; thể t&igrave;m được chỗ đứng cho m&igrave;nh ở tr&ecirc;n lớp cũng như ở ngo&agrave;i x&atilde; hội: khi trẻ bị tẩy chay, hay bị c&ocirc; lập,&hellip;</span></span></span></p>\r\n\r\n<p style="margin-left:0cm; margin-right:0cm"><span style="font-size:12pt"><span style="font-family:Calibri,sans-serif"><span style="font-family:&quot;Times New Roman&quot;,&quot;serif&quot;">- Cải thiệt những th&oacute;i quen xấu, gi&uacute;p trẻ biết c&aacute;ch cư xử đ&uacute;ng mực với bạn b&egrave;, thầy c&ocirc; v&agrave; những người xung quanh: th&ocirc; lỗ, v&ocirc; lễ, ki&ecirc;u ngạo, kh&ocirc;ng l&agrave;m những h&agrave;nh động kỳ quặc, ngốc nghếch, kh&ocirc;ng ph&ugrave; hợp,&hellip;</span></span></span></p>\r\n\r\n<p style="margin-left:0cm; margin-right:0cm"><span style="font-size:12pt"><span style="font-family:Calibri,sans-serif"><span style="font-family:&quot;Times New Roman&quot;,&quot;serif&quot;">- Biết t&igrave;m tới sự trợ gi&uacute;p của bạn b&egrave;, thầy c&ocirc;, v&agrave; những người xung quanh khi cần.</span></span></span></p>\r\n\r\n<p style="margin-left:0cm; margin-right:0cm"><span style="font-size:12pt"><span style="font-family:Calibri,sans-serif"><span style="font-family:&quot;Times New Roman&quot;,&quot;serif&quot;">- X&acirc;y dựng t&igrave;nh cảm bạn b&egrave;, người th&acirc;n: biết chia sẻ, cảm th&ocirc;ng, nhận lỗi v&agrave; tha lỗi cho người kh&aacute;c, gi&uacute;p đỡ người kh&aacute;c, động vi&ecirc;n v&agrave; hỗ trợ kịp thời khi bạn cần,&hellip;</span></span></span></p>\r\n\r\n<p style="margin-left:0cm; margin-right:0cm"><span style="font-size:12pt"><span style="font-family:Calibri,sans-serif"><span style="font-family:&quot;Times New Roman&quot;,&quot;serif&quot;">- Gi&uacute;p c&aacute;c em c&oacute; c&aacute;ch ứng xử b&igrave;nh tĩnh, nh&atilde; nhặn trong những t&igrave;nh hu&ocirc;́ng kh&oacute; chịu. (Chẳng hạn như bị bạn tr&ecirc;u chọc, cảm th&acirc;́y c&ocirc; đơn khi b&ocirc;́ mẹ sinh em b&eacute;, sợ h&atilde;i khi phải đi học...).</span></span></span></p>\r\n\r\n<p style="margin-left:0cm; margin-right:0cm"><span style="font-size:12pt"><span style="font-family:Calibri,sans-serif"><span style="font-family:&quot;Times New Roman&quot;,&quot;serif&quot;">- Gi&uacute;p c&aacute;c em trở th&agrave;nh người nhạy b&eacute;n, giao ti&ecirc;́p t&ocirc;́t, bi&ecirc;́t quan t&acirc;m, bi&ecirc;́t sẻ chia. Hiểu được cảm x&uacute;c của m&igrave;nh v&agrave; đọc được cảm x&uacute;c của người kh&aacute;c.</span></span></span></p>\r\n\r\n<p style="margin-left:0cm; margin-right:0cm"><span style="font-size:12pt"><span style="font-family:Calibri,sans-serif"><span style="font-family:&quot;Times New Roman&quot;,&quot;serif&quot;">- Gi&uacute;p c&aacute;c em vượt qua được những thời khắc kh&oacute; khăn m&agrave; c&aacute;c em gặp phải như: lỗi thất vọng, sự mất m&aacute;t, cạnh tranh với bạn b&egrave;, kh&aacute;t khao chiến thắng,&hellip;</span></span></span></p>\r\n\r\n<p style="margin-left:0cm; margin-right:0cm"><span style="font-size:12pt"><span style="font-family:Calibri,sans-serif"><span style="font-family:&quot;Times New Roman&quot;,&quot;serif&quot;">- Gi&uacute;p c&aacute;c em h&ograve;a nhập v&agrave;o một m&ocirc;i trường mới một c&aacute;ch tự tin, h&ograve;a đ&ocirc;̀ng. </span></span></span></p>\r\n\r\n<p style="margin-left:0cm; margin-right:0cm"><span style="font-size:12pt"><span style="font-family:Calibri,sans-serif"><span style="font-family:&quot;Times New Roman&quot;,&quot;serif&quot;">- Gi&uacute;p c&aacute;c em học tập t&ocirc;́t hơn v&agrave; h&ograve;a nhập với bạn b&egrave; t&ocirc;́t hơn khi ở trường, x&acirc;y dựng được mối quan hệ tốt với người th&acirc;n v&agrave; th&agrave;nh c&ocirc;ng hơn trong cuộc sống sau n&agrave;y.</span></span></span></p>\r\n\r\n<p style="margin-left:0cm; margin-right:0cm">&nbsp;</p>\r\n\r\n<p style="margin-left:0cm; margin-right:0cm">&nbsp;</p>\r\n\r\n<p style="margin-left:0cm; margin-right:0cm"><span style="font-size:12pt"><span style="font-family:Calibri,sans-serif"><span style="font-family:&quot;Times New Roman&quot;,&quot;serif&quot;">NỘI DUNG CHƯƠNG TR&Igrave;NH:</span></span></span></p>\r\n\r\n<p style="margin-left:0cm; margin-right:0cm">&nbsp;</p>\r\n\r\n<p style="margin-left:0cm; margin-right:0cm"><span style="font-size:12pt"><span style="font-family:Calibri,sans-serif"><span style="font-family:&quot;Times New Roman&quot;,&quot;serif&quot;">Qua những nghi&ecirc;n cứu, c&aacute;c chuy&ecirc;n gia cho rằng bắt đầu từ nhỏ, khi bộ n&atilde;o vẫn c&ograve;n đang trong giai đoạn h&igrave;nh th&agrave;nh, lu&ocirc;n l&agrave; thời điểm tốt nhất để dạy c&aacute;c kỹ năng x&atilde; hội, h&agrave;nh vi v&agrave; cảm x&uacute;c mới cho trẻ. Bắt đầu tại thời điểm n&agrave;y th&igrave; khả năng th&agrave;nh c&ocirc;ng sẽ cao hơn gấp nhiều lần so với c&aacute;c thời kỳ sau đ&oacute;. Độ tuổi 0-6 tuổi được xem l&agrave; thời điểm v&agrave;ng cho sự tạo dựng v&agrave; ph&aacute;t triển kỹ năng x&atilde; hội cần thiết cho trẻ.</span></span></span></p>\r\n\r\n<p style="margin-left:0cm; margin-right:0cm">&nbsp;</p>\r\n\r\n<p style="margin-left:0cm; margin-right:0cm"><span style="font-size:12pt"><span style="font-family:Calibri,sans-serif"><span style="font-family:&quot;Times New Roman&quot;,&quot;serif&quot;">Khi c&aacute;c em bắt đầu bước v&agrave;o Tiểu học, như mở ra cho c&aacute;c em m&ocirc;t thế giơi mới rộng lớn v&agrave; nhiều thử th&aacute;ch hơn. Đ&acirc;y l&agrave; thời gian để b&eacute; tạo dựng mối quan hệ bạn b&egrave; thực sự v&agrave; l&agrave; m&ocirc;i trường để trẻ t&igrave;m thấy &ldquo; Người bạn tốt nhất&rdquo; v&agrave; một nh&oacute;m bạn &ldquo; đồng đẳng đồng t&iacute;nh&rdquo; m&agrave; sẽ đi một chặng đường d&agrave;i hướng tới việc th&uacute;c đẩy qu&aacute; tr&igrave;nh h&igrave;nh th&agrave;nh t&iacute;nh c&aacute;ch ri&ecirc;ng của trẻ. Nếu tạo dựng được mối quan hệ bạn b&egrave; tốt ở trường sẽ g&oacute;p phần gi&uacute;p b&eacute; gặt h&aacute;i được nhiều th&agrave;nh c&ocirc;ng tại m&ocirc;i trường mới n&agrave;y.</span></span></span></p>\r\n\r\n<p style="margin-left:0cm; margin-right:0cm">&nbsp;</p>\r\n\r\n<p style="margin-left:0cm; margin-right:0cm"><span style="font-size:12pt"><span style="font-family:Calibri,sans-serif"><span style="font-family:&quot;Times New Roman&quot;,&quot;serif&quot;">American Skills đ&atilde; x&acirc;y dựng hai chương tr&igrave;nh d&agrave;nh ri&ecirc;ng cho học sinh Mầm non v&agrave; Tiều học với c&aacute;c chủ đề sau:</span></span></span></p>\r\n\r\n<ol>\r\n	<li><span style="font-size:12pt"><span style="font-family:Calibri,sans-serif"><span style="font-family:&quot;Times New Roman&quot;,&quot;serif&quot;">Small Steps, Bigs Skills: L&agrave; chương tr&igrave;nh gi&uacute;p b&eacute; tự ho&agrave;n thiện bản th&acirc;n, biết tự chủ trong mọi t&igrave;nh huống v&agrave; sống tự lập. Gồm c&aacute;c chủ đề nhỏ:</span></span></span></li>\r\n</ol>\r\n\r\n<ul>\r\n	<li><span style="font-size:12pt"><span style="font-family:Calibri,sans-serif"><span style="font-family:&quot;Times New Roman&quot;,&quot;serif&quot;">Helping in the Kitchen: rửa tay, l&agrave;m b&aacute;nh, dọn b&agrave;n, pha tr&agrave;, r&oacute;t nước, l&agrave;m nước hoa quả,&hellip;</span></span></span></li>\r\n	<li><span style="font-size:12pt"><span style="font-family:Calibri,sans-serif"><span style="font-family:&quot;Times New Roman&quot;,&quot;serif&quot;">Getting Ready for the Day: Chuẩn bị t&uacute;i s&aacute;ch đi học, mang giầy, mở cửa, mang thắt lưng,&hellip;</span></span></span></li>\r\n	<li><span style="font-size:12pt"><span style="font-family:Calibri,sans-serif"><span style="font-family:&quot;Times New Roman&quot;,&quot;serif&quot;">My Clean Room: chuẩn bị v&agrave; dọn dẹp giường ngủ, dọn ph&ograve;ng, m&oacute;c quần &aacute;o, gập quần &aacute;o,&hellip;</span></span></span></li>\r\n	<li><span style="font-size:12pt"><span style="font-family:Calibri,sans-serif"><span style="font-family:&quot;Times New Roman&quot;,&quot;serif&quot;">Helping at public place: rửa tay, bưng khay, rửa khay, xếp h&agrave;ng,&hellip;</span></span></span></li>\r\n	<li><span style="font-size:12pt"><span style="font-family:Calibri,sans-serif"><span style="font-family:&quot;Times New Roman&quot;,&quot;serif&quot;">Time to Relax: tắt bật Tivi, trồng c&acirc;y, chăm s&oacute;c c&acirc;y cảnh, thư cưng,&hellip;</span></span></span></li>\r\n</ul>\r\n\r\n<ol start="2">\r\n	<li><span style="font-size:12pt"><span style="font-family:Calibri,sans-serif"><span style="font-family:&quot;Times New Roman&quot;,&quot;serif&quot;">Social Skill Development: - nh&oacute;m kỹ năng ph&aacute;t triển kỹ năng x&atilde; hội</span></span></span></li>\r\n</ol>\r\n\r\n<ul>\r\n	<li><span style="font-size:12pt"><span style="font-family:Calibri,sans-serif"><span style="font-family:&quot;Times New Roman&quot;,&quot;serif&quot;">Frienship- Thiết lập t&igrave;nh bạn</span></span></span></li>\r\n</ul>\r\n\r\n<p style="margin-left:36pt; margin-right:0cm"><span style="font-size:12pt"><span style="font-family:Calibri,sans-serif"><span style="font-family:&quot;Times New Roman&quot;,&quot;serif&quot;">T&igrave;nh bạn l&agrave; điều v&ocirc; c&ugrave;ng quan trọng v&agrave; thi&ecirc;ng li&ecirc;ng đối với tuổi thơ của mỗi người. L&agrave;m thế n&agrave;o để nhận ra một người bạn tốt v&agrave; l&agrave;m g&igrave; để trở th&agrave;nh một người bạn tốt lu&ocirc;n l&agrave; vấn đề m&agrave; trẻ gặp phải. Kh&ocirc;ng chỉ trẻ m&agrave; cả phụ huynh cũng mong muốn con c&oacute; &iacute;t nhất l&agrave; một người bạn tốt. Người bạn tốt c&oacute; những ảnh hưởng rất lớn đến trẻ v&agrave; thậm tr&iacute; c&oacute; ảnh hưởng lớn hơn cả bố mẹ của trẻ.</span></span></span></p>\r\n\r\n<ul>\r\n	<li><span style="font-size:12pt"><span style="font-family:Calibri,sans-serif"><span style="font-family:&quot;Times New Roman&quot;,&quot;serif&quot;">Meeting people and making a Conversation- Gặp gỡ mọi người v&agrave; tiến h&agrave;nh một cuộc hội thoại:</span></span></span></li>\r\n</ul>\r\n\r\n<p style="margin-left:36pt; margin-right:0cm"><span style="font-size:12pt"><span style="font-family:Calibri,sans-serif"><span style="font-family:&quot;Times New Roman&quot;,&quot;serif&quot;">Tiến h&agrave;nh một cuộc tr&ograve; chuyện giống như một điệu nhảy, đ&ograve;i hỏi một sự nhạy b&eacute;n về thời điểm v&agrave; khả năng dẫn dắt cũng như l&agrave;m theo. Nhiều trẻ em gặp kh&oacute; khăn trong&nbsp; giao tiếp v&agrave; thực hiện c&aacute;c cuộc hội thoại,. Ch&uacute;ng kh&ocirc;ng biết diễn đạt &yacute; của m&igrave;nh bằng lời v&agrave; điều n&agrave;y l&agrave;m ch&uacute;ng ngại giao tiếp hoặc xa l&aacute;nh mọi người xung quanh. Đỉnh điểm của sự ngại giao tiếp l&agrave; biểu hiện của bệnh tự kỷ.</span></span></span></p>\r\n\r\n<p style="margin-left:0cm; margin-right:0cm">&nbsp;</p>\r\n\r\n<ul>\r\n	<li><span style="font-size:12pt"><span style="font-family:Calibri,sans-serif"><span style="font-family:&quot;Times New Roman&quot;,&quot;serif&quot;">Thanks - Cảm ơn</span></span></span></li>\r\n</ul>\r\n\r\n<p style="margin-left:36pt; margin-right:0cm"><span style="font-size:12pt"><span style="font-family:Calibri,sans-serif"><span style="font-family:&quot;Times New Roman&quot;,&quot;serif&quot;">Cảm ơn một c&aacute;ch ch&acirc;n th&agrave;nh v&agrave; đ&uacute;ng l&uacute;c l&agrave; một kỹ năng x&atilde; hội quan trong trong suốt cuộc đời của mỗi con người. Cuộc sống sẽ tươi đẹp hơn nếu ta biết tr&acirc;n trọng n&oacute;. Cảm ơn cũng l&agrave; c&aacute;ch thể hiện rằng ta đang tr&acirc;n trọng những điều ch&uacute;ng ta đang c&oacute;.</span></span></span></p>\r\n\r\n<ul>\r\n	<li><span style="font-size:12pt"><span style="font-family:Calibri,sans-serif"><span style="font-family:&quot;Times New Roman&quot;,&quot;serif&quot;">Apologizing- Xin lỗi</span></span></span></li>\r\n</ul>\r\n\r\n<p style="margin-left:36pt; margin-right:0cm"><span style="font-size:12pt"><span style="font-family:Calibri,sans-serif"><span style="font-family:&quot;Times New Roman&quot;,&quot;serif&quot;">Ch&uacute;ng ta kh&ocirc;ng phải l&agrave; những người ho&agrave;n hảo. Cũng c&oacute; khi ch&uacute;ng ta mắc một lỗi g&igrave; đ&oacute;. Điều quan trong l&agrave; ta nhận ra được sai lầm v&agrave; t&igrave;m c&aacute;ch sửa chữa những sai lầm đ&oacute;. Xin lỗi cũng l&agrave; c&aacute;ch để trẻ thiết lập c&aacute;c mối quan hệ bền chặt. Nếu trẻ kh&ocirc;ng được học kỹ năng n&agrave;y từ nhỏ, c&oacute; thể sẽ l&agrave;m cho trẻ gặp kh&oacute; khăn trong nhiều mối quan hệ sau n&agrave;y.</span></span></span></p>\r\n\r\n<ul>\r\n	<li><span style="font-size:12pt"><span style="font-family:Calibri,sans-serif"><span style="font-family:&quot;Times New Roman&quot;,&quot;serif&quot;">Group Skills and Sportmanship- Kỹ năng hoạt động nh&oacute;m v&agrave; tinh thần đồng đội</span></span></span></li>\r\n</ul>\r\n\r\n<p style="margin-left:36pt; margin-right:0cm"><span style="font-size:12pt"><span style="font-family:Calibri,sans-serif"><span style="font-family:&quot;Times New Roman&quot;,&quot;serif&quot;">Đ&acirc;y l&agrave; nh&oacute;m kỹ năng đ&ograve;i hỏi sự kết hợp của rất nhiều kỹ năng kh&aacute;c nhau. Th&ocirc;ng qua chủ đề n&agrave;y trẻ gi&uacute;p trẻ hiểu được gi&aacute; trị của bản th&acirc;n v&agrave; sức mạnh của tập thể. Điều n&agrave;y hết sức quan trọng trong c&ocirc;ng việc sau n&agrave;y của trẻ.</span></span></span></p>\r\n\r\n<ul>\r\n	<li><span style="font-size:12pt"><span style="font-family:Calibri,sans-serif"><span style="font-family:&quot;Times New Roman&quot;,&quot;serif&quot;">Using Nice Word, Showing Respect, Being Honest- Sử dụng lời hay &yacute; đẹp, t&ocirc;n trọng v&agrave; th&acirc;n thiện với mọi người.</span></span></span></li>\r\n</ul>\r\n\r\n<p style="margin-left:36pt; margin-right:0cm"><span style="font-size:12pt"><span style="font-family:Calibri,sans-serif"><span style="font-family:&quot;Times New Roman&quot;,&quot;serif&quot;">Đ&acirc;y l&agrave; những kỹ năng cần thiết gi&uacute;p trẻ tạo dựng được mối quan hệ x&atilde; hội tốt v&agrave; th&agrave;nh c&ocirc;ng trong c&aacute;c mội quan hệ x&atilde; hội.</span></span></span></p>\r\n\r\n<ul>\r\n	<li><span style="font-size:12pt"><span style="font-family:Calibri,sans-serif"><span style="font-family:&quot;Times New Roman&quot;,&quot;serif&quot;">Self Worth and Confidance ( Everyones is Differnents) - Hiểu gi&aacute; trị của bản th&acirc;n v&agrave; sự tự tin về bản th&acirc;n</span></span></span></li>\r\n</ul>\r\n\r\n<p style="margin-left:36pt; margin-right:0cm"><span style="font-size:12pt"><span style="font-family:Calibri,sans-serif"><span style="font-family:&quot;Times New Roman&quot;,&quot;serif&quot;">Trẻ nhỏ phải t&ocirc;n trọng bản th&acirc;n m&igrave;nh trước khi c&aacute;c em tiếp x&uacute;c với những người kh&aacute;c, gặp gỡ những người lạ v&agrave; những t&igrave;nh huống mới. Trẻ hiểu được gi&aacute; trị v&agrave; tự tin về bản th&acirc;n sẽ dễ d&agrave;ng hơn khi thiết lập mối quan hệ bạn b&egrave;, xử l&yacute; c&aacute;c xung đột, đối ph&oacute; tốt với c&aacute;c t&igrave;nh huống ti&ecirc;u cực.</span></span></span></p>\r\n\r\n<ul>\r\n	<li><span style="font-size:12pt"><span style="font-family:Calibri,sans-serif"><span style="font-family:&quot;Times New Roman&quot;,&quot;serif&quot;">Cooperation and Conprimise ( Working Together)- Hợp t&aacute;c v&agrave; thoả hiệp</span></span></span></li>\r\n</ul>\r\n\r\n<p style="margin-left:36pt; margin-right:0cm"><span style="font-size:12pt"><span style="font-family:Calibri,sans-serif"><span style="font-family:&quot;Times New Roman&quot;,&quot;serif&quot;">Hợp t&aacute;c li&ecirc;n quan đến việc lắng nghe người kh&aacute;c đang n&oacute;i, hiểu được lợi &iacute;ch của việc chia sẻ v&agrave; t&ocirc;n trọng sự lu&acirc;n phi&ecirc;n. Trong nhiều t&igrave;nh huống, để hợp t&aacute;c tốt với nhau trong nh&oacute;m đồng nghĩa với việc đi đến một sự thoả hiệp. Điều n&agrave;y thực sự quan trong trong khi trẻ sống trong m&ocirc;i trường tập thể v&agrave; c&aacute;c c&aacute; nh&acirc;n c&oacute; sự t&aacute;c động qua lại lẫn nhau. Bản th&acirc;n trẻ kh&ocirc;ng tự c&oacute; kỹ năng n&agrave;y m&agrave; kỹ năng n&agrave;y được h&igrave;nh th&agrave;nh trong qu&aacute; tr&igrave;nh trẻ tương t&aacute;c với x&atilde; hội.</span></span></span></p>\r\n\r\n<ul>\r\n	<li><span style="font-size:12pt"><span style="font-family:Calibri,sans-serif"><span style="font-family:&quot;Times New Roman&quot;,&quot;serif&quot;">Personal Space- Kh&ocirc;ng gian c&aacute; nh&acirc;n</span></span></span></li>\r\n</ul>\r\n\r\n<p style="margin-left:36pt; margin-right:0cm"><span style="font-size:12pt"><span style="font-family:Calibri,sans-serif"><span style="font-family:&quot;Times New Roman&quot;,&quot;serif&quot;">Bản th&acirc;n trẻ kh&ocirc;ng tự &yacute; thực được kh&ocirc;ng gian c&aacute; nh&acirc;n của m&igrave;nh. Điều n&agrave;y dẫn đến những sự việc rất đau l&ograve;ng l&agrave; ng&agrave;y c&agrave;ng c&oacute; nhiều trẻ em bị lạm dụng t&igrave;nh dục hoặc hiếp d&acirc;m. Đ&ocirc;i khi ch&uacute;ng ta thường bỏ qua việc n&agrave;y một c&aacute;ch v&ocirc; &yacute;. Trẻ em cần được gi&aacute;o dục sớm về điều n&agrave;y để trẻ biết được khoảng c&aacute;ch an to&agrave;n với người xung quanh để trẻ kh&ocirc;ng bị lợi dụng một c&aacute;ch qu&aacute; đ&aacute;ng.</span></span></span></p>\r\n\r\n<ul>\r\n	<li><span style="font-size:12pt"><span style="font-family:Calibri,sans-serif"><a href="http://socialskillscentral.com/social-skills-for-preschoolers/compassion-and-caring-pre-school/"><span style="font-family:&quot;Times New Roman&quot;,&quot;serif&quot;">Compassion, Caring</span></a><span style="font-family:&quot;Times New Roman&quot;,&quot;serif&quot;"> and sharing:</span></span></span></li>\r\n</ul>\r\n\r\n<p style="margin-left:36pt; margin-right:0cm"><span style="font-size:12pt"><span style="font-family:Calibri,sans-serif"><span style="font-family:&quot;Times New Roman&quot;,&quot;serif&quot;">Trẻ em vốn l&agrave; ngọn nguồn của sự tốt bụng, chu đ&aacute;o v&agrave; chia sẻ với người kh&aacute;c. Nhưng sự tốt bụng v&agrave; đồng cảm sẽ mất dần nếu ch&uacute;ng ta kh&ocirc;ng biết nu&ocirc;i dưỡng n&oacute;. Trẻ c&agrave;ng lớn th&igrave; c&aacute;i t&ocirc;i c&agrave;ng lớn v&agrave; &yacute; thức về lợi &iacute;ch c&aacute; nh&acirc;n c&agrave;ng cao. Ch&uacute;ng ta cần gi&uacute;p trẻ biết c&acirc;n bằng v&agrave; ph&acirc;n biệt giữa c&aacute;i t&ocirc;i c&aacute; nh&acirc;n v&agrave; t&igrave;nh y&ecirc;u thương v&agrave; chu đ&aacute;o với mọi người. Điều n&agrave;y thực sự cần thiết gi&uacute;p h&igrave;nh th&agrave;nh nh&acirc;n c&aacute;ch của trẻ. Khi c&oacute; t&igrave;nh y&ecirc;u thương v&agrave; sự đồng cảm với mọi người th&igrave; việc chia sẻ với người kh&aacute;c sẽ dẽ d&agrave;ng thực hiện hơn.</span></span></span></p>\r\n\r\n<p style="margin-left:36pt; margin-right:0cm">&nbsp;</p>\r\n\r\n<p style="margin-left:36pt; margin-right:0cm"><span style="font-size:12pt"><span style="font-family:Calibri,sans-serif"><span style="font-family:&quot;Times New Roman&quot;,&quot;serif&quot;">3. Fellings- Cảm x&uacute;c- ph&aacute;t triển tr&iacute; th&ocirc;ng minh về cảm x&uacute;c</span></span></span></p>\r\n\r\n<ul>\r\n	<li><span style="font-size:12pt"><span style="font-family:Calibri,sans-serif"><span style="font-family:&quot;Times New Roman&quot;,&quot;serif&quot;">Feelings and Thinking Positively- cảm x&uacute;c v&agrave; những suy nghĩ t&iacute;ch cực.</span></span></span></li>\r\n</ul>\r\n\r\n<p style="margin-left:36pt; margin-right:0cm"><span style="font-size:12pt"><span style="font-family:Calibri,sans-serif"><span style="font-family:&quot;Times New Roman&quot;,&quot;serif&quot;">Nhạy cảm l&agrave; một điều ho&agrave;n to&agrave;n tốt v&agrave; l&agrave; bản năng thi&ecirc;n ph&uacute;. Tuy nhi&ecirc;n trẻ em cần được thấy tầm quan trọng của những suy nghĩ t&iacute;ch cực v&agrave; tại sao cần phải suy nghĩ t&iacute;ch cực. Điều n&agrave;y ảnh hưởng rất lớn đến những quyết định v&agrave; h&agrave;nh động của trẻ với x&atilde; hội.</span></span></span></p>\r\n\r\n<p style="margin-left:0cm; margin-right:0cm">&nbsp;</p>\r\n\r\n<ul>\r\n	<li><span style="font-size:12pt"><span style="font-family:Calibri,sans-serif"><span style="font-family:&quot;Times New Roman&quot;,&quot;serif&quot;">Dealing with Disappointment, Competition,Winning and Losing</span></span></span></li>\r\n</ul>\r\n\r\n<p style="margin-left:36pt; margin-right:0cm"><span style="font-size:12pt"><span style="font-family:Calibri,sans-serif"><span style="font-family:&quot;Times New Roman&quot;,&quot;serif&quot;">Bất cứ ở đ&acirc;u cũng tồn tại sự cạnh tranh, chiến thắng, sự mất m&aacute;t v&agrave; lỗi thất vọng. Đ&oacute; l&agrave; sự phong ph&uacute; v&agrave; đa dạng của x&atilde; hội. Trẻ em thường gặp kh&oacute; khăn với cạnh tranh, chiến thắng, mất m&aacute;t v&agrave; thất vọng. Vậy l&agrave;m thế n&agrave;o để trẻ tự tin vượt qua được tất cả điều n&agrave;y?</span></span></span></p>\r\n\r\n<p style="margin-left:0cm; margin-right:0cm">&nbsp;</p>\r\n\r\n<ul>\r\n	<li><span style="font-size:12pt"><span style="font-family:Calibri,sans-serif"><span style="font-family:&quot;Times New Roman&quot;,&quot;serif&quot;">Anxiety and Shyness- Lo lắng v&agrave; nh&uacute;t nh&aacute;t</span></span></span></li>\r\n</ul>\r\n\r\n<p style="margin-left:36pt; margin-right:0cm"><span style="font-size:12pt"><span style="font-family:Calibri,sans-serif"><span style="font-family:&quot;Times New Roman&quot;,&quot;serif&quot;">Lo lắng l&agrave; vấn đề m&agrave; hầu hết c&aacute;c trẻ em đều gặp phải. Nh&uacute;t nh&aacute;t l&agrave; biểu hiện của sự lo lắng ở trẻ. C&aacute;c nh&agrave; t&acirc;m l&yacute; học cho rằng những trẻ em hay lo lắng khi giao tiếp x&atilde; hội thường c&oacute; xu hướng gặp vấn đề khi ch&uacute;ng lớn l&ecirc;n. Điều n&agrave;y c&oacute; thể l&agrave;m cho cuộc sống của trẻ hết sức kh&oacute; khăn. L&agrave;m thế n&agrave;o để trẻ vượt qua được sự lo lắng v&agrave; thấy tự tin trong giao tiếp?</span></span></span></p>\r\n\r\n<ul>\r\n	<li><span style="font-size:12pt"><span style="font-family:Calibri,sans-serif"><span style="font-family:&quot;Times New Roman&quot;,&quot;serif&quot;">Felling Angry- Tức giận</span></span></span></li>\r\n</ul>\r\n\r\n<p style="margin-left:36pt; margin-right:0cm"><span style="font-size:12pt"><span style="font-family:Calibri,sans-serif"><span style="font-family:&quot;Times New Roman&quot;,&quot;serif&quot;">Khi trẻ tức giận trẻ phải l&agrave;m thế n&agrave;o để k&igrave;m chế c&aacute;c cơn tức giận của m&igrave;nh một c&aacute;ch hợp l&yacute; v&agrave; kh&ocirc;n kh&eacute;o. B&ecirc;n cạnh đ&oacute; khi trẻ đối mặt với cơn tức giận của người kh&aacute;c th&igrave; trẻ phải xử l&yacute; thế n&agrave;o để trẻ kh&ocirc;ng bị tổn thương?</span></span></span></p>\r\n\r\n<ol start="4">\r\n	<li><span style="font-size:12pt"><span style="font-family:Calibri,sans-serif"><span style="font-family:&quot;Times New Roman&quot;,&quot;serif&quot;">Daily Routines and Rules: Tu&acirc;n thủ c&aacute;c quy tắc v&agrave; luật lệ </span></span></span></li>\r\n</ol>\r\n\r\n<ul>\r\n	<li><span style="font-size:12pt"><span style="font-family:Calibri,sans-serif"><span style="font-family:&quot;Times New Roman&quot;,&quot;serif&quot;">Getting ready for School: Gi&uacute;p trẻ chuẩn bị t&acirc;m l&yacute; sẵn s&agrave;ng khi đến trường v&agrave; đến trường với th&aacute;i đội vui vẻ v&agrave; thoải m&aacute;i. Điều n&agrave;y rất quan trọng v&agrave; quyết định đến kết quả học tập ở trường của trẻ.</span></span></span></li>\r\n	<li><span style="font-size:12pt"><span style="font-family:Calibri,sans-serif"><span style="font-family:&quot;Times New Roman&quot;,&quot;serif&quot;">Listening and Following Directions: Ở bất cứ đ&acirc;u trẻ cũng đều phải tu&acirc;n thủ sự hướng dẫn. Điều n&agrave;y gi&uacute;p b&eacute; trở th&agrave;nh một c&ocirc;ng d&acirc;n văn minh, lịch sự v&agrave; tr&aacute;nh mọi rủi ro kh&ocirc;ng đ&aacute;ng c&oacute;.</span></span></span></li>\r\n	<li><span style="font-size:12pt"><span style="font-family:Calibri,sans-serif"><span style="font-family:&quot;Times New Roman&quot;,&quot;serif&quot;">My Day at School: Mỗi ng&agrave;y ở trường với bao nhi&ecirc;u hoạt động diễn ra v&agrave; c&aacute;c em phải xử l&yacute; rất nhiều mối quan hệ x&atilde; hội kh&aacute;c nhau. L&agrave;m thế n&agrave;o để trẻ c&oacute; một ng&agrave;y đến trường vui vẻ v&agrave; th&agrave;nh c&ocirc;ng ( học được những kiến thức bổ &iacute;ch, tạo dựng được mối quan hệ tốt với thầy c&ocirc; v&agrave; bạn b&egrave;, an to&agrave;n v&agrave; khoẻ mạnh) đ&oacute; l&agrave; những vấn đề lớn m&agrave; mỗi ch&uacute;ng ta đều quan t&acirc;n.</span></span></span></li>\r\n	<li><span style="font-size:12pt"><span style="font-family:Calibri,sans-serif"><span style="font-family:&quot;Times New Roman&quot;,&quot;serif&quot;">When Things Change: Mọi thứ xung quanh trẻ lu&ocirc;n thay đổi v&agrave; l&agrave;m thế n&agrave;o để trẻ c&oacute; thể th&iacute;ch nghi với những sự thay đổi đ&oacute; một c&aacute;ch t&iacute;ch cực v&agrave; kh&ocirc;ng &aacute;p lực?</span></span></span></li>\r\n	<li><span style="font-size:12pt"><span style="font-family:Calibri,sans-serif"><span style="font-family:&quot;Times New Roman&quot;,&quot;serif&quot;">School Rules: Thậm tr&iacute; ngay trong m&ocirc;i trường Mầm non, trẻ cũng gặp kh&oacute; khăn khi tu&acirc;n theo c&aacute;c quy tắc của lớp học, g&acirc;y rối trong lớp học, c&oacute; những h&agrave;nh vi kh&ocirc;ng đ&uacute;ng đối với bạn b&egrave; v&agrave; thầy c&ocirc; trong lớp. Điều n&agrave;y ảnh hưởng rất lớn đến mối quan hệ của trẻ với bạn b&egrave; v&agrave; thầy c&ocirc; v&agrave; hơn nữa sẽ ảnh hưởng rất lớn đến kết qủa học tập cũng như sự y&ecirc;u th&iacute;ch khi tới lớp của trẻ. Đối với trẻ từ 3-7 tuổi, việc hiểu v&agrave; tu&acirc;n thủ c&aacute;c quy định của trường lớp gi&uacute;p tạo dựng cho trẻ một nề nếp v&agrave; th&oacute;i quen học tập tốt v&agrave; mang lại hiệu quả học tập cao sau n&agrave;y.</span></span></span></li>\r\n	<li><span style="font-size:12pt"><span style="font-family:Calibri,sans-serif"><span style="font-family:&quot;Times New Roman&quot;,&quot;serif&quot;">Getting Ready for Bed: Rất nhiều trẻ gặp kh&oacute; khăn đối với việc ngủ tại lớp hay ở nh&agrave;. Điều n&agrave;y ảnh hưởng đến sức khoẻ của trẻ. Gi&uacute;p trẻ c&oacute; một th&oacute;i quen ngủ tốt cũng l&agrave; một điều hết sức quan trọng.</span></span></span></li>\r\n	<li><span style="font-size:12pt"><span style="font-family:Calibri,sans-serif"><span style="font-family:&quot;Times New Roman&quot;,&quot;serif&quot;">Making Good Choices: C&oacute; rất nhiều lựa chọn v&agrave; l&agrave;m thể n&agrave;o để trẻ đưa ra được sự lựa chọn đ&uacute;ng đắn v&agrave; hợp l&yacute; ở từng thời điểm?</span></span></span></li>\r\n	<li><span style="font-size:12pt"><span style="font-family:Calibri,sans-serif"><span style="font-family:&quot;Times New Roman&quot;,&quot;serif&quot;">School Breaks: sự đ&aacute;nh lộn, c&atilde;i lộn với bạn b&egrave; tại trường lu&ocirc;n l&agrave; điều kh&ocirc;ng thể tr&aacute;nh khỏi khi trẻ đi học. Nhưng l&agrave;m thế n&agrave;o để trẻ c&oacute; th&aacute;i độ t&iacute;ch cực sau những sự việc như vậy v&agrave; c&oacute; những điều chỉnh h&agrave;nh vi hợp l&yacute;.</span></span></span></li>\r\n</ul>\r\n\r\n<ol start="5">\r\n	<li><span style="font-size:12pt"><span style="font-family:Calibri,sans-serif"><span style="font-family:&quot;Times New Roman&quot;,&quot;serif&quot;">Safety- An to&agrave;n</span></span></span></li>\r\n</ol>\r\n\r\n<p style="margin-left:36pt; margin-right:0cm"><span style="font-size:12pt"><span style="font-family:Calibri,sans-serif"><span style="font-family:&quot;Times New Roman&quot;,&quot;serif&quot;">Đ&acirc;y l&agrave; mối quan t&acirc;m h&agrave;ng đầu của c&aacute;c bậc Phụ huynh khi con trẻ kh&ocirc;ng phải l&uacute;c n&agrave;o cũng ở trong tầm mắt của m&igrave;nh. Vậy ch&uacute;ng ta phải chuẩn bị cho trẻ h&agrave;nh trang như thế n&agrave;o để trẻ lu&ocirc;n an to&agrave;n mọi l&uacute;c mọi nơi. Từ việc đi cầu thang an to&agrave;n, tham gia giao th&ocirc;ng, hay việc bị bắt nạt, hoặc gặp người lạ,&hellip;</span></span></span></p>\r\n\r\n<ol start="6">\r\n	<li><span style="font-size:12pt"><span style="font-family:Calibri,sans-serif"><span style="font-family:&quot;Times New Roman&quot;,&quot;serif&quot;">Helth- Sức khoẻ của trẻ l&agrave; điều phụ huynh lu&ocirc;n quan t&acirc;m nhưng lại &iacute;t khi để &yacute; đến việc dạy trẻ tự biết bảo vệ sức khoẻ của m&igrave;nh. Vơi c&aacute;c chủ đề: Taking Care of Me, Trying New Foods, Going the Doctor, Using the Bathroom,&hellip;C&aacute;c chủ đề n&agrave;y sẽ gi&uacute;p trẻ biết c&aacute;ch bảo vệ m&igrave;nh để c&oacute; một sức khoẻ thật tốt.</span></span></span></li>\r\n</ol>\r\n\r\n<p style="margin-left:0cm; margin-right:0cm">&nbsp;</p>\r\n\r\n<p style="margin-left:36pt; margin-right:0cm"><span style="font-size:12pt"><span style="font-family:Calibri,sans-serif"><span style="font-family:&quot;Times New Roman&quot;,&quot;serif&quot;">ĐIỂM ĐẶC BIỆT CỦA CHƯƠNG TR&Igrave;NH:</span></span></span></p>\r\n\r\n<p style="margin-left:36pt; margin-right:0cm">&nbsp;</p>\r\n\r\n<ul>\r\n	<li><span style="font-size:12pt"><span style="font-family:Calibri,sans-serif"><span style="font-family:&quot;Times New Roman&quot;,&quot;serif&quot;">Chương tr&igrave;nh <strong><span style="color:#548dd4">Avits Socail Skills</span></strong> đặc biệt cần sự trợ gi&uacute;p của Phụ huynh trong từng bải giải của gi&aacute;o vi&ecirc;n tr&ecirc;n lớp th&ocirc;ng qua c&aacute;c Bảng c&acirc;u hỏi, Phiếu khảo s&aacute;t phụ huynh/học sinh, v&agrave; những hướng dẫn cụ thể đối với Phụ huynh về việc gi&aacute;m s&aacute;t, hỗ trợ học sinh thực h&agrave;nh c&aacute;c kỹ năng đ&atilde; học.</span></span></span></li>\r\n	<li><span style="font-size:12pt"><span style="font-family:Calibri,sans-serif"><span style="font-family:&quot;Times New Roman&quot;,&quot;serif&quot;">B&aacute;o c&aacute;o kết quả học tập h&agrave;ng ng&agrave;y của học sinh: Việc trao đổi với Phụ huynh được duy tr&igrave; sau từng buổi học qua đ&oacute; Phụ huynh biết được c&aacute;c con được học những g&igrave; v&agrave; việc ứng dụng của c&aacute;c kỹ năng đ&atilde; học trong cuộc sống như thế n&agrave;o. Ch&uacute;ng t&ocirc;i quan niệm, kiến thức c&aacute;c con học được rất quan trọng nhưng quan trọng hơn l&agrave; c&aacute;c con thể hiện n&oacute; như thế n&agrave;o trong c&aacute;c hoạt động x&atilde; hội của m&igrave;nh.</span></span></span></li>\r\n</ul>\r\n\r\n<p style="margin-left:36pt; margin-right:0cm">&nbsp;</p>\r\n\r\n<p style="margin-left:36pt; margin-right:0cm"><span style="font-size:12pt"><span style="font-family:Calibri,sans-serif"><span style="font-family:&quot;Times New Roman&quot;,&quot;serif&quot;">CẤP ĐỘ</span></span></span></p>\r\n\r\n<p style="margin-left:36pt; margin-right:0cm">&nbsp;</p>\r\n\r\n<p style="margin-left:36pt; margin-right:0cm"><span style="font-size:12pt"><span style="font-family:Calibri,sans-serif"><span style="font-family:&quot;Times New Roman&quot;,&quot;serif&quot;">Chương tr&igrave;nh <strong><span style="color:#548dd4">Avits Socail Skills</span></strong> được ph&acirc;n th&agrave;nh 2 cấp độ</span></span></span></p>\r\n\r\n<ul>\r\n	<li><span style="font-size:12pt"><span style="font-family:Calibri,sans-serif"><span style="font-family:&quot;Times New Roman&quot;,&quot;serif&quot;">Cấp độ Mầm Non- <strong><span style="color:#548dd4">Avits Socail Skills -</span></strong> for Kindergarten ( K) d&agrave;nh cho học sinh từ 4-6 tuổi</span></span></span></li>\r\n	<li><span style="font-size:12pt"><span style="font-family:Calibri,sans-serif"><span style="font-family:&quot;Times New Roman&quot;,&quot;serif&quot;">Cấp độ Tiểu học- <strong><span style="color:#548dd4">Avits Socail Skills</span></strong><span style="color:#548dd4"> &nbsp;- </span>for Primary School ( PS) d&agrave;nh cho học sinh từ 6 đến 12 tuổi</span></span></span></li>\r\n</ul>\r\n', '', '', '', '', '', 0, 'avits-social-skills', 'AVITS SOCIAL SKILLS', '', '');
INSERT INTO `news_languages` (`id`, `news_id`, `languages_code`, `lang_news_name`, `lang_news_des`, `lang_news_content`, `lang_news_sub_info1`, `lang_news_sub_info2`, `lang_news_sub_info3`, `lang_news_sub_info4`, `lang_news_sub_info5`, `edit_state`, `friendly_url`, `title_seo`, `des_seo`, `keyword`) VALUES
(209, 105, 'vn', 'Lisp intensive treatment', 'Khóa học  Lisp intensive treatment dành cho các bé có độ tuổi từ 4 đến 10 tuổi. ', '<p style="margin-left:0cm; margin-right:0cm; text-align:justify"><span style="font-size:11pt"><span style="background-color:white"><span style="font-family:Calibri,sans-serif"><span style="font-size:18.0pt"><span style="color:#222222">N&oacute;i ngọng l&agrave; hiện tượng rối loạn ng&ocirc;n ngữ</span></span></span></span></span></p>\r\n\r\n<p style="margin-left:0cm; margin-right:0cm; text-align:justify"><span style="font-size:11pt"><span style="background-color:white"><span style="font-family:Calibri,sans-serif"><span style="font-size:10.5pt"><span style="color:#222222">Ng&ocirc;n ngữ của trẻ được h&igrave;nh th&agrave;nh tr&ecirc;n cơ sở c&aacute;c phản xạ c&oacute; điều kiện, dựa tr&ecirc;n t&aacute;c động của c&aacute;c yếu tố từ m&ocirc;i trường b&ecirc;n ngo&agrave;i k&iacute;ch th&iacute;ch v&agrave;o trung t&acirc;m nghe.</span></span></span></span></span></p>\r\n\r\n<p style="margin-left:0cm; margin-right:0cm; text-align:justify"><span style="font-size:11pt"><span style="background-color:white"><span style="font-family:Calibri,sans-serif"><span style="font-size:10.5pt"><span style="color:#222222">Nếu c&oacute; sự trục trặc n&agrave;o đ&oacute; trong qu&aacute; tr&igrave;nh h&igrave;nh th&agrave;nh ng&ocirc;n ngữ sẽ xảy ra hiện tượng rối loạn ng&ocirc;n ngữ ở trẻ, điển h&igrave;nh l&agrave; ngọng.</span></span></span></span></span></p>\r\n\r\n<p style="margin-left:0cm; margin-right:0cm; text-align:justify"><span style="font-size:11pt"><span style="background-color:white"><span style="font-family:Calibri,sans-serif"><span style="font-size:10.5pt"><span style="color:#222222">C&oacute; 2 dạng n&oacute;i ngọng ở trẻ</span></span></span></span></span></p>\r\n\r\n<ul>\r\n	<li style="text-align:justify"><span style="font-size:11pt"><span style="background-color:white"><span style="font-family:Calibri,sans-serif"><span style="font-size:10.0pt"><span style="color:#222222">N&oacute;i ngọng sinh l&yacute;: cơ quan ph&aacute;t &acirc;m c&oacute; lỗi bẩm sinh như ngắn lưỡi, đầy lưỡi&hellip;</span></span></span></span></span></li>\r\n	<li style="text-align:justify"><span style="font-size:11pt"><span style="background-color:white"><span style="font-family:Calibri,sans-serif"><span style="font-size:10.0pt"><span style="color:#222222">N&oacute;i ngọng mang t&iacute;nh x&atilde; hội: ph&aacute;t &acirc;m lệch so với chuẩn.</span></span></span></span></span></li>\r\n</ul>\r\n\r\n<p style="margin-left:0cm; margin-right:0cm; text-align:justify"><span style="font-size:11pt"><span style="background-color:white"><span style="font-family:Calibri,sans-serif"><span style="font-size:18.0pt"><span style="color:#222222">Nguy&ecirc;n nh&acirc;n khiến cho trẻ n&oacute;i ngọng</span></span></span></span></span></p>\r\n\r\n<ul>\r\n	<li style="text-align:justify"><span style="font-size:11pt"><span style="background-color:white"><span style="font-family:Calibri,sans-serif"><span style="font-size:10.0pt"><span style="color:#222222">L&agrave; do trẻ tự b&oacute;p m&eacute;o &acirc;m thanh để truyền đạt &yacute; m&igrave;nh cho người kh&aacute;c hiểu theo suy nghĩ ri&ecirc;ng của trẻ.</span></span></span></span></span></li>\r\n	<li style="text-align:justify"><span style="font-size:11pt"><span style="background-color:white"><span style="font-family:Calibri,sans-serif"><span style="font-size:10.0pt"><span style="color:#222222">Cha, mẹ kh&ocirc;ng sửa ngay những từ n&oacute;i sai, khiến trẻ tạo th&agrave;nh th&oacute;i quen m&agrave; lặp lại.</span></span></span></span></span></li>\r\n	<li style="text-align:justify"><span style="font-size:11pt"><span style="background-color:white"><span style="font-family:Calibri,sans-serif"><span style="font-size:10.0pt"><span style="color:#222222">Cha mẹ v&agrave; những người xung quanh sử dụng sai ng&ocirc;n ngữ khiến con c&aacute;i bắt chước.</span></span></span></span></span></li>\r\n	<li style="text-align:justify"><span style="font-size:11pt"><span style="background-color:white"><span style="font-family:Calibri,sans-serif"><span style="font-size:10.0pt"><span style="color:#222222">Một số bệnh khi trẻ mắc phải g&acirc;y kh&oacute; thở, ngạt mũi khiến khi n&oacute;i trẻ phải th&egrave; lưỡi ra để ph&aacute;t &acirc;m cũng l&agrave; nguy&ecirc;n nh&acirc;n khiến trẻ n&oacute;i ngọng.</span></span></span></span></span></li>\r\n</ul>\r\n\r\n<p style="margin-left:0cm; margin-right:0cm; text-align:justify"><span style="font-size:11pt"><span style="background-color:white"><span style="font-family:Calibri,sans-serif"><span style="font-size:18.0pt"><span style="color:#222222">Phương ph&aacute;p sửa n&oacute;i ngọng</span></span></span></span></span></p>\r\n\r\n<ul>\r\n	<li style="text-align:justify"><span style="font-size:11pt"><span style="background-color:white"><span style="font-family:Calibri,sans-serif"><span style="font-size:10.0pt"><span style="color:#222222">Gi&uacute;p b&eacute; thoải m&aacute;i, thả l&ograve;ng người v&agrave; thật b&igrave;nh tĩnh trước khi n&oacute;i.</span></span></span></span></span></li>\r\n	<li style="text-align:justify"><span style="font-size:11pt"><span style="background-color:white"><span style="font-family:Calibri,sans-serif"><span style="font-size:10.0pt"><span style="color:#222222">Kh&ocirc;ng hỏi dồn khiến b&eacute; l&uacute;ng t&uacute;ng, n&oacute;i lắp, ngọng&hellip;</span></span></span></span></span></li>\r\n	<li style="text-align:justify"><span style="font-size:11pt"><span style="background-color:white"><span style="font-family:Calibri,sans-serif"><span style="font-size:10.0pt"><span style="color:#222222">Dạy b&eacute; c&aacute;ch đặt lưỡi thế n&agrave;o, hơi bật ra l&agrave;m sao v&agrave; l&agrave;m mẫu để b&eacute; dễ d&agrave;ng bắt chước v&agrave; học theo.</span></span></span></span></span></li>\r\n	<li style="text-align:justify"><span style="font-size:11pt"><span style="background-color:white"><span style="font-family:Calibri,sans-serif"><span style="font-size:10.0pt"><span style="color:#222222">N&oacute;i chuyện, h&aacute;t cho b&eacute; nghe: d&ugrave;ng từ ngữ thật chuẩn v&agrave; thường xuy&ecirc;n, b&eacute; sẽ c&oacute; một qu&aacute; tr&igrave;nh để bắt chước theo những b&agrave;i h&aacute;t, c&acirc;u chuyện m&agrave; bạn kể.</span></span></span></span></span></li>\r\n	<li style="text-align:justify"><span style="font-size:11pt"><span style="background-color:white"><span style="font-family:Calibri,sans-serif"><span style="font-size:10.0pt"><span style="color:#222222">Với những từ b&eacute; bị ngọng ch&uacute;ng ta sẽ kể lại phần đ&oacute; nhiều lần để b&eacute; ghi nhớ v&agrave; l&agrave;m theo.</span></span></span></span></span></li>\r\n	<li style="text-align:justify"><span style="font-size:11pt"><span style="background-color:white"><span style="font-family:Calibri,sans-serif"><span style="font-size:10.0pt"><span style="color:#222222">Cho b&eacute; tiếp x&uacute;c với m&ocirc;i trường rộng lớn b&ecirc;n ngo&agrave;i. Việc tăng cường những hoạt động giao tiếp, nhất l&agrave; ở chỗ đ&ocirc;ng người sẽ khiến b&eacute; nhanh nhẹn, mau miệng hơn.</span></span></span></span></span></li>\r\n	<li style="text-align:justify"><span style="font-size:11pt"><span style="background-color:white"><span style="font-family:Calibri,sans-serif"><span style="font-size:10.0pt"><span style="color:#222222">Hạn chế để b&eacute; tiếp x&uacute;c với người hay bị n&oacute;i ngọng.</span></span></span></span></span></li>\r\n	<li style="text-align:justify"><span style="font-size:11pt"><span style="background-color:white"><span style="font-family:Calibri,sans-serif"><span style="font-size:10.0pt"><span style="color:#222222">Khi con ngọng, tuyệt đối kh&ocirc;ng nhại lại, điều n&agrave;y khiến b&eacute; sẽ kh&ocirc;ng &yacute; thức được việc ph&aacute;t &acirc;m chuẩn l&agrave; việc n&ecirc;n l&agrave;m.</span></span></span></span></span></li>\r\n</ul>\r\n\r\n<p style="margin-left:0cm; margin-right:0cm"><span style="font-size:11pt"><span style="font-family:Calibri,sans-serif"><span style="font-size:10.5pt"><span style="background-color:white"><span style="color:#1d2129">MỤC Đ&Iacute;CH SỬA PH&Aacute;T &Acirc;M CHO CON L&Agrave; G&Igrave;?</span></span></span><br />\r\n<span style="font-size:10.5pt"><span style="color:#1d2129"><span style="background-color:white">Ph&aacute;t &acirc;m đ&uacute;ng kh&ocirc;ng phải mục ti&ecirc;u duy nhất v&agrave; nếu đạt được cũng chưa phải l&agrave; kết quả cuối c&ugrave;ng m&agrave; American Skills mong muốn hướng đến.</span><br />\r\n<span style="background-color:white">Hơn thế nữa,</span><br />\r\n<span style="background-color:white">C&aacute;c con c&ograve;n phải n&oacute;i lưu lo&aacute;t, tr&ocirc;i chảy, giao tiếp tốt với người xung quanh.</span><br />\r\n<span style="background-color:white">Ch&iacute;nh v&igrave; vậy, sau khi kết th&uacute;c việc sửa ph&aacute;t &acirc;m, c&aacute;c b&eacute; sẽ tiếp tục trải nghiệm những buổi tập phản xạ để c&oacute; thể n&oacute;i lưu lo&aacute;t hoặc c&oacute; những buổi ngồi tr&ograve; chuyện c&ugrave;ng người lạ để r&egrave;n luyện th&ecirc;m về ng&ocirc;n ngữ.<br />\r\nTất cả đều nằm trong chương tr&igrave;nh r&egrave;n luyện sửa ph&aacute;t &acirc;m cho c&aacute;c con của American Skills.<br />\r\nNội dung Chương tr&igrave;nh :</span></span></span></span></span></p>\r\n\r\n<p style="margin-left:0cm; margin-right:0cm; text-align:justify"><span style="font-size:11pt"><span style="background-color:white"><span style="font-family:Calibri,sans-serif"><span style="font-size:12.0pt"><span style="color:black">Bước đầu ti&ecirc;n khi dạy, American Skills sẽ đi từ một phụ &acirc;m hay một nguy&ecirc;n &acirc;m chứ kh&ocirc;ng n&ecirc;n đi từ tiếng hoặc từ, trẻ kh&oacute; c&oacute; thể bắt chước được. Sau khi đ&atilde; n&oacute;i tốt &acirc;m đ&oacute;, ch&uacute;ng ta mới gh&eacute;p v&agrave;o c&aacute;c tiếng, c&aacute;c từ, cụm từ, c&aacute;c c&acirc;u v&agrave; cuối c&ugrave;ng l&agrave; hội thoại.</span></span></span></span></span></p>\r\n\r\n<p style="margin-left:0cm; margin-right:0cm; text-align:justify"><span style="font-size:11pt"><span style="background-color:white"><span style="font-family:Calibri,sans-serif"><span style="font-size:12.0pt"><span style="color:black">Người hướng dẫn sẽ l&agrave;m mẫu &acirc;m cần dạy, giới thiệu c&aacute;ch tạo n&ecirc;n &acirc;m đ&oacute; v&agrave; hướng dẫn cho trẻ l&agrave;m. Đặt một c&aacute;i gương trước mặt, người hướng dẫn sẽ l&agrave;m mẫu v&agrave; n&oacute;i về vị tr&iacute; tạo n&ecirc;n &acirc;m đ&oacute; (vị tr&iacute; của lưỡi, h&igrave;nh d&aacute;ng, độ mở của miệng, cử động của v&ograve;m miệng&hellip;), c&aacute;ch tạo n&ecirc;n &acirc;m đ&oacute; (c&aacute;ch lấy hơi v&agrave; đẩy hơi) v&agrave; sự cảm nhận độ rung của d&acirc;y thanh nếu c&oacute;.<br />\r\nSau khi trẻ đ&atilde; n&oacute;i tốt c&aacute;c &acirc;m độc lập, người hướng dẫn chọn từ 15-20 bức tranh c&oacute; &acirc;m đ&oacute; (v&iacute; dụ: nếu ch&uacute;ng ta dạy &acirc;m &ldquo;s&rdquo;, ch&uacute;ng ta sẽ chọn ra những bức tranh c&oacute; phụ &acirc;m đầu l&agrave; &ldquo;s&rdquo; như: &ldquo;s&ocirc;ng&rdquo;, &ldquo;sao&rdquo;, &ldquo;s&aacute;ch&rdquo;&hellip;) để dạy trẻ ph&aacute;t &acirc;m v&agrave;o c&aacute;c tiếng v&agrave; từ.</span></span></span></span></span></p>\r\n\r\n<p style="margin-left:0cm; margin-right:0cm; text-align:justify"><span style="font-size:11pt"><span style="background-color:white"><span style="font-family:Calibri,sans-serif"><span style="font-size:12.0pt"><span style="color:black">Việc sửa c&aacute;c &acirc;m lỗi được coi như l&agrave; ho&agrave;n th&agrave;nh khi trẻ n&oacute;i đ&uacute;ng được c&aacute;c &acirc;m lỗi trong mọi hội thoại, ở mọi ho&agrave;n cảnh kh&aacute;c nhau. Tuy nhi&ecirc;n, việc n&oacute;i tốt c&aacute;c &acirc;m trong từ hoặc c&acirc;u ngắn kh&ocirc;ng đồng nghĩa với việc trẻ sẽ n&oacute;i tốt trong hội thoại. Để l&agrave;m tốt được việc n&agrave;y th&igrave; ngo&agrave;i sự cố gắng của trẻ c&ograve;n cần đến sự tham gia của c&aacute;c th&agrave;nh vi&ecirc;n trong gia đ&igrave;nh trẻ v&agrave; những người giao tiếp thường xuy&ecirc;n với trẻ. Sau &acirc;m được chỉnh xong, cứ 3 th&aacute;ng 1 lần, cần thiết phải kiểm tra lại sự ph&aacute;t &acirc;m của trẻ. Nếu trong 1 năm, trong giao tiếp của trẻ kh&ocirc;ng c&ograve;n c&aacute;c &acirc;m sai xuất hiện th&igrave; việc chỉnh &acirc;m kết th&uacute;c.</span></span></span></span></span></p>\r\n\r\n<p style="margin-left:0cm; margin-right:0cm"><span style="font-size:11pt"><span style="font-family:Calibri,sans-serif"><a href="http://blueoceankids.edu.vn/tieng-anh-tre-em.html" style="color:blue; text-decoration:underline"><span style="font-size:10.5pt">Kh&oacute;a học </span></a><strong>&nbsp;</strong><strong><span style="font-size:14.0pt"><span style="background-color:white"><span style="color:#222222">Lisp intensive treatment </span></span></span></strong><span style="font-size:10.5pt"><span style="color:black">d&agrave;nh cho c&aacute;c b&eacute; c&oacute; độ tuổi từ 4 đến 10 tuổi. </span></span></span></span></p>\r\n\r\n<p style="margin-left:0cm; margin-right:0cm"><span style="font-size:11pt"><span style="background-color:white"><span style="font-family:Calibri,sans-serif"><strong><span style="font-size:10.5pt"><span style="color:black">Đối tượng:</span></span></strong><span style="font-size:10.5pt"><span style="color:black">&nbsp;d&agrave;nh cho c&aacute;c b&eacute; c&oacute; độ tuổi từ 4 đến 10 tuổi. </span></span></span></span></span></p>\r\n\r\n<p style="margin-left:0cm; margin-right:0cm"><span style="font-size:11pt"><span style="background-color:white"><span style="font-family:Calibri,sans-serif"><strong><span style="font-size:10.5pt"><span style="color:black">Thời gian học:</span></span></strong><span style="font-size:10.5pt"><span style="color:black">&nbsp;24 giờ/ cấp độ, k&eacute;o d&agrave;i khoảng 3 th&aacute;ng</span></span><br />\r\n<strong><span style="font-size:10.5pt"><span style="color:black">Cấp độ:</span></span></strong></span></span></span></p>\r\n\r\n<ul>\r\n	<li><span style="font-size:11pt"><span style="background-color:white"><span style="color:black"><span style="font-family:Calibri,sans-serif"><span style="font-size:10.5pt">&nbsp;Starters </span></span></span></span></span></li>\r\n	<li><span style="font-size:11pt"><span style="background-color:white"><span style="color:black"><span style="font-family:Calibri,sans-serif"><span style="font-size:10.5pt">&nbsp; SC</span></span></span></span></span></li>\r\n</ul>\r\n\r\n<p style="margin-left:0cm; margin-right:0cm"><span style="font-size:11pt"><span style="background-color:white"><span style="font-family:Calibri,sans-serif"><strong><span style="font-size:10.5pt"><span style="color:black">Gi&aacute;o tr&igrave;nh</span></span></strong><span style="font-size:10.5pt"><span style="color:black">: Bi&ecirc;n soạn độc quyền của American Skills</span></span><br />\r\n<strong><span style="font-size:10.0pt"><span style="color:black">Nh&oacute;m học</span></span></strong><span style="font-size:10.0pt"><span style="color:black"> : 1 gi&aacute;o vi&ecirc;n hướng dẫn 1-2 học sinh</span></span></span></span></span></p>\r\n\r\n<p style="margin-left:0cm; margin-right:0cm; text-align:justify"><span style="font-size:11pt"><span style="background-color:white"><span style="font-family:Calibri,sans-serif"><strong><span style="font-size:10.5pt"><span style="color:darkorange">Phương ph&aacute;p giảng dạy khoa học cho từng độ tuổi:</span></span></strong></span></span></span></p>\r\n\r\n<p style="margin-left:0cm; margin-right:0cm; text-align:justify"><span style="font-size:11pt"><span style="background-color:white"><span style="font-family:Calibri,sans-serif"><strong><span style="font-size:10.5pt"><span style="color:black">Kiểm tra đ&aacute;nh gi&aacute;</span></span></strong></span></span></span></p>\r\n\r\n<ul>\r\n	<li style="text-align:justify"><span style="font-size:11pt"><span style="background-color:white"><span style="color:black"><span style="font-family:Calibri,sans-serif"><span style="font-size:10.5pt">Kiểm tra: C&oacute; hai b&agrave;i kiểm tra giữa v&agrave; cuối kh&oacute;a để gi&uacute;p c&aacute;c gi&aacute;o vi&ecirc;n đ&aacute;nh gi&aacute; khả năng tiến bộ của trẻ trong từng giai đoạn.&nbsp;</span></span></span></span></span></li>\r\n	<li style="text-align:justify"><span style="font-size:11pt"><span style="background-color:white"><span style="color:black"><span style="font-family:Calibri,sans-serif"><span style="font-size:10.5pt">Kết quả kiểm tra đ&aacute;nh gi&aacute; được th&ocirc;ng b&aacute;o tới Phụ huynh .</span></span></span></span></span></li>\r\n	<li style="text-align:justify"><span style="font-size:11pt"><span style="background-color:white"><span style="color:black"><span style="font-family:Calibri,sans-serif"><span style="font-size:10.5pt">H&agrave;ng ng&agrave;y Gi&aacute;o vi&ecirc;n sẽ th&ocirc;ng b&aacute;o kết quả r&egrave;n &acirc;m v&agrave; hướng dẫn Phụ huynh c&aacute;ch luyện cho b&eacute; tại nh&agrave; để đạt hiệu quả cao nhất</span></span></span></span></span></li>\r\n</ul>\r\n', '', '', '', '', '', 0, 'lisp-intensive-treatment', 'Lisp intensive treatment', '', ''),
(210, 105, 'en', 'Lisp intensive treatment', 'Khóa học  Lisp intensive treatment dành cho các bé có độ tuổi từ 4 đến 10 tuổi. ', '<p style="margin-left:0cm; margin-right:0cm; text-align:justify"><span style="font-size:11pt"><span style="background-color:white"><span style="font-family:Calibri,sans-serif"><span style="font-size:18.0pt"><span style="font-family:&quot;Times New Roman&quot;,&quot;serif&quot;"><span style="color:#222222">N&oacute;i ngọng l&agrave; hiện tượng rối loạn ng&ocirc;n ngữ</span></span></span></span></span></span></p>\r\n\r\n<p style="margin-left:0cm; margin-right:0cm; text-align:justify"><span style="font-size:11pt"><span style="background-color:white"><span style="font-family:Calibri,sans-serif"><span style="font-size:10.5pt"><span style="font-family:&quot;Times New Roman&quot;,&quot;serif&quot;"><span style="color:#222222">Ng&ocirc;n ngữ của trẻ được h&igrave;nh th&agrave;nh tr&ecirc;n cơ sở c&aacute;c phản xạ c&oacute; điều kiện, dựa tr&ecirc;n t&aacute;c động của c&aacute;c yếu tố từ m&ocirc;i trường b&ecirc;n ngo&agrave;i k&iacute;ch th&iacute;ch v&agrave;o trung t&acirc;m nghe.</span></span></span></span></span></span></p>\r\n\r\n<p style="margin-left:0cm; margin-right:0cm; text-align:justify"><span style="font-size:11pt"><span style="background-color:white"><span style="font-family:Calibri,sans-serif"><span style="font-size:10.5pt"><span style="font-family:&quot;Times New Roman&quot;,&quot;serif&quot;"><span style="color:#222222">Nếu c&oacute; sự trục trặc n&agrave;o đ&oacute; trong qu&aacute; tr&igrave;nh h&igrave;nh th&agrave;nh ng&ocirc;n ngữ sẽ xảy ra hiện tượng rối loạn ng&ocirc;n ngữ ở trẻ, điển h&igrave;nh l&agrave; ngọng.</span></span></span></span></span></span></p>\r\n\r\n<p style="margin-left:0cm; margin-right:0cm; text-align:justify"><span style="font-size:11pt"><span style="background-color:white"><span style="font-family:Calibri,sans-serif"><span style="font-size:10.5pt"><span style="font-family:&quot;Times New Roman&quot;,&quot;serif&quot;"><span style="color:#222222">C&oacute; 2 dạng n&oacute;i ngọng ở trẻ</span></span></span></span></span></span></p>\r\n\r\n<ul>\r\n	<li style="text-align:justify"><span style="font-size:11pt"><span style="background-color:white"><span style="font-family:Calibri,sans-serif"><span style="font-size:10.0pt"><span style="font-family:&quot;Times New Roman&quot;,&quot;serif&quot;"><span style="color:#222222">N&oacute;i ngọng sinh l&yacute;: cơ quan ph&aacute;t &acirc;m c&oacute; lỗi bẩm sinh như ngắn lưỡi, đầy lưỡi&hellip;</span></span></span></span></span></span></li>\r\n	<li style="text-align:justify"><span style="font-size:11pt"><span style="background-color:white"><span style="font-family:Calibri,sans-serif"><span style="font-size:10.0pt"><span style="font-family:&quot;Times New Roman&quot;,&quot;serif&quot;"><span style="color:#222222">N&oacute;i ngọng mang t&iacute;nh x&atilde; hội: ph&aacute;t &acirc;m lệch so với chuẩn.</span></span></span></span></span></span></li>\r\n</ul>\r\n\r\n<p style="margin-left:0cm; margin-right:0cm; text-align:justify"><span style="font-size:11pt"><span style="background-color:white"><span style="font-family:Calibri,sans-serif"><span style="font-size:18.0pt"><span style="font-family:&quot;Times New Roman&quot;,&quot;serif&quot;"><span style="color:#222222">Nguy&ecirc;n nh&acirc;n khiến cho trẻ n&oacute;i ngọng</span></span></span></span></span></span></p>\r\n\r\n<ul>\r\n	<li style="text-align:justify"><span style="font-size:11pt"><span style="background-color:white"><span style="font-family:Calibri,sans-serif"><span style="font-size:10.0pt"><span style="font-family:&quot;Times New Roman&quot;,&quot;serif&quot;"><span style="color:#222222">L&agrave; do trẻ tự b&oacute;p m&eacute;o &acirc;m thanh để truyền đạt &yacute; m&igrave;nh cho người kh&aacute;c hiểu theo suy nghĩ ri&ecirc;ng của trẻ.</span></span></span></span></span></span></li>\r\n	<li style="text-align:justify"><span style="font-size:11pt"><span style="background-color:white"><span style="font-family:Calibri,sans-serif"><span style="font-size:10.0pt"><span style="font-family:&quot;Times New Roman&quot;,&quot;serif&quot;"><span style="color:#222222">Cha, mẹ kh&ocirc;ng sửa ngay những từ n&oacute;i sai, khiến trẻ tạo th&agrave;nh th&oacute;i quen m&agrave; lặp lại.</span></span></span></span></span></span></li>\r\n	<li style="text-align:justify"><span style="font-size:11pt"><span style="background-color:white"><span style="font-family:Calibri,sans-serif"><span style="font-size:10.0pt"><span style="font-family:&quot;Times New Roman&quot;,&quot;serif&quot;"><span style="color:#222222">Cha mẹ v&agrave; những người xung quanh sử dụng sai ng&ocirc;n ngữ khiến con c&aacute;i bắt chước.</span></span></span></span></span></span></li>\r\n	<li style="text-align:justify"><span style="font-size:11pt"><span style="background-color:white"><span style="font-family:Calibri,sans-serif"><span style="font-size:10.0pt"><span style="font-family:&quot;Times New Roman&quot;,&quot;serif&quot;"><span style="color:#222222">Một số bệnh khi trẻ mắc phải g&acirc;y kh&oacute; thở, ngạt mũi khiến khi n&oacute;i trẻ phải th&egrave; lưỡi ra để ph&aacute;t &acirc;m cũng l&agrave; nguy&ecirc;n nh&acirc;n khiến trẻ n&oacute;i ngọng.</span></span></span></span></span></span></li>\r\n</ul>\r\n\r\n<p style="margin-left:0cm; margin-right:0cm; text-align:justify"><span style="font-size:11pt"><span style="background-color:white"><span style="font-family:Calibri,sans-serif"><span style="font-size:18.0pt"><span style="font-family:&quot;Times New Roman&quot;,&quot;serif&quot;"><span style="color:#222222">Phương ph&aacute;p sửa n&oacute;i ngọng</span></span></span></span></span></span></p>\r\n\r\n<ul>\r\n	<li style="text-align:justify"><span style="font-size:11pt"><span style="background-color:white"><span style="font-family:Calibri,sans-serif"><span style="font-size:10.0pt"><span style="font-family:&quot;Times New Roman&quot;,&quot;serif&quot;"><span style="color:#222222">Gi&uacute;p b&eacute; thoải m&aacute;i, thả l&ograve;ng người v&agrave; thật b&igrave;nh tĩnh trước khi n&oacute;i.</span></span></span></span></span></span></li>\r\n	<li style="text-align:justify"><span style="font-size:11pt"><span style="background-color:white"><span style="font-family:Calibri,sans-serif"><span style="font-size:10.0pt"><span style="font-family:&quot;Times New Roman&quot;,&quot;serif&quot;"><span style="color:#222222">Kh&ocirc;ng hỏi dồn khiến b&eacute; l&uacute;ng t&uacute;ng, n&oacute;i lắp, ngọng&hellip;</span></span></span></span></span></span></li>\r\n	<li style="text-align:justify"><span style="font-size:11pt"><span style="background-color:white"><span style="font-family:Calibri,sans-serif"><span style="font-size:10.0pt"><span style="font-family:&quot;Times New Roman&quot;,&quot;serif&quot;"><span style="color:#222222">Dạy b&eacute; c&aacute;ch đặt lưỡi thế n&agrave;o, hơi bật ra l&agrave;m sao v&agrave; l&agrave;m mẫu để b&eacute; dễ d&agrave;ng bắt chước v&agrave; học theo.</span></span></span></span></span></span></li>\r\n	<li style="text-align:justify"><span style="font-size:11pt"><span style="background-color:white"><span style="font-family:Calibri,sans-serif"><span style="font-size:10.0pt"><span style="font-family:&quot;Times New Roman&quot;,&quot;serif&quot;"><span style="color:#222222">N&oacute;i chuyện, h&aacute;t cho b&eacute; nghe: d&ugrave;ng từ ngữ thật chuẩn v&agrave; thường xuy&ecirc;n, b&eacute; sẽ c&oacute; một qu&aacute; tr&igrave;nh để bắt chước theo những b&agrave;i h&aacute;t, c&acirc;u chuyện m&agrave; bạn kể.</span></span></span></span></span></span></li>\r\n	<li style="text-align:justify"><span style="font-size:11pt"><span style="background-color:white"><span style="font-family:Calibri,sans-serif"><span style="font-size:10.0pt"><span style="font-family:&quot;Times New Roman&quot;,&quot;serif&quot;"><span style="color:#222222">Với những từ b&eacute; bị ngọng ch&uacute;ng ta sẽ kể lại phần đ&oacute; nhiều lần để b&eacute; ghi nhớ v&agrave; l&agrave;m theo.</span></span></span></span></span></span></li>\r\n	<li style="text-align:justify"><span style="font-size:11pt"><span style="background-color:white"><span style="font-family:Calibri,sans-serif"><span style="font-size:10.0pt"><span style="font-family:&quot;Times New Roman&quot;,&quot;serif&quot;"><span style="color:#222222">Cho b&eacute; tiếp x&uacute;c với m&ocirc;i trường rộng lớn b&ecirc;n ngo&agrave;i. Việc tăng cường những hoạt động giao tiếp, nhất l&agrave; ở chỗ đ&ocirc;ng người sẽ khiến b&eacute; nhanh nhẹn, mau miệng hơn.</span></span></span></span></span></span></li>\r\n	<li style="text-align:justify"><span style="font-size:11pt"><span style="background-color:white"><span style="font-family:Calibri,sans-serif"><span style="font-size:10.0pt"><span style="font-family:&quot;Times New Roman&quot;,&quot;serif&quot;"><span style="color:#222222">Hạn chế để b&eacute; tiếp x&uacute;c với người hay bị n&oacute;i ngọng.</span></span></span></span></span></span></li>\r\n	<li style="text-align:justify"><span style="font-size:11pt"><span style="background-color:white"><span style="font-family:Calibri,sans-serif"><span style="font-size:10.0pt"><span style="font-family:&quot;Times New Roman&quot;,&quot;serif&quot;"><span style="color:#222222">Khi con ngọng, tuyệt đối kh&ocirc;ng nhại lại, điều n&agrave;y khiến b&eacute; sẽ kh&ocirc;ng &yacute; thức được việc ph&aacute;t &acirc;m chuẩn l&agrave; việc n&ecirc;n l&agrave;m.</span></span></span></span></span></span></li>\r\n</ul>\r\n\r\n<p style="margin-left:0cm; margin-right:0cm"><span style="font-size:11pt"><span style="font-family:Calibri,sans-serif"><span style="font-size:10.5pt"><span style="background-color:white"><span style="font-family:&quot;Times New Roman&quot;,&quot;serif&quot;"><span style="color:#1d2129">MỤC Đ&Iacute;CH SỬA PH&Aacute;T &Acirc;M CHO CON L&Agrave; G&Igrave;?</span></span></span></span><br />\r\n<span style="font-size:10.5pt"><span style="font-family:&quot;Times New Roman&quot;,&quot;serif&quot;"><span style="color:#1d2129"><span style="background-color:white">Ph&aacute;t &acirc;m đ&uacute;ng kh&ocirc;ng phải mục ti&ecirc;u duy nhất v&agrave; nếu đạt được cũng chưa phải l&agrave; kết quả cuối c&ugrave;ng m&agrave; American Skills mong muốn hướng đến.</span><br />\r\n<span style="background-color:white">Hơn thế nữa,</span><br />\r\n<span style="background-color:white">C&aacute;c con c&ograve;n phải n&oacute;i lưu lo&aacute;t, tr&ocirc;i chảy, giao tiếp tốt với người xung quanh.</span><br />\r\n<span style="background-color:white">Ch&iacute;nh v&igrave; vậy, sau khi kết th&uacute;c việc sửa ph&aacute;t &acirc;m, c&aacute;c b&eacute; sẽ tiếp tục trải nghiệm những buổi tập phản xạ để c&oacute; thể n&oacute;i lưu lo&aacute;t hoặc c&oacute; những buổi ngồi tr&ograve; chuyện c&ugrave;ng người lạ để r&egrave;n luyện th&ecirc;m về ng&ocirc;n ngữ.<br />\r\nTất cả đều nằm trong chương tr&igrave;nh r&egrave;n luyện sửa ph&aacute;t &acirc;m cho c&aacute;c con của American Skills.<br />\r\nNội dung Chương tr&igrave;nh :</span></span></span></span></span></span></p>\r\n\r\n<p style="margin-left:0cm; margin-right:0cm; text-align:justify"><span style="font-size:11pt"><span style="background-color:white"><span style="font-family:Calibri,sans-serif"><span style="font-size:12.0pt"><span style="font-family:&quot;Times New Roman&quot;,&quot;serif&quot;"><span style="color:black">Bước đầu ti&ecirc;n khi dạy, American Skills sẽ đi từ một phụ &acirc;m hay một nguy&ecirc;n &acirc;m chứ kh&ocirc;ng n&ecirc;n đi từ tiếng hoặc từ, trẻ kh&oacute; c&oacute; thể bắt chước được. Sau khi đ&atilde; n&oacute;i tốt &acirc;m đ&oacute;, ch&uacute;ng ta mới gh&eacute;p v&agrave;o c&aacute;c tiếng, c&aacute;c từ, cụm từ, c&aacute;c c&acirc;u v&agrave; cuối c&ugrave;ng l&agrave; hội thoại.</span></span></span></span></span></span></p>\r\n\r\n<p style="margin-left:0cm; margin-right:0cm; text-align:justify"><span style="font-size:11pt"><span style="background-color:white"><span style="font-family:Calibri,sans-serif"><span style="font-size:12.0pt"><span style="font-family:&quot;Times New Roman&quot;,&quot;serif&quot;"><span style="color:black">Người hướng dẫn sẽ l&agrave;m mẫu &acirc;m cần dạy, giới thiệu c&aacute;ch tạo n&ecirc;n &acirc;m đ&oacute; v&agrave; hướng dẫn cho trẻ l&agrave;m. Đặt một c&aacute;i gương trước mặt, người hướng dẫn sẽ l&agrave;m mẫu v&agrave; n&oacute;i về vị tr&iacute; tạo n&ecirc;n &acirc;m đ&oacute; (vị tr&iacute; của lưỡi, h&igrave;nh d&aacute;ng, độ mở của miệng, cử động của v&ograve;m miệng&hellip;), c&aacute;ch tạo n&ecirc;n &acirc;m đ&oacute; (c&aacute;ch lấy hơi v&agrave; đẩy hơi) v&agrave; sự cảm nhận độ rung của d&acirc;y thanh nếu c&oacute;.<br />\r\nSau khi trẻ đ&atilde; n&oacute;i tốt c&aacute;c &acirc;m độc lập, người hướng dẫn chọn từ 15-20 bức tranh c&oacute; &acirc;m đ&oacute; (v&iacute; dụ: nếu ch&uacute;ng ta dạy &acirc;m &ldquo;s&rdquo;, ch&uacute;ng ta sẽ chọn ra những bức tranh c&oacute; phụ &acirc;m đầu l&agrave; &ldquo;s&rdquo; như: &ldquo;s&ocirc;ng&rdquo;, &ldquo;sao&rdquo;, &ldquo;s&aacute;ch&rdquo;&hellip;) để dạy trẻ ph&aacute;t &acirc;m v&agrave;o c&aacute;c tiếng v&agrave; từ.</span></span></span></span></span></span></p>\r\n\r\n<p style="margin-left:0cm; margin-right:0cm; text-align:justify"><span style="font-size:11pt"><span style="background-color:white"><span style="font-family:Calibri,sans-serif"><span style="font-size:12.0pt"><span style="font-family:&quot;Times New Roman&quot;,&quot;serif&quot;"><span style="color:black">Việc sửa c&aacute;c &acirc;m lỗi được coi như l&agrave; ho&agrave;n th&agrave;nh khi trẻ n&oacute;i đ&uacute;ng được c&aacute;c &acirc;m lỗi trong mọi hội thoại, ở mọi ho&agrave;n cảnh kh&aacute;c nhau. Tuy nhi&ecirc;n, việc n&oacute;i tốt c&aacute;c &acirc;m trong từ hoặc c&acirc;u ngắn kh&ocirc;ng đồng nghĩa với việc trẻ sẽ n&oacute;i tốt trong hội thoại. Để l&agrave;m tốt được việc n&agrave;y th&igrave; ngo&agrave;i sự cố gắng của trẻ c&ograve;n cần đến sự tham gia của c&aacute;c th&agrave;nh vi&ecirc;n trong gia đ&igrave;nh trẻ v&agrave; những người giao tiếp thường xuy&ecirc;n với trẻ. Sau &acirc;m được chỉnh xong, cứ 3 th&aacute;ng 1 lần, cần thiết phải kiểm tra lại sự ph&aacute;t &acirc;m của trẻ. Nếu trong 1 năm, trong giao tiếp của trẻ kh&ocirc;ng c&ograve;n c&aacute;c &acirc;m sai xuất hiện th&igrave; việc chỉnh &acirc;m kết th&uacute;c.</span></span></span></span></span></span></p>\r\n\r\n<p style="margin-left:0cm; margin-right:0cm"><span style="font-size:11pt"><span style="font-family:Calibri,sans-serif"><a href="http://blueoceankids.edu.vn/tieng-anh-tre-em.html" style="color:blue; text-decoration:underline"><span style="font-size:10.5pt"><span style="font-family:&quot;Times New Roman&quot;,&quot;serif&quot;">Kh&oacute;a học </span></span></a><strong>&nbsp;</strong><strong><span style="font-size:14.0pt"><span style="background-color:white"><span style="font-family:&quot;Times New Roman&quot;,&quot;serif&quot;"><span style="color:#222222">Lisp intensive treatment </span></span></span></span></strong><span style="font-size:10.5pt"><span style="font-family:&quot;Times New Roman&quot;,&quot;serif&quot;"><span style="color:black">d&agrave;nh cho c&aacute;c b&eacute; c&oacute; độ tuổi từ 4 đến 10 tuổi. </span></span></span></span></span></p>\r\n\r\n<p style="margin-left:0cm; margin-right:0cm"><span style="font-size:11pt"><span style="background-color:white"><span style="font-family:Calibri,sans-serif"><strong><span style="font-size:10.5pt"><span style="color:black">Đối tượng:</span></span></strong><span style="font-size:10.5pt"><span style="font-family:&quot;Times New Roman&quot;,&quot;serif&quot;"><span style="color:black">&nbsp;d&agrave;nh cho c&aacute;c b&eacute; c&oacute; độ tuổi từ 4 đến 10 tuổi. </span></span></span></span></span></span></p>\r\n\r\n<p style="margin-left:0cm; margin-right:0cm"><span style="font-size:11pt"><span style="background-color:white"><span style="font-family:Calibri,sans-serif"><strong><span style="font-size:10.5pt"><span style="color:black">Thời gian học:</span></span></strong><span style="font-size:10.5pt"><span style="font-family:&quot;Times New Roman&quot;,&quot;serif&quot;"><span style="color:black">&nbsp;24 giờ/ cấp độ, k&eacute;o d&agrave;i khoảng 3 th&aacute;ng</span></span></span><br />\r\n<strong><span style="font-size:10.5pt"><span style="color:black">Cấp độ:</span></span></strong></span></span></span></p>\r\n\r\n<ul>\r\n	<li><span style="font-size:11pt"><span style="background-color:white"><span style="color:black"><span style="font-family:Calibri,sans-serif"><span style="font-size:10.5pt"><span style="font-family:&quot;Times New Roman&quot;,&quot;serif&quot;">&nbsp;Starters </span></span></span></span></span></span></li>\r\n	<li><span style="font-size:11pt"><span style="background-color:white"><span style="color:black"><span style="font-family:Calibri,sans-serif"><span style="font-size:10.5pt"><span style="font-family:&quot;Times New Roman&quot;,&quot;serif&quot;">&nbsp; SC</span></span></span></span></span></span></li>\r\n</ul>\r\n\r\n<p style="margin-left:0cm; margin-right:0cm"><span style="font-size:11pt"><span style="background-color:white"><span style="font-family:Calibri,sans-serif"><strong><span style="font-size:10.5pt"><span style="color:black">Gi&aacute;o tr&igrave;nh</span></span></strong><span style="font-size:10.5pt"><span style="font-family:&quot;Times New Roman&quot;,&quot;serif&quot;"><span style="color:black">: Bi&ecirc;n soạn độc quyền của American Skills</span></span></span><br />\r\n<strong><span style="font-size:10.0pt"><span style="font-family:&quot;Times New Roman&quot;,&quot;serif&quot;"><span style="color:black">Nh&oacute;m học</span></span></span></strong><span style="font-size:10.0pt"><span style="font-family:&quot;Times New Roman&quot;,&quot;serif&quot;"><span style="color:black"> : 1 gi&aacute;o vi&ecirc;n hướng dẫn 1-2 học sinh</span></span></span></span></span></span></p>\r\n\r\n<p style="margin-left:0cm; margin-right:0cm; text-align:justify"><span style="font-size:11pt"><span style="background-color:white"><span style="font-family:Calibri,sans-serif"><strong><span style="font-size:10.5pt"><span style="color:darkorange">Phương ph&aacute;p giảng dạy khoa học cho từng độ tuổi:</span></span></strong></span></span></span></p>\r\n\r\n<p style="margin-left:0cm; margin-right:0cm; text-align:justify"><span style="font-size:11pt"><span style="background-color:white"><span style="font-family:Calibri,sans-serif"><strong><span style="font-size:10.5pt"><span style="color:black">Kiểm tra đ&aacute;nh gi&aacute;</span></span></strong></span></span></span></p>\r\n\r\n<ul>\r\n	<li style="text-align:justify"><span style="font-size:11pt"><span style="background-color:white"><span style="color:black"><span style="font-family:Calibri,sans-serif"><span style="font-size:10.5pt"><span style="font-family:&quot;Times New Roman&quot;,&quot;serif&quot;">Kiểm tra: C&oacute; hai b&agrave;i kiểm tra giữa v&agrave; cuối kh&oacute;a để gi&uacute;p c&aacute;c gi&aacute;o vi&ecirc;n đ&aacute;nh gi&aacute; khả năng tiến bộ của trẻ trong từng giai đoạn.&nbsp;</span></span></span></span></span></span></li>\r\n	<li style="text-align:justify"><span style="font-size:11pt"><span style="background-color:white"><span style="color:black"><span style="font-family:Calibri,sans-serif"><span style="font-size:10.5pt"><span style="font-family:&quot;Times New Roman&quot;,&quot;serif&quot;">Kết quả kiểm tra đ&aacute;nh gi&aacute; được th&ocirc;ng b&aacute;o tới Phụ huynh .</span></span></span></span></span></span></li>\r\n	<li style="text-align:justify"><span style="font-size:11pt"><span style="background-color:white"><span style="color:black"><span style="font-family:Calibri,sans-serif"><span style="font-size:10.5pt"><span style="font-family:&quot;Times New Roman&quot;,&quot;serif&quot;">H&agrave;ng ng&agrave;y Gi&aacute;o vi&ecirc;n sẽ th&ocirc;ng b&aacute;o kết quả r&egrave;n &acirc;m v&agrave; hướng dẫn Phụ huynh c&aacute;ch luyện cho b&eacute; tại nh&agrave; để đạt hiệu quả cao nhất</span></span></span></span></span></span></li>\r\n</ul>\r\n', '', '', '', '', '', 0, 'lisp-intensive-treatment', 'Lisp intensive treatment', '', '');
INSERT INTO `news_languages` (`id`, `news_id`, `languages_code`, `lang_news_name`, `lang_news_des`, `lang_news_content`, `lang_news_sub_info1`, `lang_news_sub_info2`, `lang_news_sub_info3`, `lang_news_sub_info4`, `lang_news_sub_info5`, `edit_state`, `friendly_url`, `title_seo`, `des_seo`, `keyword`) VALUES
(211, 106, 'vn', 'Toán mầm non', '', '<p style="margin-left:0cm; margin-right:0cm"><span style="font-size:18pt"><span style="background-color:white"><strong><span style="font-size:11.0pt"><span style="color:black">CHƯƠNG TR&Igrave;NH TIỀN TIỂU HỌC : (D&agrave;nh cho trẻ từ 4-6 tuổi)</span></span></strong></span></span></p>\r\n\r\n<h2 style="margin-left:0cm; margin-right:0cm"><span style="font-size:18pt"><span style="background-color:white"><strong><span style="font-size:11.0pt"><span style="color:black">avits MATH FOR PRE- SCHOOL: </span></span><span style="font-size:11.0pt"><span style="background-color:white"><span style="color:black">trang bị cho trẻ những kiến thức nền tảng của tư duy to&aacute;n học, tiếp cận v&agrave; ph&aacute;t triển tư duy số, khơi dậy niềm hứng th&uacute; với m&ocirc;n To&aacute;n tr&ecirc;n cơ sở thấu hiểu bản chất của c&aacute;c kh&aacute;i niệm to&aacute;n v&agrave; sự ứng dụng của to&aacute;n để giải quyết vấn đề thế giới thực.</span></span></span><br />\r\n<span style="font-size:11.0pt"><span style="color:#333333">Với 3 cấp độ: Starter =&gt; K =&gt; SC</span></span></strong></span></span></h2>\r\n\r\n<p style="margin-left:0cm; margin-right:0cm"><span style="font-size:12pt"><span style="background-color:white"><span style="font-size:11.0pt"><span style="color:#333333">GỒM C&Aacute;C CHỦ ĐỀ:</span></span></span></span></p>\r\n\r\n<p style="margin-left:0cm; margin-right:0cm"><span style="font-size:12pt"><span style="background-color:white"><strong><span style="font-size:11.0pt"><span style="color:fuchsia">Color - M&agrave;u sắc</span></span></strong></span></span></p>\r\n\r\n<p style="margin-left:0cm; margin-right:0cm"><span style="font-size:12pt"><span style="background-color:white"><span style="font-size:11.0pt"><span style="color:#333333">Ngo&agrave;i &nbsp;việc &nbsp;nhận &nbsp;biết, &nbsp;ph&acirc;n &nbsp;biệt &nbsp;v&agrave; &nbsp;đọc &nbsp;t&ecirc;n &nbsp;m&agrave;u sắc c&aacute;c em c&ograve;n biết th&ocirc;ng qua m&agrave;u sắc ph&acirc;n biệt sự giống nhau v&agrave; kh&aacute;c nhau của sự vật, hiện tượng. T&igrave;m ra quy luật của sự vận động m&agrave;u sắc trong tự nhi&ecirc;n.</span></span></span></span></p>\r\n\r\n<p style="margin-left:0cm; margin-right:0cm"><span style="font-size:12pt"><span style="background-color:white"><strong><span style="font-size:11.0pt"><span style="color:fuchsia">Material - Chất liệu</span></span></strong></span></span></p>\r\n\r\n<p style="margin-left:0cm; margin-right:0cm"><span style="font-size:12pt"><span style="background-color:white"><span style="font-size:11.0pt"><span style="color:#333333">Chất liệu l&agrave; một thuộc t&iacute;nh quan trọng gi&uacute;p trẻ cảm nhận được c&aacute;c đồ vật, ph&acirc;n biệt đặc t&iacute;nh của c&aacute;c đồ &nbsp;vật. &nbsp;R&egrave;n &nbsp;luyện &nbsp;kỹ &nbsp;năng tư &nbsp;duy &nbsp;của &nbsp;trẻ &nbsp;về &nbsp;sự giống v&agrave; kh&aacute;c nhau của c&aacute;c đồ vật th&ocirc;ng qua chất liệu. Qua đ&oacute; gi&uacute;p c&aacute;c em thấy được sự đa dạng của cuộc sống.</span></span></span></span></p>\r\n\r\n<p style="margin-left:0cm; margin-right:0cm"><span style="font-size:12pt"><span style="background-color:white"><strong><span style="font-size:11.0pt"><span style="color:fuchsia">Size - K&iacute;ch thước</span></span></strong></span></span></p>\r\n\r\n<p style="margin-left:0cm; margin-right:0cm"><span style="font-size:12pt"><span style="background-color:white"><span style="font-size:11.0pt"><span style="color:#333333">Trẻ bước đầu được l&agrave;m quen với k&iacute;ch cỡ to/ nhỏ, ngắn/d&agrave;i. &nbsp;Biết &nbsp;so &nbsp;s&aacute;nh &nbsp;hơn/nhất. &nbsp;Ban &nbsp;đầu &nbsp;h&igrave;nh th&agrave;nh tư duy ước lượng v&agrave; tỷ lệ.</span></span></span></span></p>\r\n\r\n<p style="margin-left:0cm; margin-right:0cm"><span style="font-size:12pt"><span style="background-color:white"><strong><span style="font-size:11.0pt"><span style="color:fuchsia">Shape - H&igrave;nh dạng</span></span></strong></span></span></p>\r\n\r\n<p style="margin-left:0cm; margin-right:0cm"><span style="font-size:12pt"><span style="background-color:white"><span style="font-size:11.0pt"><span style="color:#333333">H&igrave;nh &nbsp;dạng &nbsp;l&agrave; &nbsp;kh&aacute;i &nbsp;niệm &nbsp;ban &nbsp;đầu &nbsp;của &nbsp;tư &nbsp;duy &nbsp;về h&igrave;nh học. Qua chủ để n&agrave;y c&aacute;c em kh&ocirc;ng chỉ dừng lại ở việc nhận biết h&igrave;nh dạng m&agrave; c&ograve;n biết được đặc điểm của c&aacute;c dạng h&igrave;nh, so s&aacute;nh sự giống v&agrave; kh&aacute;c nhau của h&igrave;nh. Gi&uacute;p c&aacute;c em ph&aacute;t triển khả năng quan s&aacute;t, ph&acirc;n t&iacute;ch v&agrave; tư duy về h&igrave;nh.</span></span></span></span></p>\r\n\r\n<p style="margin-left:0cm; margin-right:0cm"><span style="font-size:12pt"><span style="background-color:white"><strong><span style="font-size:11.0pt"><span style="color:fuchsia">Classify - Ph&acirc;n loại</span></span></strong></span></span></p>\r\n\r\n<p style="margin-left:0cm; margin-right:0cm"><span style="font-size:12pt"><span style="background-color:white"><span style="font-size:11.0pt"><span style="color:#333333">Ph&acirc;n loại l&agrave; chủ đề tư duy tổng hợp của c&aacute;c chủ đề tr&ecirc;n. Qua chủ đề n&agrave;y học sinh được ứng dụng c&aacute;c kiến thức đ&atilde; học v&agrave;o c&aacute;c dạng b&agrave;i tập ph&acirc;n t&iacute;ch v&agrave; tư duy tổng hợp. Gi&uacute;p học sinh r&egrave;n luyện khả năng tư duy về h&igrave;nh v&agrave; ph&aacute;t triển khả năng qua s&aacute;t nhạy b&eacute;n.</span></span></span></span></p>\r\n\r\n<p style="margin-left:0cm; margin-right:0cm"><span style="font-size:12pt"><span style="background-color:white"><strong><span style="font-size:11.0pt"><span style="color:fuchsia">Positions - Vị tr&iacute;</span></span></strong></span></span></p>\r\n\r\n<p style="margin-left:0cm; margin-right:0cm"><span style="font-size:12pt"><span style="background-color:white"><span style="font-size:11.0pt"><span style="color:#333333">Qua chủ đề n&agrave;y học sinh c&oacute; được những kh&aacute;i niệm ban &nbsp;đầu &nbsp;về &nbsp;kh&ocirc;ng &nbsp;gian &nbsp;v&agrave; &nbsp;l&agrave; &nbsp;tiền &nbsp;đề &nbsp;cho &nbsp;h&igrave;nh &nbsp;học kh&ocirc;ng gian sau n&agrave;y. Tư duy về vị tr&iacute; trong kh&ocirc;ng gian gi&uacute;p &nbsp;trẻ &nbsp;ph&aacute;t &nbsp;triển &nbsp;khả &nbsp;năng &nbsp;tưởng &nbsp;tượng &nbsp;v&agrave; &nbsp;định hướng trong kh&ocirc;ng gian tốt.</span></span></span></span></p>\r\n\r\n<p style="margin-left:0cm; margin-right:0cm"><span style="font-size:12pt"><span style="background-color:white"><strong><span style="font-size:11.0pt"><span style="color:fuchsia">Patterns - Quy luật</span></span></strong></span></span></p>\r\n\r\n<p style="margin-left:0cm; margin-right:0cm"><span style="font-size:12pt"><span style="background-color:white"><span style="font-size:11.0pt"><span style="color:#333333">L&agrave; chủ đề điển h&igrave;nh của kỹ năng tư duy của bộ n&atilde;o. Chủ đề n&agrave;y gi&uacute;p r&egrave;n luyện chỉ số IQ của trẻ, gi&uacute;p trẻ ph&aacute;t triển khả năng quan s&aacute;t, ph&acirc;n t&iacute;ch, ph&aacute;n đo&aacute;n, suy luận logic.</span></span></span></span></p>\r\n\r\n<p style="margin-left:0cm; margin-right:0cm"><span style="font-size:12pt"><span style="background-color:white"><strong><span style="font-size:11.0pt"><span style="color:fuchsia">Numbers and counting - Tư duy số</span></span></strong></span></span></p>\r\n\r\n<p style="margin-left:0cm; margin-right:0cm"><span style="font-size:12pt"><span style="background-color:white"><span style="font-size:11.0pt"><span style="color:#333333">Tư duy số l&agrave; chủ đề kh&ocirc;ng thể thiếu gi&uacute;p trẻ học giỏi To&aacute;n. Ngo&agrave;i việc gi&uacute;p trẻ nhận diện v&agrave; viết số, th&ocirc;ng qua &nbsp;c&aacute;c &nbsp;b&agrave;i &nbsp;tập &nbsp;ứng dụng &nbsp;sẽ &nbsp;gi&uacute;p &nbsp;c&aacute;c &nbsp;em &nbsp;hiểu &nbsp;bản chất của số, vị tr&iacute; của số tr&ecirc;n trục số, khoảng c&aacute;ch của c&aacute;c số. Học đếm sẽ gi&uacute;p trẻ tăng khả năng tập trung, ph&aacute;t triển tr&iacute; n&atilde;o v&agrave; h&igrave;nh th&agrave;nh nếp nhăn của n&atilde;o bộ.</span></span></span></span></p>\r\n\r\n<p style="margin-left:0cm; margin-right:0cm"><span style="font-size:12pt"><span style="background-color:white"><strong><span style="font-size:11.0pt"><span style="color:fuchsia">Sorting, ordering, and classifying - Sắp xếp, thứ tự, ph&acirc;n nh&oacute;m</span></span></strong></span></span></p>\r\n\r\n<p style="margin-left:0cm; margin-right:0cm"><span style="font-size:12pt"><span style="background-color:white"><span style="font-size:11.0pt"><span style="color:#333333">Khi đ&atilde; hiểu bản chất của c&aacute;c số c&aacute;c em sẽ được r&egrave;n luyện sắp xếp thứ tự c&aacute;c số theo y&ecirc;u cầu. L&agrave;m quen với việc ph&acirc;n nh&oacute;m theo số lượng v&agrave; hiểu được bản chất của nh&oacute;m. Tư duy về nh&oacute;m l&agrave; một dạng tư duy ho&agrave;n to&agrave;n mới m&agrave; từ trước đến nay c&aacute;c học sinh &iacute;t được tiếp cận. Tư duy nh&oacute;m gi&uacute;p c&aacute;c em giải quyết được rất nhiều dạng b&agrave;i tập sau n&agrave;y v&agrave; thậm ch&iacute; cả c&aacute;c b&agrave;i to&aacute;n k&iacute;nh tế, x&atilde; hội cũng như tiếp cận c&aacute;c m&ocirc;n học kh&aacute;c dễ d&agrave;ng hơn.</span></span></span></span></p>\r\n\r\n<p style="margin-left:0cm; margin-right:0cm"><span style="font-size:12pt"><span style="background-color:white"><strong><span style="font-size:11.0pt"><span style="color:fuchsia">Fractions - Ph&acirc;n số</span></span></strong></span></span></p>\r\n\r\n<p style="margin-left:0cm; margin-right:0cm"><span style="font-size:12pt"><span style="background-color:white"><span style="font-size:11.0pt"><span style="color:#333333">L&agrave; một chủ đề ho&agrave;n to&agrave;n mới với c&aacute;c em học sinh ở tuổi Mầm mon. Nhưng với c&aacute;ch tiếp cận thực tế v&agrave; trực quan th&ocirc;ng qua việc chia đồ vật, chia h&igrave;nh chương tr&igrave;nh gi&uacute;p c&aacute;c em hiểu bản chất của ph&acirc;n số v&agrave; t&igrave;m được gi&aacute; trị của ph&acirc;n số một c&aacute;ch dễ d&agrave;ng.</span></span></span></span></p>\r\n\r\n<p style="margin-left:0cm; margin-right:0cm"><span style="font-size:12pt"><span style="background-color:white"><strong><span style="font-size:11.0pt"><span style="color:fuchsia">Measurement - Đo lường</span></span></strong></span></span></p>\r\n\r\n<p style="margin-left:0cm; margin-right:0cm"><span style="font-size:12pt"><span style="background-color:white"><span style="font-size:11.0pt"><span style="color:#333333">Gi&uacute;p c&aacute;c em c&oacute; kh&aacute;i niệm ban đầu về k&iacute;ch thước bằng c&aacute;ch so s&aacute;nh với c&aacute;c vật kh&aacute;c. Gi&uacute;p c&aacute;c em ph&aacute;t triển tư duy về tỷ lệ v&agrave; khả năng ước lượng. Ngo&agrave;i ra, c&aacute;c em c&ograve;n biết so s&aacute;nh c&aacute;c nh&oacute;m vật với nhau như: d&agrave;i hơn/ d&agrave;i nhất, ngắn hơn/ ngắn nhất, thấp hơn/ thấp nhất,&hellip;</span></span></span></span></p>\r\n\r\n<p style="margin-left:0cm; margin-right:0cm"><span style="font-size:12pt"><span style="background-color:white"><strong><span style="font-size:11.0pt"><span style="color:fuchsia">Time - Tư duy thời gian</span></span></strong></span></span></p>\r\n\r\n<p style="margin-left:0cm; margin-right:0cm"><span style="font-size:12pt"><span style="background-color:white"><span style="font-size:11.0pt"><span style="color:#333333">Thời gian l&agrave; nh&acirc;n tố v&ocirc; c&ugrave;ng quan trọng với cuộc sống của mỗi người. Biết tư duy về thời gian sẽ gi&uacute;p trẻ biết sắp xếp kế hoạch học tập v&agrave; vui chơi ph&ugrave; hợp. Hiểu về sự vận động của thời gian sẽ gi&uacute;p c&aacute;c em c&oacute; &yacute; thức v&agrave; biết c&aacute;ch sử dụng thời gian tốt hơn v&agrave; hiệu quả hơn.</span></span></span></span></p>\r\n\r\n<p style="margin-left:0cm; margin-right:0cm"><span style="font-size:12pt"><span style="background-color:white"><strong><span style="font-size:11.0pt"><span style="color:fuchsia">Comparing - So s&aacute;nh</span></span></strong></span></span></p>\r\n\r\n<p style="margin-left:0cm; margin-right:0cm"><span style="font-size:12pt"><span style="background-color:white"><span style="font-size:11.0pt"><span style="color:#333333">Qua chủ đề n&agrave;y gi&uacute;p c&aacute;c em hiểu được mối tương quan giữa c&aacute;c sự vật v&agrave; hiện tượng qua đ&oacute; c&aacute;c em thấy được quy luật của To&aacute;n học. Đ&acirc;y l&agrave; một chủ đề tư duy tổng hợp của phần tư duy số. Để giải quyết được c&aacute;c dạng b&agrave;i tập trong chủ đề n&agrave;y c&aacute;c em phải c&oacute; tư duy tốt về lượng, nh&oacute;m, về tương quan tỷ lệ.</span></span></span></span></p>\r\n\r\n<p style="margin-left:0cm; margin-right:0cm"><span style="font-size:12pt"><span style="background-color:white"><strong><span style="font-size:11.0pt"><span style="color:fuchsia">Addition - Ph&eacute;p cộng</span></span></strong></span></span></p>\r\n\r\n<p style="margin-left:0cm; margin-right:0cm"><span style="font-size:12pt"><span style="background-color:white"><span style="font-size:11.0pt"><span style="color:#333333">Ph&eacute;p cộng l&agrave; chủ đề kh&ocirc;ng thể thiếu trong To&aacute;n học. Math Skills kh&ocirc;ng ch&uacute; trọng đến kết quả của ph&eacute;p t&iacute;nh m&agrave; quan t&acirc;m đến phương ph&aacute;p để đi đến kết quả đ&oacute;. Với phương ph&aacute;p tư duy số kh&ocirc;ng chỉ gi&uacute;p c&aacute;c em t&iacute;nh nhẩm nhanh, nhẩm đ&uacute;ng m&agrave; c&ograve;n gi&uacute;p ph&aacute;t triển tư duy v&agrave; tr&iacute; n&atilde;o.</span></span></span></span></p>\r\n\r\n<p style="margin-left:0cm; margin-right:0cm"><span style="font-size:12pt"><span style="background-color:white"><strong><span style="font-size:11.0pt"><span style="color:fuchsia">Subtraction - Ph&eacute;p trừ</span></span></strong></span></span></p>\r\n\r\n<p style="margin-left:0cm; margin-right:0cm"><span style="font-size:12pt"><span style="background-color:white"><span style="font-size:11.0pt"><span style="color:#333333">Ph&eacute;p trừ l&agrave; dạng ngược lại của ph&eacute;p cộng. &nbsp;Tư duy ngược đ&ocirc;i khi kh&oacute; hơn tư duy xu&ocirc;i. Với phương ph&aacute;p tư duy Math Skills gi&uacute;p tr&iacute; n&atilde;o của c&aacute;c em hoạt động đa chiều v&agrave; linh hoạt.</span></span></span></span></p>\r\n\r\n<p style="margin-left:0cm; margin-right:0cm"><span style="font-size:12pt"><span style="background-color:white"><strong><span style="font-size:11.0pt"><span style="color:fuchsia">Proportional thinking - Tư duy tỷ lệ</span></span></strong></span></span></p>\r\n\r\n<p style="margin-left:0cm; margin-right:0cm"><span style="font-size:12pt"><span style="background-color:white"><span style="font-size:11.0pt"><span style="color:#333333">Đ&acirc;y l&agrave; đỉnh cao của tư duy số. B&agrave;i tập tư duy tỷ lệ gi&uacute;p r&egrave;n luyện khả năng tư duy tổng hợp, khả năng định lượng v&agrave; tư duy nh&oacute;m.</span></span></span></span></p>\r\n\r\n<p style="margin-left:0cm; margin-right:0cm">&nbsp;</p>\r\n\r\n<p style="margin-left:0cm; margin-right:0cm"><span style="font-size:11pt"><span style="background-color:white"><span style="font-family:Calibri,sans-serif"><strong><span style="color:black">1. Cấp độ Starter : </span></strong><span style="background-color:white"><span style="color:black">sẽ bắt đầu được tiếp cận dần với c&aacute;c nội dung To&aacute;n căn bản. Bắt đầu với c&aacute;c nội dung nền tảng: ph&acirc;n biệt h&igrave;nh dạng, m&agrave;u sắc, chất liệu, con số để dần dần y&ecirc;u th&iacute;ch việc tương t&aacute;c với con số. Từ đ&oacute; c&aacute;c b&eacute; sẽ y&ecirc;u th&iacute;ch dần m&ocirc;n To&aacute;n học tưởng chừng như rất kh&ocirc; khan.</span></span><br />\r\n<span style="color:black"><span style="background-color:white">Khi đ&atilde; y&ecirc;u th&iacute;ch m&ocirc;n học, trẻ sẽ tiếp tục được kh&aacute;m ph&aacute; c&aacute;c kiến thức To&aacute;n n&acirc;ng cao hơn: Đếm &ndash; viết, sắp xếp thứ tự c&aacute;c con số. Dần dần từ đ&oacute; mới tiếp cận đến c&aacute;c ph&eacute;p t&iacute;nh cộng v&agrave; trừ. &nbsp;Đ&acirc;y cũng ch&iacute;nh l&agrave; nền tảng để ph&aacute;t triển tư duy v&agrave;o lứa tuổi n&agrave;y cho trẻ.</span></span></span></span></span></p>\r\n\r\n<p style="margin-left:0cm; margin-right:0cm"><span style="font-size:11pt"><span style="background-color:white"><span style="font-family:Calibri,sans-serif"><strong><span style="color:black">2. Cấp độ Kindergarten&nbsp;(K) : </span></strong><span style="color:black">được x&acirc;y dựng đặc th&ugrave; d&agrave;nh cho trẻ từ 5 đến 6 tuổi.<br />\r\n&nbsp;<br />\r\nTrẻ được l&agrave;m quen, kh&aacute;m ph&aacute; c&aacute;c con số th&ocirc;ng qua c&aacute;c nội dung: số liền trước - số liền sau, đếm xu&ocirc;i - đếm ngược, đơn vị&hellip; để hiểu được thứ tự v&agrave; bản chất c&aacute;c con số. Trẻ được t&igrave;m hiểu th&ecirc;m về c&aacute;c h&igrave;nh học: h&igrave;nh oval, h&igrave;nh thoi, h&igrave;nh 5 cạnh đồng thời biết chia h&igrave;nh, gh&eacute;p h&igrave;nh, s&aacute;ng tạo h&igrave;nh để tạo ra c&aacute;c h&igrave;nh mới. Thay v&igrave; trẻ học c&aacute;ch cộng, trừ &ldquo;một c&aacute;ch m&aacute;y m&oacute;c&rdquo; bằng việc nhớ ph&eacute;p t&iacute;nh, trẻ tại IXL được học bản chất của c&aacute;c ph&eacute;p t&iacute;nh qua nhiều c&aacute;ch tiếp cận kh&aacute;c nhau. VD: C&oacute; 2 nh&oacute;m số lượng kh&aacute;c nhau, cần th&ecirc;m v&agrave;o bao nhi&ecirc;u h&igrave;nh để 2 nh&oacute;m bằng nhau. Đ&acirc;y l&agrave; nền tảng gi&uacute;p trẻ biết c&aacute;ch tư duy đ&uacute;ng về To&aacute;n học. V&agrave; khi đ&atilde; hiểu điều nay, trẻ sẽ rất th&iacute;ch học m&ocirc;n To&aacute;n.<br />\r\n&nbsp;<br />\r\n<strong>3. Cấp độ Starter School (SC) : </strong>được x&acirc;y dựng đặc th&ugrave; d&agrave;nh cho trẻ&nbsp;<strong>đang chuẩn bị v&agrave;o lớp 1.</strong><br />\r\nThời điểm n&agrave;y rất quan trọng đối với trẻ v&igrave; đ&acirc;y l&agrave; giai đoạn chuyển tiếp m&ocirc;i trường học tập từ mầm non l&ecirc;n tiểu học.<br />\r\n&nbsp;<br />\r\nTrẻ sẽ được tiếp cận với c&aacute;c kiến thức to&aacute;n một c&aacute;ch logic hơn. Thay v&igrave; học ngay c&aacute;c ph&eacute;p cộng, ph&eacute;p trừ, trẻ vẫn sẽ được tiếp cận c&aacute;c nội dung nền tảng từ quy luật, h&igrave;nh học... V&agrave; dần dần l&agrave;m quen với c&aacute;c kh&aacute;i niệm to&aacute;n học: trục số, đếm c&aacute;ch, t&igrave;m khoảng c&aacute;ch giữa c&aacute;c số.</span></span></span></span></p>\r\n\r\n<p style="margin-left:0cm; margin-right:0cm"><span style="font-size:11pt"><span style="background-color:white"><span style="font-family:Calibri,sans-serif"><span style="color:black">&nbsp;<br />\r\n<em>Với chương tr&igrave;nh Tư duy To&aacute;n&nbsp;Mỹ - Avits Math (IXL) - </em></span><span style="color:black">FOR PRE- SCHOOL</span><em><span style="color:black">, trẻ kh&ocirc;ng chỉ thực hiện đ&uacute;ng theo y&ecirc;u cầu, trẻ cần phải giải th&iacute;ch được qu&aacute; tr&igrave;nh đi đến kết quả quả, v&igrave; sao lại l&agrave;m được như vậy để thực h&agrave;nh c&aacute;ch diễn đạt suy nghĩ của m&igrave;nh. C&aacute;c hoạt động thực h&agrave;nh v&agrave; l&agrave;m quen kiến thức được đan xen với nhau trong qu&aacute; tr&igrave;nh học gi&uacute;p trẻ hứng th&uacute; với m&ocirc;n học, tự tin hơn với những b&agrave;i To&aacute;n ở trường. Quan trọng hơn, trẻ được cung cấp c&aacute;c kiến thức rất nền tảng một c&aacute;ch hệ thống v&agrave; hiểu s&acirc;u về bản chất, gi&uacute;p trẻ tư duy v&agrave; ứng dụng v&agrave;o những kiến thức học ở cấp cao hơn.</span></em><br />\r\n<span style="color:black">&nbsp;<br />\r\n<em>Điều đặc biệt của Chương tr&igrave;nh Avits Math (IXL)</em></span><span style="color:black"> FOR PRE- SCHOOL</span><em><span style="color:black"> l&agrave; lu&ocirc;n c&oacute; hoạt động s&aacute;ng tạo mang t&iacute;nh ứng dụng của nội dung vừa học v&agrave;o thực tế. Khi trẻ biết c&aacute;ch vận dụng những điều m&igrave;nh vừa học v&agrave;o cuộc sống, trẻ hiểu bản chất kiến thức v&agrave; sẽ nhớ rất l&acirc;u nội dung học đ&oacute;. Từ đ&oacute; l&agrave;m nền tảng để ph&aacute;t triển tư duy, tr&iacute; th&ocirc;ng minh v&agrave; t&iacute;nh s&aacute;ng tạo của trẻ lứa tuổi n&agrave;y.</span></em></span></span></span></p>\r\n', '', '', '', '', '', 0, 'toan-mam-non', 'Toán mầm non', '', ''),
(212, 106, 'en', 'Toán mầm non', '', '', '', '', '', '', '', 0, 'toan-mam-non', 'Toán mầm non', '', ''),
(213, 107, 'vn', 'Toán tiểu học', 'Lorem Ipsum is simply dummy text of the printing and typesetting industry. Lorem Ipsum has been the industry''s standard dummy text ever since the 1500s', '<h2 style="margin-left:0cm; margin-right:0cm"><span style="font-size:18pt"><span style="background-color:white"><strong><span style="font-size:11.0pt"><span style="color:black">CHƯƠNG TR&Igrave;NH TIỂU HỌC </span></span></strong></span></span></h2>\r\n\r\n<h2 style="margin-left:0cm; margin-right:0cm"><span style="font-size:18pt"><span style="background-color:white"><strong><span style="font-size:11.0pt"><span style="color:black">avits math (IXL) - FOR PRIMARY SCHOOL :</span></span></strong></span></span></h2>\r\n\r\n<p style="margin-left:0cm; margin-right:0cm"><span style="font-size:12pt"><span style="background-color:white"><span style="font-size:11.0pt"><span style="color:#333333">D&agrave;nh cho học sinh tiểu học (6-10 tuổi)&nbsp;được thiết kế nội dung song song với kiến thức to&aacute;n tr&ecirc;n trường của học sinh gi&uacute;p bổ trợ c&aacute;c kiến thức cần thiết cho học sinh. Ngo&agrave;i ra Avits Math c&ograve;n bổ sung một số dạng to&aacute;n quốc tế mang t&iacute;nh ứng dụng cao gi&uacute;p c&aacute;c em ph&aacute;t triển khả năng tư duy, biết ứng dụng to&aacute;n v&agrave;o thực tế.</span></span><br />\r\n<br />\r\n<span style="font-size:11.0pt"><span style="color:#333333">Với phương ph&aacute;p tiệp cận vấn đề To&aacute;n ho&agrave;n to&agrave;n mới v&agrave; khoa học, đi từ dễ đến kh&oacute;, đi từ cơ bản đến phức tạp. Avits Math </span></span><span style="font-size:11.0pt"><span style="color:black">(IXL) </span></span><span style="font-size:11.0pt"><span style="color:#333333">gi&uacute;p học sinh hiểu bản chất vấn đề, c&oacute; kiến thức To&aacute;n vững chắc v&agrave; kh&ocirc;ng c&ograve;n cảm thấy &aacute;p lực với m&ocirc;n To&aacute;n.</span></span></span></span></p>\r\n\r\n<p style="margin-left:0cm; margin-right:0cm"><br />\r\n<span style="font-size:12pt"><span style="background-color:white"><span style="font-size:11.0pt"><span style="color:#333333">Nội dung Chương tr&igrave;nh được thiết kế với 5 cấp độ:</span></span></span></span></p>\r\n\r\n<p style="margin-left:0cm; margin-right:0cm"><span style="font-size:12pt"><span style="background-color:white"><span style="font-size:11.0pt"><span style="color:#333333">Level 1 &ndash; Level 2 &ndash; Level 3 &ndash; Level 4 &ndash; Level 5</span></span></span></span></p>\r\n\r\n<p style="margin-left:0cm; margin-right:0cm">&nbsp;</p>\r\n\r\n<p style="margin-left:0cm; margin-right:0cm; text-align:justify"><span style="font-size:11pt"><span style="background-color:white"><span style="font-family:Calibri,sans-serif"><strong><span style="color:black">1. Tư duy số v&agrave; c&aacute;c ph&eacute;p to&aacute;n (<em>Number sense &amp; operations</em>)</span></strong></span></span></span></p>\r\n\r\n<p style="margin-left:0cm; margin-right:0cm; text-align:justify"><span style="font-size:11pt"><span style="background-color:white"><span style="font-family:Calibri,sans-serif"><span style="color:black">Hiểu r&otilde; c&aacute;c kh&aacute;i niệm, bản chất về số tự nhi&ecirc;n, cấu tạo số l&agrave;m tiền đề để r&egrave;n luyện kỹ năng t&iacute;nh to&aacute;n v&agrave; ph&aacute;t triển khả năng t&iacute;nh nhẩm, t&iacute;nh nhanh v&agrave; tư duy logic cho trẻ. Hiểu r&otilde; bản chất của c&aacute;c ph&eacute;p to&aacute;n cộng, trừ, nh&acirc;n, chia để đưa ra phương ph&aacute;p t&iacute;nh&nbsp; to&aacute;n ph&ugrave; hợp v&agrave; cho kết quả nhanh, ch&iacute;nh x&aacute;c nhất.</span></span></span></span></p>\r\n\r\n<p style="margin-left:0cm; margin-right:0cm; text-align:justify"><span style="font-size:11pt"><span style="background-color:white"><span style="font-family:Calibri,sans-serif">&nbsp;</span></span></span></p>\r\n\r\n<p style="margin-left:0cm; margin-right:0cm; text-align:justify"><span style="font-size:11pt"><span style="background-color:white"><span style="font-family:Calibri,sans-serif"><strong><span style="color:black">2.Ph&acirc;n số (<em>Fractions</em>)</span></strong></span></span></span></p>\r\n\r\n<p style="margin-left:0cm; margin-right:0cm; text-align:justify"><span style="font-size:11pt"><span style="background-color:white"><span style="font-family:Calibri,sans-serif"><span style="color:black">Giới thiệu về ph&acirc;n số cho học sinh hiểu r&otilde; kh&aacute;i niệm &ldquo;ph&acirc;n số l&agrave; g&igrave;?&rdquo; từ những h&igrave;nh ảnh trực quan. Khi nắm chắc được kh&aacute;i niệm, hiểu được bản chất của ph&acirc;n số học sinh sẽ thực hiện ph&eacute;p t&iacute;nh li&ecirc;n quan đến ph&acirc;n số một c&aacute;ch dễ d&agrave;ng v&agrave; ứng dụng th&agrave;nh thạo trong c&aacute;c b&agrave;i to&aacute;n đố li&ecirc;n quan.<br />\r\n&nbsp;</span></span></span></span></p>\r\n\r\n<p style="margin-left:0cm; margin-right:0cm; text-align:justify"><span style="font-size:11pt"><span style="background-color:white"><span style="font-family:Calibri,sans-serif"><strong><span style="color:black">3. Đo lường &ndash; Thời gian (<em>Measurement - Time</em>)</span></strong></span></span></span></p>\r\n\r\n<p style="margin-left:0cm; margin-right:0cm"><span style="font-size:11pt"><span style="background-color:white"><span style="font-family:Calibri,sans-serif"><span style="color:black">Trẻ nắm vững c&aacute;c đơn vị đo lường </span><span style="background-color:#f9f9f9"><span style="color:#3b3b3b">- thời gian, độ d&agrave;i, diện t&iacute;ch, thể t&iacute;ch, khối lượng, dung t&iacute;ch v&agrave; tiền tệ.</span></span><span style="color:black">, biết &aacute;p dụng v&agrave;o c&aacute;c b&agrave;i to&aacute;n thực tế.<br />\r\n&nbsp;</span></span></span></span></p>\r\n\r\n<p style="margin-left:0cm; margin-right:0cm; text-align:justify"><span style="font-size:11pt"><span style="background-color:white"><span style="font-family:Calibri,sans-serif"><strong><span style="color:black">4. H&igrave;nh học (<em>Geometry</em>)</span></strong></span></span></span></p>\r\n\r\n<p style="margin-left:0cm; margin-right:0cm; text-align:justify"><span style="font-size:11pt"><span style="background-color:white"><span style="font-family:Calibri,sans-serif"><span style="color:black">Gi&uacute;p trẻ &nbsp;nhận biết kh&aacute;i niệm, thuộc t&iacute;nh, h&igrave;nh th&agrave;nh của mỗi loại h&igrave;nh kh&aacute;c nhau; mối tương quan giữa c&aacute;c h&igrave;nh. Từ đ&oacute;, trẻ &aacute;p dụng t&iacute;nh diện t&iacute;ch, chu vi hay thể t&iacute;ch của c&aacute;c h&igrave;nh kh&aacute;c nhau.</span></span></span></span></p>\r\n\r\n<p style="margin-left:0cm; margin-right:0cm; text-align:justify"><span style="font-size:11pt"><span style="background-color:white"><span style="font-family:Calibri,sans-serif">&nbsp;</span></span></span></p>\r\n\r\n<p style="margin-left:0cm; margin-right:0cm; text-align:justify"><span style="font-size:11pt"><span style="background-color:white"><span style="font-family:Calibri,sans-serif"><strong><span style="color:black">5. Tư duy tổng hợp (<em>Mathematical Thinking</em>) </span></strong></span></span></span></p>\r\n\r\n<p style="margin-left:0cm; margin-right:0cm"><span style="font-size:11pt"><span style="background-color:white"><span style="font-family:Calibri,sans-serif"><span style="color:black">Gi&uacute;p trẻ r&egrave;n luyện nhiều kỹ năng tư duy to&aacute;n tổng hợp th&ocirc;ng qua c&aacute;c dạng to&aacute;n đa dạng như c&acirc;n thăng bằng, to&aacute;n quy luật, tư duy nh&oacute;m, tư duy tỷ lệ, to&aacute;n đố, tư duy l&ocirc;gic, lập v&agrave; đọc biểu đồ, to&aacute;n x&aacute;c suất, l&agrave;m tr&ograve;n, ước lượng &hellip; Trẻ được r&egrave;n luyện nhiều kỹ năng như: đọc đề, ph&acirc;n t&iacute;ch đề b&agrave;i, &nbsp;chia nhỏ c&aacute;c vấn đề trong b&agrave;i to&aacute;n, vận dụng khả năng tư duy logic để việc giải to&aacute;n trở n&ecirc;n đơn giản, hiệu quả v&agrave; ch&iacute;nh x&aacute;c.</span></span></span></span><br />\r\n&nbsp;</p>\r\n\r\n<p><span style="font-size:11.0pt"><span style="color:black">&nbsp;6. </span></span><strong><span style="font-size:11.0pt"><span style="background-color:#f9f9f9"><span style="color:black">Giải to&aacute;n c&oacute; lời văn (<em>Problem solving )</em></span></span></span></strong><br />\r\n<span style="font-size:11.0pt"><span style="background-color:#f9f9f9"><span style="color:#3b3b3b">R&egrave;n luyện c&aacute;c bước gồm: Chia vấn đề th&agrave;nh những phần nhỏ, đơn giản hơn, rồi ph&acirc;n t&iacute;ch, giải to&aacute;n, kiểm tra v&agrave; đ&aacute;nh gi&aacute;.</span></span></span><br />\r\n&nbsp;</p>\r\n', '', '', '', '', '', 0, 'toan-tieu-hoc', 'Toán tiểu học', '', ''),
(214, 107, 'en', 'Toán tiểu học', '', '', '', '', '', '', '', 0, 'toan-tieu-hoc', 'Toán tiểu học', '', ''),
(215, 108, 'vn', 'Toán THCS', 'Lorem Ipsum is simply dummy text of the printing and typesetting industry. Lorem Ipsum has been the industry''s standard dummy text ever since the 1500s', '<h2 style="margin-left:0cm; margin-right:0cm"><span style="font-size:18pt"><span style="background-color:white"><strong><span style="font-size:11.0pt"><span style="color:black">CHƯƠNG TR&Igrave;NH thcs </span></span></strong></span></span></h2>\r\n\r\n<p style="margin-left:0cm; margin-right:0cm"><span style="font-size:12pt"><span style="background-color:white"><strong><span style="font-size:11.0pt"><span style="color:black">avits math (IXL) - junior high school</span></span></strong></span></span></p>\r\n\r\n<p style="margin-left:0cm; margin-right:0cm"><span style="font-size:12pt"><span style="background-color:white"><span style="font-size:11.0pt"><span style="color:#3b3b3b">Kết hợp v&agrave; n&acirc;ng cao giữa l&yacute; thuyết v&agrave; c&aacute;c b&agrave;i to&aacute;n ứng dụng, ph&aacute;t triển cho học sinh kỹ năng tư duy, sự hiểu biết v&agrave; th&aacute;i độ tự tin. Nắm chắc kiến thức từ cơ bản đến n&acirc;ng cao.</span></span></span></span></p>\r\n\r\n<p style="margin-left:0cm; margin-right:0cm"><span style="font-size:12pt"><span style="background-color:white"><span style="font-size:10.5pt"><span style="background-color:white"><span style="color:#333333">-&nbsp;T&iacute;ch cực ho&aacute; hoạt động học tập của học sinh, r&egrave;n luyện khả năng tự học, ph&aacute;t hiện v&agrave; giải quyết vấn đề của HS nhằm h&igrave;nh th&agrave;nh v&agrave; ph&aacute;t triển ở HS tư duy t&iacute;ch cực, độc lập v&agrave; s&aacute;ng tạo.</span></span></span><br />\r\n<span style="font-size:10.5pt"><span style="color:#333333"><span style="background-color:white">&minus; Chọn lựa sử dụng những phương ph&aacute;p ph&aacute;t huy t&iacute;nh t&iacute;ch cực chủ động của Học Sinh trong học tập v&agrave; ph&aacute;t huy khả năng tự học. Hoạt động ho&aacute; việc học tập của HS bằng những dẫn dắt cho HS tự th&acirc;n trải nghiệm chiếm lĩnh tri thức, chống lối học thụ động.</span><br />\r\n<span style="background-color:white">&minus; Tận dụng ưu thế của từng phương ph&aacute;p dạy học, ch&uacute; trọng sử dụng phương ph&aacute;p dạy học ph&aacute;t hiện v&agrave; giải quyết vấn đề.</span><br />\r\n<span style="background-color:white">&minus; Coi trọng cung cấp kiến thức, r&egrave;n luyện kĩ năng vận dụng kiến thức v&agrave;o thực tiễn.</span></span></span></span></span></p>\r\n\r\n<p style="margin-left:0cm; margin-right:0cm"><span style="font-size:12pt"><span style="background-color:white"><span style="font-size:11.0pt"><span style="color:#333333">Nội dung Chương tr&igrave;nh được thiết kế với 4 cấp độ:</span></span></span></span></p>\r\n\r\n<p style="margin-left:0cm; margin-right:0cm"><span style="font-size:12pt"><span style="background-color:white"><span style="font-size:11.0pt"><span style="color:#333333">Level 6 &ndash; Level 7 &ndash; Level 8 &ndash; Level 9</span></span></span></span></p>\r\n\r\n<p style="margin-left:0cm; margin-right:0cm">&nbsp;</p>\r\n\r\n<ol>\r\n	<li style="list-style-type:none">\r\n	<ol>\r\n		<li style="list-style-type:none">\r\n		<ol>\r\n			<li><span style="font-size:12pt"><span style="background-color:white"><span style="font-size:11.0pt"><span style="color:#3b3b3b">Số học : T&iacute;nh chia hết, số nguy&ecirc;n tố, số ch&iacute;nh phương, bội v&agrave; ước c&aacute;c số .</span></span></span></span></li>\r\n			<li><span style="font-size:12pt"><span style="background-color:white"><span style="font-size:11.0pt"><span style="color:#3b3b3b">Đại số : Gi&uacute;p học sinh thực hiện th&agrave;nh thạo tất cả c&aacute;c dạng to&aacute;n đại số nền tảng như tỷ lệ thức, biểu thức, ph&acirc;n thức đến c&aacute;c kh&aacute;i niệm n&acirc;ng cao như biến số, h&agrave;m số hay giải c&aacute;c dạng to&aacute;n đại số đặc trưng như phương tr&igrave;nh, bất phương tr&igrave;nh, hệ phương tr&igrave;nh, căn thức. </span></span></span></span></li>\r\n		</ol>\r\n		</li>\r\n	</ol>\r\n	</li>\r\n</ol>\r\n\r\n<p style="margin-left:13.5pt; margin-right:0cm"><span style="font-size:12pt"><span style="background-color:white"><span style="font-size:11.0pt"><span style="color:#3b3b3b">Ngo&agrave;i ra, học sinh được tiếp cận với dạng ph&acirc;n t&iacute;ch dữ liệu từ những thao t&aacute;c đơn giản như đọc dữ liệu, so s&aacute;nh v&agrave; sắp xếp dữ liệu. B&ecirc;n cạnh đ&oacute;, học sinh c&ograve;n biết c&aacute;ch biểu diễn c&aacute;c dữ liệu bằng đồ thị từ đ&oacute; suy luận t&igrave;m ra đ&aacute;p &aacute;n cũng như x&acirc;y dựng c&aacute;c qui luật logic</span></span></span></span></p>\r\n\r\n<p style="margin-left:13.5pt; margin-right:0cm"><span style="font-size:12pt"><span style="background-color:white"><em><span style="font-size:11.0pt"><span style="color:#4f4f4f">Cũng cố v&agrave; bổ sung c&aacute;c kiến thức về chương tr&igrave;nh đại số của BGD&amp;ĐT từ lớp 6 đến lớp 9.</span></span></em></span></span></p>\r\n\r\n<ol>\r\n	<li style="list-style-type:none">\r\n	<ol>\r\n		<li style="list-style-type:none">\r\n		<ol start="3">\r\n			<li><span style="font-size:12pt"><span style="background-color:white"><span style="font-size:11.0pt"><span style="color:#3b3b3b">H&igrave;nh học : Gi&uacute;p học sinh được l&agrave;m quen về tất cả c&aacute;c h&igrave;nh phẳng trong chương tr&igrave;nh phổ th&ocirc;ng v&agrave; c&aacute;c b&agrave;i to&aacute;n li&ecirc;n quan đến h&igrave;nh phẳng như chu vi, diện t&iacute;ch. C&aacute;c h&igrave;nh kh&ocirc;ng gian cũng được đưa v&agrave;o bằng c&aacute;c m&ocirc; h&igrave;nh trực quan th&uacute; vị nhằm gi&uacute;p học sinh ph&acirc;n biệt c&aacute;c h&igrave;nh phẳng, h&igrave;nh khối. Đồng thời c&aacute;c em c&oacute; kh&aacute;i niệm về thể t&iacute;ch, diện t&iacute;ch xung quanh, diện t&iacute;ch to&agrave;n phần. Đ&acirc;y l&agrave; nền tảng để c&aacute;c em học tốt chương tr&igrave;nh phổ th&ocirc;ng v&agrave; &aacute;p dụng kiễn thức v&agrave;o thực tiễn.</span></span></span></span></li>\r\n		</ol>\r\n		</li>\r\n	</ol>\r\n	</li>\r\n</ol>\r\n\r\n<p style="margin-left:13.5pt; margin-right:0cm"><span style="font-size:12pt"><span style="background-color:white"><span style="font-size:11.0pt"><span style="color:#3b3b3b">C&aacute;c chủ đề c&aacute;c em đều được l&agrave;m quen với dạng b&agrave;i to&aacute;n giải quyết vấn đề ở những mức độ kh&aacute;c nhau. Từ những b&agrave;i to&aacute;n c&oacute; lời văn đơn giản đến c&aacute;c b&agrave;i to&aacute;n nhiều bước, lập sơ đồ giải to&aacute;n. Giải quyết vấn đề gi&uacute;p ph&aacute;t triển tư duy logic v&agrave; s&aacute;ng tạo để giải quyết c&aacute;c vấn đề trong cuộc sống. </span></span></span></span></p>\r\n\r\n<p style="margin-left:13.5pt; margin-right:0cm"><span style="font-size:12pt"><span style="background-color:white"><em><span style="font-size:11.0pt"><span style="color:#4f4f4f">Cũng cố v&agrave; bổ sung c&aacute;c kiến thức về chương tr&igrave;nh h&igrave;nh học của BGD&amp;ĐT từ lớp 6 đến lớp 9.</span></span></em></span></span></p>\r\n\r\n<p style="margin-left:0cm; margin-right:0cm"><span style="font-size:12pt"><span style="background-color:white"><span style="font-size:11.0pt"><span style="color:black">4. Luyện thi theo y&ecirc;u cầu : </span></span></span></span></p>\r\n\r\n<h4 style="margin-left:0cm; margin-right:0cm"><span style="font-size:11pt"><span style="background-color:whitesmoke"><span style="font-family:Cambria,serif"><span style="color:#4f81bd"><strong><em><span style="color:#4f4f4f">Luyện c&aacute;c loại đề thi của BGD&amp;ĐT, c&aacute;c chương tr&igrave;nh thi v&agrave;o c&aacute;c trường chuy&ecirc;n&hellip;..</span></em></strong></span></span></span></span></h4>\r\n\r\n<h4 style="margin-left:0cm; margin-right:0cm"><span style="font-size:11pt"><span style="background-color:whitesmoke"><span style="font-family:Cambria,serif"><span style="color:#4f81bd"><strong><em><span style="color:#4f4f4f">Luy&ecirc;n chương tr&igrave;nh của c&aacute;c trường Quốc tế..</span></em></strong></span></span></span></span></h4>\r\n', '', '', '', '', '', 0, 'toan-thcs', 'Toán THCS', '', ''),
(216, 108, 'en', 'Toán THCS', '', '', '', '', '', '', '', 0, 'toan-thcs', 'Toán THCS', '', ''),
(217, 109, 'vn', 'Lisp Intensive Treatment Phương pháp sửa nói ngọng', 'Nói ngọng là hiện tượng rối loạn ngôn ngữ. Ngôn ngữ của trẻ được hình thành trên cơ sở các phản xạ có điều kiện, dựa trên tác động của các yếu tố từ môi trường bên ngoài kích thích vào trung tâm nghe. Nếu có sự trục trặc nào đó trong quá trình hình thành ngôn ngữ sẽ xảy ra hiện tượng rối loạn ngôn ngữ ở trẻ, điển hình là ngọng.', '', '', '', '', '', '', 0, 'lisp-intensive-treatment-phuong-phap-sua-noi-ngong', 'Lisp Intensive Treatment Phương pháp sửa nói ngọng', '', ''),
(218, 109, 'en', 'Lisp Intensive Treatment', 'Nói ngọng là hiện tượng rối loạn ngôn ngữ. Ngôn ngữ của trẻ được hình thành trên cơ sở các phản xạ có điều kiện, dựa trên tác động của các yếu tố từ môi trường bên ngoài kích thích vào trung tâm nghe. Nếu có sự trục trặc nào đó trong quá trình hình thành ngôn ngữ sẽ xảy ra hiện tượng rối loạn ngôn ngữ ở trẻ, điển hình là ngọng.', '', '', '', '', '', '', 0, 'lisp-intensive-treatment-1', 'Lisp Intensive Treatment', '', ''),
(219, 110, 'vn', 'Avits English Ngôn ngữ Tiếng Anh: 4-14 tuổi', 'Sự tự tin sử dụng tiếng Anh là lợi thế cho con bạn ngay từ lúc còn ngồi trên ghế nhà trường, để trẻ có thể tự nhiên phát triển kiến thức và nền tảng thành công cho các cơ hội nghề nghiệp trong tương lai. Các khóa học tiếng Anh cho trẻ em tại Hội đồng Anh được thiết kế đặc biệt dựa trên đặc tính của mỗi cá nhân, và được giảng dạy bởi các chuyên gia tiếng Anh toàn cầu luôn tâm huyết với sự nghiệp giáo dục trẻ em. ', '', '', '', '', '', '', 0, 'avits-english-ngon-ngu-tieng-anh-4-14-tuoi', 'Avits English Ngôn ngữ Tiếng Anh: 4-14 tuổi', '', ''),
(220, 110, 'en', 'Avits English', 'Sự tự tin sử dụng tiếng Anh là lợi thế cho con bạn ngay từ lúc còn ngồi trên ghế nhà trường, để trẻ có thể tự nhiên phát triển kiến thức và nền tảng thành công cho các cơ hội nghề nghiệp trong tương lai. Các khóa học tiếng Anh cho trẻ em tại Hội đồng Anh được thiết kế đặc biệt dựa trên đặc tính của mỗi cá nhân, và được giảng dạy bởi các chuyên gia tiếng Anh toàn cầu luôn tâm huyết với sự nghiệp giáo dục trẻ em. ', '', '', '', '', '', '', 0, 'avits-english', 'Avits English', '', ''),
(221, 111, 'vn', 'White Pager', 'Lorem Ipsum is simply dummy text of the printing and typesetting industry. Lorem Ipsum has been the industry''s standard dummy text ever since the 1500s', '<p style="text-align:center"><img alt="le-xuan-quang" height="425" src="/image/images/le-xuan-quang.jpg" width="600" /></p>\r\n\r\n<p style="margin-left:0cm; margin-right:0cm; text-align:center"><span style="font-size:16px"><span style="font-family:Times New Roman,Times,serif"><span style="background-color:white"><strong><em><span style="color:#1d2129">Bạn L&ecirc; Xu&acirc;n Quang &ndash; Sinh năm 2006 - Học sinh xuất sắc ti&ecirc;u biểu của Americanskills Quận 1</span></em></strong></span></span></span></p>\r\n\r\n<p style="margin-left:0cm; margin-right:0cm; text-align:justify"><br />\r\n<strong><span style="font-size:16px"><span style="font-family:Times New Roman,Times,serif"><span style="background-color:white"><span style="color:#1d2129"><img alt="" height="16" src="file:///C:\\Users\\HUYENT~1\\AppData\\Local\\Temp\\msohtmlclip1\\01\\clip_image002.png" width="16" />- Huy chương bạc trong k&igrave; thi American Mathematics Oplympiad (AMO) - Cuộc thi to&aacute;n quốc tế Hoa Kỳ</span><br />\r\n<span style="color:#1d2129"><img alt="" height="16" src="file:///C:\\Users\\HUYENT~1\\AppData\\Local\\Temp\\msohtmlclip1\\01\\clip_image002.png" width="16" />- Giải Bạc v&ograve;ng chung kết k&igrave; thi To&aacute;n Olympic Titan.</span></span></span></span></strong></p>\r\n\r\n<p style="margin-left:0cm; margin-right:0cm; text-align:justify"><span style="font-size:16px"><span style="font-family:Times New Roman,Times,serif"><span style="background-color:white"><span style="color:#1d2129"><img alt="" height="16" src="file:///C:\\Users\\HUYENT~1\\AppData\\Local\\Temp\\msohtmlclip1\\01\\clip_image001.png" width="16" />Ch&uacute;c mừng Xu&acirc;n Quang! American Skills v&ocirc; c&ugrave;ng tự h&agrave;o về th&agrave;nh t&iacute;ch tuyệt vời của con. Ch&uacute;c Xu&acirc;n Quang tiếp tục gặt h&aacute;i được nhiều th&agrave;nh c&ocirc;ng tr&ecirc;n con đường học vấn!&nbsp;<br />\r\n<img alt="" height="16" src="file:///C:\\Users\\HUYENT~1\\AppData\\Local\\Temp\\msohtmlclip1\\01\\clip_image003.png" width="16" />V&agrave; phần thưởng tặng B&eacute;: <strong>Học bổng kh&oacute;a To&aacute;n tư duy n&acirc;ng cao 3.000.000 đ&nbsp;</strong><br />\r\nCh&uacute;c cho Xu&acirc;n Quang gặt h&aacute;i được nhiều th&agrave;nh t&iacute;ch hơn nữa!</span></span></span></span></p>\r\n', '', '', '', '', '', 0, 'white-pager', 'White Pager', '', 'học viên tiêu biểu'),
(222, 111, 'en', 'Lê Xuân Quang - Giải Bạc vòng chung kết kì thi Toán Olympic Titan', '', '<p style="text-align:center"><img alt="le-xuan-quang" height="425" src="/image/images/le-xuan-quang.jpg" width="600" /></p>\r\n\r\n<p style="margin-left:0cm; margin-right:0cm; text-align:center"><span style="font-size:16px"><span style="font-family:Times New Roman,Times,serif"><span style="background-color:white"><strong><em><span style="color:#1d2129">Bạn L&ecirc; Xu&acirc;n Quang &ndash; Sinh năm 2006 - Học sinh xuất sắc ti&ecirc;u biểu của Americanskills Quận 1</span></em></strong></span></span></span></p>\r\n\r\n<p style="margin-left:0cm; margin-right:0cm; text-align:justify"><br />\r\n<strong><span style="font-size:16px"><span style="font-family:Times New Roman,Times,serif"><span style="background-color:white"><span style="color:#1d2129"><img alt="" height="16" src="file:///C:\\Users\\HUYENT~1\\AppData\\Local\\Temp\\msohtmlclip1\\01\\clip_image002.png" width="16" />- Huy chương bạc trong k&igrave; thi American Mathematics Oplympiad (AMO) - Cuộc thi to&aacute;n quốc tế Hoa Kỳ</span><br />\r\n<span style="color:#1d2129"><img alt="" height="16" src="file:///C:\\Users\\HUYENT~1\\AppData\\Local\\Temp\\msohtmlclip1\\01\\clip_image002.png" width="16" />- Giải Bạc v&ograve;ng chung kết k&igrave; thi To&aacute;n Olympic Titan.</span></span></span></span></strong></p>\r\n\r\n<p style="margin-left:0cm; margin-right:0cm; text-align:justify"><span style="font-size:16px"><span style="font-family:Times New Roman,Times,serif"><span style="background-color:white"><span style="color:#1d2129"><img alt="" height="16" src="file:///C:\\Users\\HUYENT~1\\AppData\\Local\\Temp\\msohtmlclip1\\01\\clip_image001.png" width="16" />Ch&uacute;c mừng Xu&acirc;n Quang! American Skills v&ocirc; c&ugrave;ng tự h&agrave;o về th&agrave;nh t&iacute;ch tuyệt vời của con. Ch&uacute;c Xu&acirc;n Quang tiếp tục gặt h&aacute;i được nhiều th&agrave;nh c&ocirc;ng tr&ecirc;n con đường học vấn!&nbsp;<br />\r\n<img alt="" height="16" src="file:///C:\\Users\\HUYENT~1\\AppData\\Local\\Temp\\msohtmlclip1\\01\\clip_image003.png" width="16" />V&agrave; phần thưởng tặng B&eacute;: <strong>Học bổng kh&oacute;a To&aacute;n tư duy n&acirc;ng cao 3.000.000 đ&nbsp;</strong><br />\r\nCh&uacute;c cho Xu&acirc;n Quang gặt h&aacute;i được nhiều th&agrave;nh t&iacute;ch hơn nữa!</span></span></span></span></p>\r\n', '', '', '', '', '', 0, 'le-xuan-quang-giai-bac-vong-chung-ket-ki-thi-toan-olympic-titan', 'Lê Xuân Quang - Giải Bạc vòng chung kết kì thi Toán Olympic Titan', '', ''),
(223, 112, 'vn', 'News', ' Đặc biệt môn Toán - con học tại American Skills nổi bật vượt cấp độ, hiện đã học xong chương trình Lớp 4 - con đang được ôn luyện nâng cao và dần bước sang chương trình Lớp 5.', '<p style="margin-left:0cm; margin-right:0cm"><span style="font-size:16px"><span style="font-family:Times New Roman,Times,serif"><span style="background-color:white"><span style="color:#1d2129"><strong>- C&ocirc; b&eacute; rất c&aacute; t&iacute;nh th&ocirc;ng minh n&agrave;y học giỏi to&agrave;n diện c&aacute;c m&ocirc;n :</strong> Đặc biệt m&ocirc;n To&aacute;n - con học tại American Skills nổi bật vượt cấp độ, hiện đ&atilde; học xong chương tr&igrave;nh Lớp 4 - con đang được &ocirc;n luyện n&acirc;ng cao v&agrave; dần bước sang chương tr&igrave;nh Lớp 5.<img alt="" height="16" src="file:///C:\\Users\\HUYENT~1\\AppData\\Local\\Temp\\msohtmlclip1\\01\\clip_image001.png" width="16" /></span></span></span></span></p>\r\n\r\n<p style="margin-left:0cm; margin-right:0cm"><span style="font-size:16px"><span style="font-family:Times New Roman,Times,serif"><span style="background-color:white"><span style="color:#1d2129">- <strong>AMERICAN SKILLS</strong> v&ocirc; c&ugrave;ng tự h&agrave;o đ&atilde; được đồng h&agrave;nh c&ugrave;ng &nbsp;con 4 năm, v&agrave; th&agrave;nh t&iacute;ch h&ocirc;m nay của c&aacute;c con l&agrave; niềm động vi&ecirc;n, kh&iacute;ch lệ, tự tin với hướng giảng dạy đ&uacute;ng, đủ , đảm bảo h&agrave;nh trang cho c&aacute;c con vững v&agrave;ng.</span></span></span></span><br />\r\n<span style="font-family:Times New Roman,Times,serif"><span style="font-size:16px"><span style="color:#1d2129">- Ch&uacute;c mừng Yến Linh nh&eacute; .</span></span></span></p>\r\n\r\n<p style="text-align:center"><img alt="ngo-hoang-yen-linh" height="400" src="/image/images/ngo-hoang-yen-linh.jpg" width="600" /></p>\r\n', '', '', '', '', '', 0, 'news', 'News', '', 'học viên tiêu biểu'),
(224, 112, 'en', 'NGÔ HOÀNG YẾN LINH -2008 - Lớp 4', '', '<p style="margin-left:0cm; margin-right:0cm"><span style="font-size:16px"><span style="font-family:Times New Roman,Times,serif"><span style="background-color:white"><span style="color:#1d2129"><strong>- C&ocirc; b&eacute; rất c&aacute; t&iacute;nh th&ocirc;ng minh n&agrave;y học giỏi to&agrave;n diện c&aacute;c m&ocirc;n :</strong> Đặc biệt m&ocirc;n To&aacute;n - con học tại American Skills nổi bật vượt cấp độ, hiện đ&atilde; học xong chương tr&igrave;nh Lớp 4 - con đang được &ocirc;n luyện n&acirc;ng cao v&agrave; dần bước sang chương tr&igrave;nh Lớp 5.<img alt="" height="16" src="file:///C:\\Users\\HUYENT~1\\AppData\\Local\\Temp\\msohtmlclip1\\01\\clip_image001.png" width="16" /></span></span></span></span></p>\r\n\r\n<p style="margin-left:0cm; margin-right:0cm"><span style="font-size:16px"><span style="font-family:Times New Roman,Times,serif"><span style="background-color:white"><span style="color:#1d2129">- <strong>AMERICAN SKILLS</strong> v&ocirc; c&ugrave;ng tự h&agrave;o đ&atilde; được đồng h&agrave;nh c&ugrave;ng &nbsp;con 4 năm, v&agrave; th&agrave;nh t&iacute;ch h&ocirc;m nay của c&aacute;c con l&agrave; niềm động vi&ecirc;n, kh&iacute;ch lệ, tự tin với hướng giảng dạy đ&uacute;ng, đủ , đảm bảo h&agrave;nh trang cho c&aacute;c con vững v&agrave;ng.</span></span></span></span><br />\r\n<span style="color:#1d2129; font-family:&quot;Times New Roman&quot;,Times,serif; font-size:16px">- Ch&uacute;c mừng Yến Linh nh&eacute; .</span></p>\r\n\r\n<p style="text-align:center"><img alt="ngo-hoang-yen-linh" height="400" src="/image/images/ngo-hoang-yen-linh.jpg" width="600" /></p>\r\n', '', '', '', '', '', 0, 'ngo-hoang-yen-linh-2008-lop-4', 'NGÔ HOÀNG YẾN LINH -2008 - Lớp 4', '', 'học viên tiêu biểu');

-- --------------------------------------------------------

--
-- Table structure for table `nhan_ban_tin`
--

CREATE TABLE IF NOT EXISTS `nhan_ban_tin` (
  `id` int(11) NOT NULL,
  `email` varchar(200) NOT NULL,
  `time` timestamp NOT NULL DEFAULT CURRENT_TIMESTAMP ON UPDATE CURRENT_TIMESTAMP
) ENGINE=InnoDB AUTO_INCREMENT=19 DEFAULT CHARSET=latin1;

--
-- Dumping data for table `nhan_ban_tin`
--

INSERT INTO `nhan_ban_tin` (`id`, `email`, `time`) VALUES
(1, 'tuan@gmail.com', '2017-11-29 13:54:44'),
(2, 'donguyenthinh30031989@gmail.com', '2017-12-23 01:12:33'),
(3, 'truongquangtuan3110@gmail.com', '2018-01-03 12:04:35'),
(4, 'truongquangtuan3110@gmail.com', '2018-01-03 12:12:05'),
(5, 'donguyenthinh30031989@gmail.com', '2018-01-04 07:40:46'),
(6, 'truongquangtuan3110@gmail.com', '2018-01-04 09:02:07'),
(7, 'donguyenthinh30031989@gmail.com', '2018-01-04 09:31:40'),
(8, 'donguyenthinh30031989@gmail.com', '2018-01-04 10:17:09'),
(9, 'viethung95cute@gmail.com', '2018-03-27 07:55:42'),
(10, 'viethung95cute@gmail.com', '2018-03-28 05:08:41'),
(11, 'viethung95cute@gmail.com', '2018-03-28 05:12:29'),
(12, 'viethung95cute@gmail.com', '2018-03-28 05:13:40'),
(13, 'viethung95cute@gmail.com', '2018-03-28 05:45:42'),
(14, 'viethung95cute@gmail.com', '2018-03-28 05:48:44'),
(15, 'hung71483@gmail.com', '2018-03-28 05:51:51'),
(16, 'hung71483@gmail.com', '2018-03-28 05:54:44'),
(17, 'hung71483@gmail.com', '2018-03-28 06:01:14'),
(18, 'hung71483@gmail.com', '2018-03-28 06:03:03');

-- --------------------------------------------------------

--
-- Table structure for table `nhan_tai_lieu`
--

CREATE TABLE IF NOT EXISTS `nhan_tai_lieu` (
  `id` int(11) NOT NULL,
  `email` varchar(200) NOT NULL,
  `time` timestamp NOT NULL DEFAULT CURRENT_TIMESTAMP ON UPDATE CURRENT_TIMESTAMP
) ENGINE=InnoDB AUTO_INCREMENT=4 DEFAULT CHARSET=latin1;

--
-- Dumping data for table `nhan_tai_lieu`
--

INSERT INTO `nhan_tai_lieu` (`id`, `email`, `time`) VALUES
(1, 'tuan@gmail.com', '2017-11-29 12:33:22'),
(2, 'manh@gmail.com', '2017-12-02 11:58:58'),
(3, 'ngockhanh260614@gmail.com', '2017-12-03 04:05:33');

-- --------------------------------------------------------

--
-- Table structure for table `obsolete_products_file`
--

CREATE TABLE IF NOT EXISTS `obsolete_products_file` (
  `id` int(11) NOT NULL,
  `name` varchar(600) CHARACTER SET utf8 COLLATE utf8_unicode_ci NOT NULL
) ENGINE=InnoDB AUTO_INCREMENT=4 DEFAULT CHARSET=latin1;

--
-- Dumping data for table `obsolete_products_file`
--

INSERT INTO `obsolete_products_file` (`id`, `name`) VALUES
(3, 'tuan.pdf');

-- --------------------------------------------------------

--
-- Table structure for table `operating_file`
--

CREATE TABLE IF NOT EXISTS `operating_file` (
  `id` int(11) NOT NULL,
  `name` varchar(600) CHARACTER SET utf8 COLLATE utf8_unicode_ci NOT NULL
) ENGINE=InnoDB AUTO_INCREMENT=2 DEFAULT CHARSET=latin1;

--
-- Dumping data for table `operating_file`
--

INSERT INTO `operating_file` (`id`, `name`) VALUES
(1, 'tuan.pdf');

-- --------------------------------------------------------

--
-- Table structure for table `optionsQ1`
--

CREATE TABLE IF NOT EXISTS `optionsQ1` (
  `optionsQ1_id` int(11) NOT NULL,
  `optionsQ1_value` varchar(255) COLLATE utf8_unicode_ci DEFAULT NULL
) ENGINE=InnoDB AUTO_INCREMENT=6 DEFAULT CHARSET=utf8 COLLATE=utf8_unicode_ci;

--
-- Dumping data for table `optionsQ1`
--

INSERT INTO `optionsQ1` (`optionsQ1_id`, `optionsQ1_value`) VALUES
(1, 'Đau rát'),
(2, 'Chảy máu khi đi vệ sinh'),
(3, 'Ngứa ngáy, khó chịu, ẩm ướt có mùi khó chịu'),
(4, 'Búi trĩ sa ra ngoài (nhìn hoặc sờ)'),
(5, 'Không có biểu hiện nào như trên');

-- --------------------------------------------------------

--
-- Table structure for table `optionsQ2`
--

CREATE TABLE IF NOT EXISTS `optionsQ2` (
  `optionsQ2_id` int(11) NOT NULL,
  `optionsQ2_value` varchar(255) COLLATE utf8_unicode_ci DEFAULT NULL
) ENGINE=InnoDB AUTO_INCREMENT=3 DEFAULT CHARSET=utf8 COLLATE=utf8_unicode_ci;

--
-- Dumping data for table `optionsQ2`
--

INSERT INTO `optionsQ2` (`optionsQ2_id`, `optionsQ2_value`) VALUES
(1, 'Có'),
(2, 'Không');

-- --------------------------------------------------------

--
-- Table structure for table `optionsQ3`
--

CREATE TABLE IF NOT EXISTS `optionsQ3` (
  `optionsQ3_id` int(11) NOT NULL,
  `optionsQ3_value` varchar(255) COLLATE utf8_unicode_ci DEFAULT NULL
) ENGINE=InnoDB AUTO_INCREMENT=4 DEFAULT CHARSET=utf8 COLLATE=utf8_unicode_ci;

--
-- Dumping data for table `optionsQ3`
--

INSERT INTO `optionsQ3` (`optionsQ3_id`, `optionsQ3_value`) VALUES
(1, 'Mới (đang bị)'),
(2, 'Lâu, tái đi tái lại'),
(3, 'Lâu, nhưng giờ đang bình thường');

-- --------------------------------------------------------

--
-- Table structure for table `optionsQ4`
--

CREATE TABLE IF NOT EXISTS `optionsQ4` (
  `optionsQ4_id` int(11) NOT NULL,
  `optionsQ4_value` varchar(255) COLLATE utf8_unicode_ci DEFAULT NULL
) ENGINE=InnoDB AUTO_INCREMENT=5 DEFAULT CHARSET=utf8 COLLATE=utf8_unicode_ci;

--
-- Dumping data for table `optionsQ4`
--

INSERT INTO `optionsQ4` (`optionsQ4_id`, `optionsQ4_value`) VALUES
(1, 'Máu dính trên giấy vệ sinh'),
(2, 'Máu dính trên phân hoặc nhỏ giọt'),
(3, 'Máu chảy thành tia'),
(4, 'Không thấy máu');

-- --------------------------------------------------------

--
-- Table structure for table `optionsQ5`
--

CREATE TABLE IF NOT EXISTS `optionsQ5` (
  `optionsQ5_id` int(11) NOT NULL,
  `optionsQ5_value` varchar(255) COLLATE utf8_unicode_ci DEFAULT NULL
) ENGINE=InnoDB AUTO_INCREMENT=5 DEFAULT CHARSET=utf8 COLLATE=utf8_unicode_ci;

--
-- Dumping data for table `optionsQ5`
--

INSERT INTO `optionsQ5` (`optionsQ5_id`, `optionsQ5_value`) VALUES
(1, 'Hơi đau, tức hậu môn, khó chịu'),
(2, 'Đau nhiều, rát. đỡ khi nằm'),
(3, 'Rất đau rát, đứng ngồi, nằm không yên'),
(4, 'Không đau, bình thường');

-- --------------------------------------------------------

--
-- Table structure for table `optionsQ6`
--

CREATE TABLE IF NOT EXISTS `optionsQ6` (
  `optionsQ6_id` int(11) NOT NULL,
  `optionsQ6_value` varchar(255) COLLATE utf8_unicode_ci DEFAULT NULL
) ENGINE=InnoDB AUTO_INCREMENT=5 DEFAULT CHARSET=utf8 COLLATE=utf8_unicode_ci;

--
-- Dumping data for table `optionsQ6`
--

INSERT INTO `optionsQ6` (`optionsQ6_id`, `optionsQ6_value`) VALUES
(1, 'Ít, lồi ra như hạt ngô'),
(2, 'Nhiều, lồi ra bằng 1/3 đốt ngón tay'),
(3, 'Rất nhiều, dài >2.5cm'),
(4, 'Không sa, bình thường');

-- --------------------------------------------------------

--
-- Table structure for table `optionsQ7`
--

CREATE TABLE IF NOT EXISTS `optionsQ7` (
  `optionsQ7_id` int(11) NOT NULL,
  `optionsQ7_value` varchar(255) COLLATE utf8_unicode_ci DEFAULT NULL
) ENGINE=InnoDB AUTO_INCREMENT=3 DEFAULT CHARSET=utf8 COLLATE=utf8_unicode_ci;

--
-- Dumping data for table `optionsQ7`
--

INSERT INTO `optionsQ7` (`optionsQ7_id`, `optionsQ7_value`) VALUES
(1, 'Không tự co vào được, ấn vào lại sa ra, hoặc rặn nhẹ là sa ra'),
(2, 'Tự co lên được sau khi ấn vào nhẹ');

-- --------------------------------------------------------

--
-- Table structure for table `optionsQ8`
--

CREATE TABLE IF NOT EXISTS `optionsQ8` (
  `optionsQ8_id` int(11) NOT NULL,
  `optionsQ8_value` varchar(255) COLLATE utf8_unicode_ci DEFAULT NULL
) ENGINE=InnoDB AUTO_INCREMENT=4 DEFAULT CHARSET=utf8 COLLATE=utf8_unicode_ci;

--
-- Dumping data for table `optionsQ8`
--

INSERT INTO `optionsQ8` (`optionsQ8_id`, `optionsQ8_value`) VALUES
(1, 'Khô, thoáng bình thường, không có dịch'),
(2, 'Hơi ẩm, ít mùi'),
(3, 'Ướt, có dịch vào đồ lót, mùi khó chịu');

-- --------------------------------------------------------

--
-- Table structure for table `optionsQ9`
--

CREATE TABLE IF NOT EXISTS `optionsQ9` (
  `optionsQ9_id` int(11) NOT NULL,
  `optionsQ9_value` varchar(255) COLLATE utf8_unicode_ci DEFAULT NULL
) ENGINE=InnoDB AUTO_INCREMENT=4 DEFAULT CHARSET=utf8 COLLATE=utf8_unicode_ci;

--
-- Dumping data for table `optionsQ9`
--

INSERT INTO `optionsQ9` (`optionsQ9_id`, `optionsQ9_value`) VALUES
(1, 'Có'),
(2, 'Không'),
(3, 'Có nhưng mức độ 3-4h/ngày');

-- --------------------------------------------------------

--
-- Table structure for table `orders`
--

CREATE TABLE IF NOT EXISTS `orders` (
  `orders_id` int(11) NOT NULL,
  `users_id` int(11) DEFAULT NULL,
  `session_id` varchar(255) COLLATE utf8_unicode_ci DEFAULT NULL,
  `orders_receiver_name` text COLLATE utf8_unicode_ci,
  `orders_receiver_email` text COLLATE utf8_unicode_ci,
  `orders_receiver_phone` text COLLATE utf8_unicode_ci,
  `orders_receiver_address` text COLLATE utf8_unicode_ci,
  `orders_receiver_note` text COLLATE utf8_unicode_ci,
  `orders_total_price` float DEFAULT NULL,
  `currency_id` int(11) DEFAULT NULL,
  `orders_created_date` datetime DEFAULT NULL,
  `orders_state` int(11) NOT NULL DEFAULT '1'
) ENGINE=InnoDB DEFAULT CHARSET=utf8 COLLATE=utf8_unicode_ci;

-- --------------------------------------------------------

--
-- Table structure for table `order_detail`
--

CREATE TABLE IF NOT EXISTS `order_detail` (
  `order_detail_id` int(11) NOT NULL,
  `order_id` int(11) DEFAULT NULL,
  `session_id` varchar(255) COLLATE utf8_unicode_ci DEFAULT NULL,
  `product_id` int(11) DEFAULT NULL,
  `order_detail_quantity` int(11) DEFAULT NULL,
  `order_detail_price` double DEFAULT NULL,
  `order_detail_note` text COLLATE utf8_unicode_ci,
  `state` int(11) NOT NULL DEFAULT '0',
  `product_name` text COLLATE utf8_unicode_ci,
  `currency_id` int(11) DEFAULT NULL
) ENGINE=InnoDB DEFAULT CHARSET=utf8 COLLATE=utf8_unicode_ci;

-- --------------------------------------------------------

--
-- Table structure for table `order_state`
--

CREATE TABLE IF NOT EXISTS `order_state` (
  `order_state_id` int(11) NOT NULL,
  `order_state_name` text COLLATE utf8_unicode_ci,
  `state` int(11) NOT NULL
) ENGINE=InnoDB AUTO_INCREMENT=8 DEFAULT CHARSET=utf8 COLLATE=utf8_unicode_ci;

--
-- Dumping data for table `order_state`
--

INSERT INTO `order_state` (`order_state_id`, `order_state_name`, `state`) VALUES
(1, 'Chờ xác nhận', 0),
(2, 'Đã xác nhận', 0),
(3, 'Chờ thanh toán', 0),
(4, 'Đã thanh toán', 0),
(5, 'Chờ gửi hàng', 0),
(6, '	\r\nHủy đơn hàng', 0),
(7, '	\r\nĐã chuyển hàng', 0);

-- --------------------------------------------------------

--
-- Table structure for table `page`
--

CREATE TABLE IF NOT EXISTS `page` (
  `page_id` int(11) NOT NULL,
  `page_name` text COLLATE utf8_unicode_ci,
  `page_des` text COLLATE utf8_unicode_ci,
  `page_content` text COLLATE utf8_unicode_ci,
  `page_img` text COLLATE utf8_unicode_ci,
  `page_created_date` datetime DEFAULT NULL,
  `page_update_date` datetime DEFAULT NULL,
  `state` int(11) NOT NULL DEFAULT '0',
  `page_sub_info1` text COLLATE utf8_unicode_ci,
  `page_sub_info2` text COLLATE utf8_unicode_ci,
  `page_sub_info3` text COLLATE utf8_unicode_ci,
  `page_sub_info4` text COLLATE utf8_unicode_ci,
  `page_sub_info5` text COLLATE utf8_unicode_ci,
  `keyword` text COLLATE utf8_unicode_ci,
  `title_seo` text COLLATE utf8_unicode_ci,
  `des_seo` text COLLATE utf8_unicode_ci,
  `friendly_url` text COLLATE utf8_unicode_ci,
  `created_id` int(11) DEFAULT NULL
) ENGINE=InnoDB AUTO_INCREMENT=46 DEFAULT CHARSET=utf8 COLLATE=utf8_unicode_ci;

--
-- Dumping data for table `page`
--

INSERT INTO `page` (`page_id`, `page_name`, `page_des`, `page_content`, `page_img`, `page_created_date`, `page_update_date`, `state`, `page_sub_info1`, `page_sub_info2`, `page_sub_info3`, `page_sub_info4`, `page_sub_info5`, `keyword`, `title_seo`, `des_seo`, `friendly_url`, `created_id`) VALUES
(35, 'Giới thiệu', 'Đại diện phân phối các loại hàng hóa, hàng gia dụng, mẹ và bé, thiết bị y tế.', '<h2>C&ocirc;ng ty CP Đầu Tư LISA Việt Nam</h2>\r\n\r\n<div class="gb-divider">&nbsp;</div>\r\n\r\n<p>C&ocirc;ng ty CP Đầu Tư LISA Việt Nam mang đến cho kh&aacute;ch h&agrave;ng những sản phẩm tốt nhất.</p>\r\n\r\n<p>C&aacute;c lĩnh vực ph&acirc;n phối:</p>\r\n\r\n<ul>\r\n	<li><span style="font-size:12px">H&agrave;ng Gia Dụng</span></li>\r\n	<li><span style="font-size:12px">Mẹ v&agrave; B&eacute;</span></li>\r\n	<li><span style="font-size:12px">Thiết bị y tế</span></li>\r\n</ul>\r\n', '17761076_1333587866719468_3529098457172812176_o.jpg', '2017-05-11 16:05:22', '2018-09-17 09:09:24', 1, '', '', '', '', '', 'Lisa Việt Nam', 'Giới thiệu', 'Phân phối độc quyền các loại hàng hóa có chất lượng cao.', 'gioi-thieu', 1),
(36, 'Bảo hành', 'Chế độ bảo hành sản phẩm', '<h2>Bảo h&agrave;nh bộ bảo quản ComboEZ:</h2>\r\n\r\n<p>Bộ bảo quản ComboEZ được bảo h&agrave;nh 1 năm.</p>\r\n', NULL, '2017-05-11 16:05:03', '2018-09-17 09:09:13', 1, '', '', '', '', '', 'Bảo hành', 'Bảo hành', 'bảo hành bình ComboEZ', 'bao-hanh', 1),
(37, 'Hướng dẫn sử dụng', 'Việc làm Cộng Tác Viên tại Hà Nội - Hàng nghìn thông tin tuyển dụng Cộng Tác Viên tại Hà Nội từ những nhà tuyển dụng uy tín. Ứng tuyển ngay!', '<p>Hướng dẫn sử dụng b&igrave;nh rửa mũi pari</p>\r\n', NULL, '2017-05-18 02:05:05', '2018-09-17 09:09:43', 1, '', '', '', '', '', 'tuyên cộng tác viên', 'Hướng dẫn sử dụng', 'Việc làm Cộng Tác Viên tại Hà Nội - Hàng nghìn thông tin tuyển dụng Cộng Tác Viên tại Hà Nội từ những nhà tuyển dụng uy tín. Ứng tuyển ngay!', 'huong-dan-su-dung', 1),
(39, 'Câu hỏi thường gặp', 'Mô tả ngắn của bài viết, mô tả ngắn của bài viết, mô tả ngắn của bài viết, mô tả ngắn của bài viết, mô tả ngắn của bài viết', '<h1>Tiêu đề tin tức</h1>\r\n                                \r\n                                <p class="desPageNews" style="width:100%; margin:10px 0px; font-weight:bold; font-size:14px;">Mô tả ngắn của bài viết, mô tả ngắn của bài viết, mô tả ngắn của bài viết, mô tả ngắn của bài viết, mô tả ngắn của bài viết</p>\r\n                                <img src="../image/slide1.jpg">\r\n                                \r\n                                <h2>Thẻ h2</h2>\r\n    \r\n                                <p>Nội dung bài viết, nội dung bài viết, nội dung bài viết, nội dung bài viết, nội dung bài viết, nội dung bài viết, nội dung bài viết, nội dung bài viết. Nội dung bài viết, nội dung bài viết, nội dung bài viết, nội dung bài viết, nội dung bài viết, nội dung bài viết, nội dung bài viết, nội dung bài viết</p>\r\n                                \r\n                                <h2>Thẻ h2</h2>\r\n    \r\n                                <p>Nội dung bài viết, nội dung bài viết, nội dung bài viết, nội dung bài viết, nội dung bài viết, nội dung bài viết, nội dung bài viết, nội dung bài viết. Nội dung bài viết, nội dung bài viết, nội dung bài viết, nội dung bài viết, nội dung bài viết, nội dung bài viết, nội dung bài viết, nội dung bài viết</p>\r\n                                <img src="../image/formImgCate.jpg">', NULL, '2017-07-10 15:07:50', '2017-07-10 15:07:35', 1, '', '', '', '', '', '', 'Câu hỏi thường gặp', 'Mô tả ngắn của bài viết, mô tả ngắn của bài viết, mô tả ngắn của bài viết, mô tả ngắn của bài viết, mô tả ngắn của bài viế', 'cau-hoi-thuong-gap', 1),
(40, 'Chính sách bảo mật', '', '<h2>DP GREEN-PHAR cam kết bảo mật th&ocirc;ng tin c&aacute; nh&acirc;n của tất cả kh&aacute;ch h&agrave;ng.</h2>\r\n\r\n<p>Cảm ơn bạn đ&atilde; truy cập website: www.greenphar.com<br />\r\nCh&uacute;ng t&ocirc;i hiểu r&otilde; tầm quan trọng của sự ri&ecirc;ng tư v&agrave; sẽ giữ b&iacute; mật th&ocirc;ng tin c&aacute; nh&acirc;n của bạn. Xin vui l&ograve;ng đọc bản Ch&iacute;nh s&aacute;ch bảo mật th&ocirc;ng tin n&agrave;y v&agrave; hiểu c&aacute;c h&agrave;nh động li&ecirc;n quan về th&ocirc;ng tin c&aacute; nh&acirc;n của bạn. Ch&iacute;nh s&aacute;ch bảo mật th&ocirc;ng tin n&agrave;y c&oacute; thể thay đổi m&agrave; kh&ocirc;ng th&ocirc;ng b&aacute;o trước, do đ&oacute; bạn vui l&ograve;ng thường xuy&ecirc;n r&agrave; so&aacute;t, cập nhật c&aacute;c điều khoản để biết những thay đổi.</p>\r\n\r\n<h2>Điều 1. Mục đ&iacute;ch v&agrave; phạm vi thu thập th&ocirc;ng tin</h2>\r\n\r\n<h3>1.1. Mục đ&iacute;ch thu thập th&ocirc;ng tin:</h3>\r\n\r\n<p>Ch&uacute;ng t&ocirc;i thực hiện việc thu thập th&ocirc;ng tin của bạn th&ocirc;ng qua website n&agrave;y nhằm:<br />\r\nDP GREEN-PHAR trung t&acirc;m tư vấn &amp; t&igrave;m giải ph&aacute;p xử l&yacute; c&aacute;c bệnh ngo&agrave;i cộng đồng.<br />\r\nGiải đ&aacute;p thắc mắc của bạn về vấn đề c&aacute;c bệnh m&agrave; bạn thắc mắc v&agrave; quan t&acirc;m.<br />\r\nGiới thiệu c&aacute;c h&agrave;ng h&oacute;a v&agrave; dịch vụ c&oacute; thể ph&ugrave; hợp với c&aacute;c nhu cầu v&agrave; sở th&iacute;ch của bạn.<br />\r\nCung cấp những th&ocirc;ng tin mới nhất của website.<br />\r\nXem x&eacute;t v&agrave; n&acirc;ng cấp nội dung, giao diện của website.<br />\r\nThực hiện hoạt động khảo s&aacute;t kh&aacute;ch h&agrave;ng.<br />\r\nThực hiện c&aacute;c hoạt động quảng b&aacute; sản phẩm v&agrave; giới thiệu những chương tr&igrave;nh khuyến m&atilde;i.<br />\r\nGiải quyết c&aacute;c vấn đề, tranh chấp ph&aacute;t sinh li&ecirc;n quan đến việc sử dụng website.<br />\r\nCh&uacute;ng t&ocirc;i bảo lưu quyền từ chối tr&aacute;ch nhiệm về bất kỳ thiệt hại n&agrave;o ph&aacute;t sinh nếu th&ocirc;ng tin c&aacute; nh&acirc;n của bạn bị đ&aacute;nh cắp, bị mất hoặc bị thiệt hại do sự cố hoặc bằng bất kỳ c&aacute;ch n&agrave;o kh&aacute;c.</p>\r\n\r\n<h3>1.2. Phạm vi thu thập th&ocirc;ng tin c&aacute; nh&acirc;n:</h3>\r\n\r\n<p>Th&ocirc;ng tin c&aacute; nh&acirc;n m&agrave; ch&uacute;ng t&ocirc;i thu thập của bạn khi bạn gửi thắc mắc về cho ch&uacute;ng t&ocirc;i, bao gồm:<br />\r\nHọ, t&ecirc;n, Năm sinh.<br />\r\nĐịa chỉ li&ecirc;n hệ.<br />\r\nĐiện thoại li&ecirc;n hệ.<br />\r\nEmail.<br />\r\nTh&ocirc;ng tin bệnh l&yacute; v&agrave; những thắc mắc về bệnh học li&ecirc;n quan.</p>\r\n\r\n<h2>Điều 2. Phạm vi sử dụng th&ocirc;ng tin</h2>\r\n\r\n<p>Th&ocirc;ng tin của bạn được sử dụng để ch&uacute;ng t&ocirc;i hoặc c&aacute;c b&ecirc;n c&oacute; li&ecirc;n quan kh&aacute;c c&oacute; thể thực hiện c&aacute;c y&ecirc;u cầu của bạn.<br />\r\nCh&uacute;ng t&ocirc;i c&oacute; thể li&ecirc;n hệ với bạn hoặc giới thiệu bạn đến c&aacute;c cuộc nghi&ecirc;n cứu bao gồm nghi&ecirc;n cứu sự h&agrave;i l&ograve;ng của kh&aacute;ch h&agrave;ng, thị trường, nội dung c&aacute; nh&acirc;n kh&aacute;c, hoặc c&oacute; li&ecirc;n quan đến một số giao dịch nhất định.<br />\r\nCh&uacute;ng t&ocirc;i thu thập th&ocirc;ng tin về truy cập website của bạn gồm những th&ocirc;ng tin c&oacute; thể nhận biết v&agrave; kh&ocirc;ng thể nhận biết để ph&acirc;n t&iacute;ch (v&iacute; dụ: dữ liệu ph&acirc;n t&iacute;ch việc truy cập website, &hellip;).<br />\r\nTh&ocirc;ng tin của bạn được sử dụng để gi&uacute;p cung cấp cho c&aacute;c dịch vụ của ch&uacute;ng t&ocirc;i v&agrave; ch&uacute;ng t&ocirc;i c&oacute; thể cung cấp th&ocirc;ng tin cho c&aacute;c c&ocirc;ng ty đại diện ch&uacute;ng t&ocirc;i. Những c&ocirc;ng ty n&agrave;y cũng chịu sự r&agrave;ng buộc nghi&ecirc;m ngặt bởi Ch&iacute;nh s&aacute;ch Bảo mật của ch&uacute;ng t&ocirc;i.</p>\r\n\r\n<h2>Điều 3. Thời gian lưu trữ th&ocirc;ng tin</h2>\r\n\r\n<p>Ch&uacute;ng t&ocirc;i sẽ lưu trữ c&aacute;c th&ocirc;ng tin c&aacute; nh&acirc;n do kh&aacute;ch h&agrave;ng cung cấp tr&ecirc;n c&aacute;c hệ thống quản l&yacute;, lưu trữ dữ liệu của ch&uacute;ng t&ocirc;i hoặc ch&uacute;ng t&ocirc;i thu&ecirc; trong qu&aacute; tr&igrave;nh cung cấp dịch vụ cho kh&aacute;ch h&agrave;ng cho đến khi ho&agrave;n th&agrave;nh mục đ&iacute;ch thu thập hoặc khi bạn c&oacute; y&ecirc;u cầu hủy c&aacute;c th&ocirc;ng tin đ&atilde; cung cấp.</p>\r\n\r\n<h2>Điều 4. Địa chỉ của đơn vị thu thập v&agrave; quản l&yacute; th&ocirc;ng tin c&aacute; nh&acirc;n</h2>\r\n\r\n<p><strong>C&Ocirc;NG TY CỔ PHẦN DP GREEN-PHAR</strong><br />\r\nĐịa chỉ: Số 19, Ng&otilde; 4, phố Văn La, H&agrave; Đ&ocirc;ng, H&agrave; Nội.<br />\r\nĐiện thoại: (024) 6262.7731<br />\r\nEmail: dpgreenphar@gmail.com</p>\r\n\r\n<h2>Điều 5. Phương tiện v&agrave; c&ocirc;ng cụ để người d&ugrave;ng tiếp cận v&agrave; chỉnh sửa dữ liệu c&aacute; nh&acirc;n của m&igrave;nh.</h2>\r\n\r\n<p>Bạn c&oacute; thể tự đăng nhập v&agrave;o website qua link www.greenphar.com &nbsp;v&agrave; chỉnh sửa c&aacute;c th&ocirc;ng tin c&aacute; nh&acirc;n như: t&ecirc;n, số điện thoại, địa chỉ giao-nhận h&agrave;ng, ...<br />\r\nNếu bạn kh&ocirc;ng quan t&acirc;m hoặc kh&ocirc;ng muốn nhận tin tức, th&ocirc;ng tin, bạn c&oacute; thể thay đổi th&ocirc;ng tin của bạn v&agrave;o bất kỳ l&uacute;c n&agrave;o bằng c&aacute;ch gửi email về cho ch&uacute;ng t&ocirc;i qua địa chỉ email: cskh@greenphar.com</p>\r\n\r\n<h2>Điều 6. Cam kết bảo mật th&ocirc;ng tin c&aacute; nh&acirc;n kh&aacute;ch h&agrave;ng</h2>\r\n\r\n<p>Ngo&agrave;i việc sử dụng c&aacute;c th&ocirc;ng tin của bạn v&agrave;o c&aacute;c mục đ&iacute;ch n&ecirc;u tại Khoản 1.1 Điều 1 của Ch&iacute;nh s&aacute;ch bảo mật n&agrave;y v&agrave; phạm vi n&ecirc;u tại Điều 2 của Ch&iacute;nh s&aacute;ch bảo mật n&agrave;y, Ch&uacute;ng t&ocirc;i sẽ giữ b&iacute; mật th&ocirc;ng tin c&aacute; nh&acirc;n của bạn.&nbsp;Xin vui l&ograve;ng đọc bản Ch&iacute;nh s&aacute;ch bảo mật th&ocirc;ng tin n&agrave;y v&agrave; hiểu c&aacute;c h&agrave;nh động li&ecirc;n quan về th&ocirc;ng tin c&aacute; nh&acirc;n của bạn. Ch&iacute;nh s&aacute;ch bảo mật th&ocirc;ng tin n&agrave;y c&oacute; thể thay đổi m&agrave; kh&ocirc;ng th&ocirc;ng b&aacute;o trước, do đ&oacute; bạn vui l&ograve;ng thường xuy&ecirc;n r&agrave; so&aacute;t, cập nhật c&aacute;c điều khoản n&agrave;y để biết những thay đổi.<br />\r\n<strong>Ch&iacute;nh s&aacute;ch bảo mật tại DP GREEN- PHAR</strong><br />\r\n- DP GREEN-PHAR c&oacute; thể thay đổi ch&iacute;nh s&aacute;ch bảo mật v&agrave; mọi thay đổi sẽ được c&ocirc;ng khai tr&ecirc;n website www.greenphar.com<br />\r\n- Tất cả c&aacute;c thay đổi về ch&iacute;nh s&aacute;ch bảo mật ch&uacute;ng t&ocirc;i đều tu&acirc;n thủ theo quy định của Ph&aacute;p Luật Nh&agrave; Nước hiện h&agrave;nh.<br />\r\n- Mọi &yacute; kiến thắc mắc, khiếu nại v&agrave; tranh chấp vui l&ograve;ng li&ecirc;n hệ với ch&uacute;ng t&ocirc;i qua hotline Chăm s&oacute;c kh&aacute;ch h&agrave;ng:&nbsp;<strong>(024) 6262. 7731</strong><br />\r\n<br />\r\nTr&acirc;n trọng,<br />\r\n<strong>DP GREEN- PHAR: Chu Đ&aacute;o, Tin Cậy!</strong></p>\r\n', NULL, '2017-07-10 22:07:44', '2017-07-11 02:07:46', 1, '', '', '', '', '', '', 'Chính sách bảo mật', '', 'chinh-sach-bao-mat', 1),
(41, 'Chính sách đổi - trả', '', '<p>Qu&yacute; kh&aacute;ch vui l&ograve;ng chắc chắn rằng sản phẩm y&ecirc;u cầu đổi (trả) thỏa m&atilde;n điều kiện đổi trả h&agrave;ng của DP GREEN- PHAR tại ch&iacute;nh s&aacute;ch đổi trả h&agrave;ng h&oacute;a như sau:<br />\r\n<strong><em>C&aacute;c trường hợp được quyền đổi - trả sản phẩm:</em></strong><br />\r\nĐổi - trả do đơn h&agrave;ng sai hoặc thiếu sản phẩm so với th&ocirc;ng tin đặt h&agrave;ng.<br />\r\nTrả h&agrave;ng - ho&agrave;n tiền sản phẩm lỗi do qu&aacute; tr&igrave;nh vận chuyển (hộp thuốc bị bể, ẩm mốc,&hellip;).<br />\r\nTrả h&agrave;ng - ho&agrave;n tiền sản phẩm lỗi sản xuất (nh&atilde;n m&aacute;c kh&ocirc;ng r&otilde; chữ, th&ocirc;ng tin tr&ecirc;n bao b&igrave; sản phẩm kh&ocirc;ng ch&iacute;nh x&aacute;c, sản phẩm đ&atilde; bị mở trước khi đến tay kh&aacute;ch h&agrave;ng...).<br />\r\nTrả h&agrave;ng - ho&agrave;n tiền do lỗi giao h&agrave;ng sản phẩm hết hạn sử dụng.<br />\r\n<strong><em>Điều kiện bắt buộc:</em></strong><br />\r\nSản phẩm kh&ocirc;ng c&oacute; dấu hiệu đ&atilde; qua sử dụng, c&ograve;n nguy&ecirc;n hộp, tem, m&aacute;c, seal (seal vỏ hộp v&agrave; seal chai thuốc).<br />\r\nTrong trường hợp Kh&aacute;ch h&agrave;ng đ&atilde; khui seal vỏ hộp v&agrave; ph&aacute;t hiện chai thuốc c&oacute; lỗi sản xuất, vui l&ograve;ng chụp h&igrave;nh v&agrave; gọi Hotline để BP CSKH hướng dẫn th&ecirc;m.<br />\r\nĐối với c&aacute;c sản phẩm đ&atilde; khui seal chai thuốc, DP GREEN- PHAR xin được từ chối đổi trả.<br />\r\nQu&yacute; kh&aacute;ch h&agrave;ng lưu &yacute; lu&ocirc;n lu&ocirc;n kiểm tra kĩ t&igrave;nh trạng sản phẩm sau khi nhận được ngay tại thời điểm nhận h&agrave;ng v&agrave; c&oacute; sự chứng kiến của nh&acirc;n vi&ecirc;n giao h&agrave;ng. C&aacute;c vấn đề như bể vỡ, vỏ hộp chai thuốc bị r&aacute;ch n&aacute;t hoặc seal đ&atilde; bị mở, &hellip; Tất cả những sự cố n&agrave;y sẽ chỉ được đổi trả nếu do lỗi từ ph&iacute;a nh&acirc;n vi&ecirc;n của DP GREEN- PHAR v&agrave; đơn vị vận chuyển ViettelPost.</p>\r\n\r\n<h2>Thời hạn đổi trả h&agrave;ng</h2>\r\n\r\n<p>Sau khi nhận được sản phẩm của kh&aacute;ch h&agrave;ng gửi trả, Bộ phận Chăm s&oacute;c Kh&aacute;ch h&agrave;ng sẽ tiến h&agrave;nh kiểm tra chất lượng sản phẩm ngay lập tức. Quy tr&igrave;nh kiểm tra h&agrave;ng đổi trả được thực hiện trong v&ograve;ng từ 1-3 ng&agrave;y l&agrave;m việc, kết quả kiểm tra sẽ được th&ocirc;ng b&aacute;o đến kh&aacute;ch h&agrave;ng qua email v&agrave; tin nhắn điện thoại sau khi ho&agrave;n tất.<br />\r\nSau khi nhận được email hoặc tin nhắn th&ocirc;ng b&aacute;o từ DP GREEN- PHAR, kh&aacute;ch h&agrave;ng c&oacute; thể kiểm tra t&igrave;nh trạng đổi trả hoặc ho&agrave;n tiền th&ocirc;ng qua c&ocirc;ng cụ kiểm tra đơn h&agrave;ng của&nbsp;<strong>DP GREEN-PHAR</strong>.</p>\r\n\r\n<h2>Phương thức đổi trả h&agrave;ng đ&atilde; mua</h2>\r\n\r\n<p><strong><em>Bước 1:</em></strong> Đăng k&iacute;<br />\r\nKh&aacute;ch h&agrave;ng c&oacute; thể li&ecirc;n hệ với bộ phận chăm s&oacute;c kh&aacute;ch h&agrave;ng của DP GREEN-PHAR qua hotline (024) 6262.7731 hoặc truy cập trang web: WWW.GREENPHAR.COM &nbsp;v&agrave; cung cấp th&ocirc;ng tin chi tiết về sản phẩm lỗi gồm:<br />\r\n- T&ecirc;n sản phẩm<br />\r\n- M&atilde; số đơn h&agrave;ng, l&ocirc; sản xuất, hạn sử dụng<br />\r\n- Lỗi sản phẩm (m&ocirc; tả chi tiết v&agrave; k&egrave;m ảnh chụp)<br />\r\n<strong><em>Bước 2:</em></strong> Nhận tin nhắn x&aacute;c nhận đ&atilde; đăng k&yacute; đổi/trả th&agrave;nh c&ocirc;ng v&agrave; email hướng dẫn đ&oacute;ng g&oacute;i sản phẩm ho&agrave;n trả.<br />\r\nSau khi y&ecirc;u cầu đổi/trả được chấp nhận, DP GREEN-PHAR sẽ gửi đến qu&yacute; kh&aacute;ch một tin nhắn v&agrave; email hướng dẫn c&aacute;ch gửi trả sản phẩm.<br />\r\n<strong><em>Bước 3:</em></strong> Đ&oacute;ng g&oacute;i theo hướng dẫn v&agrave; mang sản phẩm đến Bưu Điện<br />\r\n<strong><em>Bước 4:</em></strong> Gửi trả sản phẩm về DP GREEN-PHAR<br />\r\nKh&aacute;ch h&agrave;ng vui l&ograve;ng gửi sản phẩm qua đường Bưu Điện về DP GREEN-PHAR trong v&ograve;ng 3 ng&agrave;y l&agrave;m việc kể từ khi th&ocirc;ng b&aacute;o với bộ phận Chăm S&oacute;c Kh&aacute;ch H&agrave;ng v&agrave; gửi k&egrave;m:<br />\r\n- H&oacute;a đơn mua h&agrave;ng hoặc đ&iacute;nh k&egrave;m giấy ghi ch&uacute; c&oacute; m&atilde; đơn h&agrave;ng<br />\r\n- H&oacute;a đơn gi&aacute; trị gia tăng (nếu c&oacute;)<br />\r\n- Phụ kiện đi k&egrave;m sản phẩm v&agrave; tặng khuyến m&atilde;i k&egrave;m theo (nếu c&oacute;)<br />\r\n<strong><em>Một số lưu &yacute; khi gửi h&agrave;ng đến bưu điện:</em></strong><br />\r\n- Kh&ocirc;ng ni&ecirc;m phong bề mặt th&ugrave;ng ​trước khi ho&agrave;n tất qu&aacute; tr&igrave;nh gửi h&agrave;ng ​v&igrave; c&oacute; thể bưu điện cần kiểm tra trước khi nhận h&agrave;ng. Đ&oacute;ng g&oacute;i, ch&egrave;n l&oacute;t sản phẩm như ban đầu.<br />\r\n- Cung cấp cho nh&acirc;n vi&ecirc;n bưu điện m&atilde; đơn h&agrave;ng v&agrave; m&atilde; gửi h&agrave;ng b&ecirc;n DP GREEN-PHAR đ&atilde; cung cấp. - Lưu &yacute; kh&ocirc;ng d&aacute;n băng keo trực tiếp l&ecirc;n hộp sản phẩm v&igrave; y&ecirc;u cầu đổi/trả c&oacute; thể sẽ bị từ chối nếu hộp sản phẩm bị hư hỏng.<br />\r\n- Vui l&ograve;ng li&ecirc;n hệ Bộ phận Chăm s&oacute;c Kh&aacute;ch h&agrave;ng của DP GREEN-PHAR &nbsp;(024) 6262. 7731&nbsp;khi c&oacute; bất cứ kh&oacute; khăn xảy ra trong qu&aacute; tr&igrave;nh l&agrave;m việc với bưu điện.<br />\r\n- Điền th&ocirc;ng tin m&atilde; số đơn h&agrave;ng l&ecirc;n th&ugrave;ng h&agrave;ng v&agrave; gửi về DP GREEN- PHAR theo địa chỉ nh&acirc;n vi&ecirc;n chăm s&oacute;c kh&aacute;ch h&agrave;ng đ&atilde; cung cấp.<br />\r\n<strong>Note:</strong>&nbsp;<em>Trong trường hợp kh&ocirc;ng nhớ th&ocirc;ng tin ở bước số 4, qu&yacute; kh&aacute;ch c&oacute; thể xuất tr&igrave;nh tin nhắn hoặc email nhận được từ DP GREEN- PHAR đ&atilde; gửi (ở bước 2) cho nh&acirc;n vi&ecirc;n bưu điện v&agrave; l&agrave;m theo hướng dẫn.</em><br />\r\n<span style="color:#C00">Lưu &yacute;:</span> Kh&aacute;ch h&agrave;ng trong qu&aacute; tr&igrave;nh gửi trả sản phẩm về DP GREEN-PHAR sẽ chịu ho&agrave;n to&agrave;n tr&aacute;ch nhiệm về trạng th&aacute;i nguy&ecirc;n vẹn của sản phẩm.<br />\r\nSau khi nhận được sản phẩm kh&aacute;ch h&agrave;ng gửi trả về, DP GREEN- PHAR sẽ phản hồi v&agrave; cập nhật th&ocirc;ng tin tr&ecirc;n từng giai đoạn xử l&yacute; đến kh&aacute;ch h&agrave;ng qua email hoặc sms.</p>\r\n\r\n<h2>C&aacute;ch thức nhận lại tiền khi mua h&agrave;ng online</h2>\r\n\r\n<h3>Kh&aacute;ch h&agrave;ng sẽ nhận được số tiền ho&agrave;n trả sau bao l&acirc;u?</h3>\r\n\r\n<p>DP GREEN- PHAR sẽ ho&agrave;n tiền cho kh&aacute;ch h&agrave;ng trong trường hợp kh&aacute;ch h&agrave;ng trả hay hủy đơn h&agrave;ng.<br />\r\nPhương thức ho&agrave;n tiền bằng c&aacute;ch chuyển khoản ng&acirc;n h&agrave;ng.<br />\r\nTh&ocirc;ng tin sẽ được cập nhật đến cho qu&yacute; kh&aacute;ch bằng email hoặc SMS khi thủ tục ho&agrave;n tiền được tiến h&agrave;nh.<br />\r\n<strong>Phương thức ho&agrave;n tiền:</strong> Chuyển khoản ng&acirc;n h&agrave;ng<br />\r\n<strong>Thời gian ho&agrave;n tiền:</strong> 3 - 5 ng&agrave;y l&agrave;m việc<br />\r\nTrong trường hợp đ&atilde; vượt qu&aacute; c&aacute;c khoảng thời gian ho&agrave;n tiền tr&ecirc;n nhưng kh&aacute;ch h&agrave;ng vẫn chưa nhận được tiền, xin vui l&ograve;ng li&ecirc;n hệ với ng&acirc;n h&agrave;ng để được hỗ trợ hoặc Tổng đ&agrave;i Chăm s&oacute;c Kh&aacute;ch h&agrave;ng của DP GREEN-PHAR&nbsp;<strong>(024) 6262.7731</strong></p>\r\n\r\n<h3>Chi ph&iacute; cho việc đổi trả h&agrave;ng</h3>\r\n\r\n<p>Qu&yacute; Kh&aacute;ch h&agrave;ng vui l&ograve;ng thanh to&aacute;n tiền ph&iacute; vận chuyển khi Kh&aacute;ch h&agrave;ng thực hiện gửi h&agrave;ng tại bưu điện. DP GREEN- PHAR sẽ kh&ocirc;ng ho&agrave;n trả chi ph&iacute; n&agrave;y. Tuy nhi&ecirc;n sẽ giao h&agrave;ng miễn ph&iacute; đối với những đơn h&agrave;ng thuộc nh&oacute;m &ldquo;Đổi h&agrave;ng&quot;. Nếu c&oacute; bất k&igrave; vấn đề g&igrave; ph&aacute;t sinh, qu&yacute; kh&aacute;ch c&oacute; thể li&ecirc;n hệ với bộ phận CSKH của DP GREEN-PHAR theo Hotline&nbsp;<strong>(024) 6262.7731</strong></p>\r\n', NULL, '2017-07-10 22:07:03', '2017-07-11 02:07:28', 1, '', '', '', '', '', '', 'Chính sách đổi - trả', '', 'chinh-sach-doi-tra', 1),
(42, 'Hệ thống nhà thuốc', '', '<p>T&acirc;t cả c&aacute;c sản phẩm của DP GREEN-PHAR&nbsp;đ&atilde; được ph&acirc;n phối tại hơn 1000 nh&agrave; thuốc tại c&aacute;c tỉnh th&agrave;nh tr&ecirc;n khắp miền bắc<br />\r\nVui l&ograve;ng li&ecirc;n hệ tổng đ&agrave;i CSKH: <em><strong>024. 6262.7731</strong></em> để biết địa chỉ nh&agrave; thuốc gần nhất nơi bạn ở.<br />\r\nXin ch&acirc;n th&agrave;nh cảm ơn qu&yacute; kh&aacute;ch đ&atilde; tin d&ugrave;ng sản phẩm của <strong>DP GREEN-PHAR</strong>.</p>\r\n', NULL, '2017-07-10 22:07:22', '2017-07-11 02:07:17', 1, '', '', '', '', '', '', 'Hệ thống nhà thuốc', '', 'he-thong-nha-thuoc', 1),
(43, 'Hình thức giao hàng', '', '<p>Sau khi đặt h&agrave;ng th&agrave;nh c&ocirc;ng, Bộ phận Chăm s&oacute;c Kh&aacute;ch h&agrave;ng của DP GREEN- PHAR sẽ li&ecirc;n hệ với Qu&yacute; kh&aacute;ch để x&aacute;c nhận v&agrave; gửi email/sms về th&ocirc;ng tin đơn h&agrave;ng trong thời gian sớm nhất. Hiện tại DP GREEN-PHAR hợp t&aacute;c với ViettelPost - đơn vị chuyển ph&aacute;t h&agrave;ng đầu tại Việt Nam để thực hiện chuyển ph&aacute;t c&aacute;c sản phẩm tới Qu&yacute; kh&aacute;ch h&agrave;ng.<br />\r\nSau khi x&aacute;c nhận th&agrave;nh c&ocirc;ng, đơn h&agrave;ng sẽ được giao đến Qu&yacute; kh&aacute;ch trong khoảng thời gian sau đ&acirc;y: <strong>Tại Th&agrave;nh phố Hồ Ch&iacute; Minh v&agrave; H&agrave; Nội:</strong> Giao h&agrave;ng sau 1 - 4h l&agrave;m việc<br />\r\n<strong>C&aacute;c khu vực tỉnh, th&agrave;nh c&ograve;n lại:</strong> Giao h&agrave;ng sau 1 - 2 ng&agrave;y l&agrave;m việc<br />\r\n<em>*Lưu &yacute;: thời gian giao h&agrave;ng dự kiến ở tr&ecirc;n chỉ &aacute;p dụng cho c&aacute;c đơn h&agrave;ng trong nước.</em> Tất cả c&aacute;c đơn h&agrave;ng từ khắp cả nước sẽ được chia l&agrave;m 2 khu vực v&agrave; ph&iacute; vận chuyển &aacute;p dụng cho tất cả c&aacute;c đơn h&agrave;ng của Qu&yacute; kh&aacute;ch (trong đ&oacute;, DP GREEN-PHAR đ&atilde; hỗ trợ 50-70% chi ph&iacute; giao h&agrave;ng v&agrave; ph&iacute; thu tiền hộ):<br />\r\n<strong>Khu vực 1:</strong>&nbsp;Th&agrave;nh phố Hồ Ch&iacute; Minh v&agrave; H&agrave; Nội l&agrave; 10.000đ/đơn h&agrave;ng bất kỳ<br />\r\n<strong>Khu vực 2:</strong>&nbsp;C&aacute;c tỉnh, th&agrave;nh phố c&ograve;n lại tr&ecirc;n to&agrave;n quốc l&agrave; 20.000đ/đơn h&agrave;ng bất kỳ<br />\r\n<strong>FREE SHIP NẾU ĐƠN H&Agrave;NG TR&Ecirc;N 600.000 VNĐ.</strong></p>\r\n\r\n<p>Qu&yacute; kh&aacute;ch h&agrave;ng lưu &yacute; lu&ocirc;n lu&ocirc;n kiểm tra kĩ t&igrave;nh trạng sản phẩm sau khi nhận được ngay tại thời điểm nhận h&agrave;ng v&agrave; c&oacute; sự chứng kiến của nh&acirc;n vi&ecirc;n giao h&agrave;ng. C&aacute;c vấn đề như bể vỡ, vỏ hộp chai thuốc bị r&aacute;ch n&aacute;t hoặc seal đ&atilde; bị mở, &hellip; Tất cả những sự cố n&agrave;y sẽ chỉ được đổi trả nếu do lỗi từ ph&iacute;a nh&acirc;n vi&ecirc;n của DP GREEN-PHAR v&agrave; đơn vị vận chuyển ViettelPost.</p>\r\n\r\n<p>Trong qu&aacute; tr&igrave;nh giao h&agrave;ng c&oacute; thể ph&aacute;t sinh những vấn đề ngo&agrave;i &yacute; muốn về ph&iacute;a Kh&aacute;ch h&agrave;ng khiến việc giao h&agrave;ng bị chậm trễ. DP GREEN-PHAR sẽ linh động giải quyết cho Kh&aacute;ch h&agrave;ng trong từng trường hợp như sau:<br />\r\n- Kh&aacute;ch h&agrave;ng kh&ocirc;ng cung cấp ch&iacute;nh x&aacute;c v&agrave; đầy đủ địa chỉ giao h&agrave;ng v&agrave; số điện thoại li&ecirc;n lạc.<br />\r\n- Kh&aacute;ch h&agrave;ng kh&ocirc;ng sẵn s&agrave;ng để nhận h&agrave;ng v&agrave;o thời điểm giao h&agrave;ng.<br />\r\n- DP GREEN- PHAR đ&atilde; giao h&agrave;ng đ&uacute;ng hẹn theo th&ocirc;ng tin giao h&agrave;ng nhưng kh&ocirc;ng li&ecirc;n lạc được với Kh&aacute;ch h&agrave;ng v&agrave; chờ tại địa điểm giao h&agrave;ng qu&aacute; 15 ph&uacute;t, mọi nỗ lực của nh&acirc;n vi&ecirc;n giao h&agrave;ng nhằm li&ecirc;n hệ với Kh&aacute;ch h&agrave;ng đều kh&ocirc;ng th&agrave;nh c&ocirc;ng.<br />\r\n- Những trường hợp bất khả kh&aacute;ng như thi&ecirc;n tai, tai nạn giao th&ocirc;ng, gi&aacute;n đoạn mạng lưới giao th&ocirc;ng, đứt c&aacute;p, hệ thống bị tấn c&ocirc;ng.<br />\r\nC&aacute;c trường hợp kh&aacute;c: Trong trường hợp xảy ra sự cố phức tạp hơn, DP GREEN- PHAR bảo đảm quyền lợi lớn nhất thuộc về Kh&aacute;ch h&agrave;ng.</p>\r\n', NULL, '2017-07-10 22:07:41', '2017-07-11 02:07:07', 1, '', '', '', '', '', '', 'Hình thức giao hàng', '', 'hinh-thuc-giao-hang', 1),
(44, 'Hình thức thanh toán', '', '<h2>DP GREEN- PHAR hỗ trợ 4 phương thức thanh to&aacute;n cho tất cả c&aacute;c đơn h&agrave;ng tr&ecirc;n hệ thống.</h2>\r\n\r\n<p><strong>1. Thanh to&aacute;n khi nhận h&agrave;ng (COD): </strong>Qu&yacute; kh&aacute;ch sẽ thanh to&aacute;n tiền mặt cho nh&acirc;n vi&ecirc;n giao h&agrave;ng ngay sau khi nhận được h&agrave;ng.<br />\r\n<strong>2. Thanh to&aacute;n bằng Internet Banking:</strong> Thẻ/t&agrave;i khoản ATM của qu&yacute; kh&aacute;ch c&oacute; đăng k&iacute; sử dụng dịch vụ internet banking, DP GREEN- PHAR hiện hỗ trợ thanh to&aacute;n cho phần lớn c&aacute;c ng&acirc;n h&agrave;ng tại Việt Nam:<br />\r\n<img src="../image/pay.jpg" /> <strong>3. Thanh to&aacute;n bằng thẻ quốc tế Visa, Master Card:</strong>&nbsp;Ph&iacute; thanh to&aacute;n t&ugrave;y thuộc v&agrave;o từng loại thẻ qu&yacute; kh&aacute;ch d&ugrave;ng v&agrave; ng&acirc;n h&agrave;ng ph&aacute;t h&agrave;nh thẻ. Vui l&ograve;ng li&ecirc;n hệ với ng&acirc;n h&agrave;ng ph&aacute;t h&agrave;nh thẻ để biết r&otilde; ph&iacute; thanh to&aacute;n ph&aacute;t sinh.<br />\r\n<strong>4. Chuyển khoản trực tiếp tại ng&acirc;n h&agrave;ng:<br />\r\nCHỦ T&Agrave;I KHOẢN: CT CỔ PHẦN DP GREEN PHAR<br />\r\nSTK: 0691000342789<br />\r\nchi nh&aacute;nh h&agrave; t&acirc;y, Vietcombank.</strong><br />\r\n&quot;T&ecirc;n người mua h&agrave;ng, Tỉnh/th&agrave;nh phố&quot; chuyển tiền cho đơn h&agrave;ng ng&agrave;y ... th&aacute;ng ... năm ...<br />\r\n<em>Mọi thắc mắc v&agrave; g&oacute;p &yacute; vui l&ograve;ng li&ecirc;n hệ Hotline Chăm s&oacute;c kh&aacute;ch h&agrave;ng:&nbsp;<strong>(024) 6262.7731</strong></em></p>\r\n', NULL, '2017-07-10 22:07:55', '2017-07-11 02:07:48', 1, '', '', '', '', '', '', 'Hình thức thanh toán', '', 'hinh-thuc-thanh-toan', 1),
(45, 'Điều khoản sử dụng', '', '<h2>1. Giới thiệu</h2>\r\n\r\n<p>Ch&agrave;o mừng bạn đến với trang Thương mại điện tử DP GREEN-PHAR<br />\r\nGREENPHAR.COM l&agrave; trang Thương mại điện tử của C&ocirc;ng ty Cổ phần DP GREEN- PHAR - chuy&ecirc;n ph&acirc;n phối độc quyền c&aacute;c sản phẩm do Armephaco 120- x&iacute; nghiệp dược phẩm 120, qu&acirc;n đội, nghi&ecirc;n cứu v&agrave; sản xuất, được cấp giấy chứng nhận ĐKKD số 0106800687 do Sở Kế Hoạch v&agrave; Đầu Tư H&agrave; Nội cấp ng&agrave;y 25/4/2015<br />\r\nC&ocirc;ng ty CPDP GREEN- PHAR c&oacute; trụ sở ch&iacute;nh đặt tại 19, Ng&otilde; 4, Phố Văn La- H&agrave; Đ&ocirc;ng- H&agrave; Nội.<br />\r\nKhi bạn truy cập v&agrave;o website greenphar.com của ch&uacute;ng t&ocirc;i c&oacute; nghĩa l&agrave; bạn đồng &yacute; với c&aacute;c điều khoản n&agrave;y. Website c&oacute; quyền chỉnh sửa, thay đổi, th&ecirc;m hoặc lược bỏ bất kỳ phần n&agrave;o trong Điều khoản mua b&aacute;n h&agrave;ng h&oacute;a n&agrave;y v&agrave;o bất cứ l&uacute;c n&agrave;o. C&aacute;c thay đổi c&oacute; hiệu lực ngay khi được đăng tr&ecirc;n website m&agrave; kh&ocirc;ng cần th&ocirc;ng b&aacute;o trước. V&agrave; khi bạn tiếp tục sử dụng website, sau khi c&aacute;c thay đổi về Điều khoản n&agrave;y được đăng tải, c&oacute; nghĩa l&agrave; bạn chấp nhận với những thay đổi đ&oacute; của ch&uacute;ng t&ocirc;i.<br />\r\nV&igrave; vậy, bạn vui l&ograve;ng kiểm tra thường xuy&ecirc;n v&agrave; cập nhật những thay đổi trong Điều khoản mua b&aacute;n tr&ecirc;n website của ch&uacute;ng t&ocirc;i để đảm bảo quyền lợi của m&igrave;nh.</p>\r\n\r\n<h2>2. Hướng dẫn sử dụng website</h2>\r\n\r\n<p style="text-align:center"><img alt="" height="450" src="/image/images/Hydrangeas.jpg" width="600" /></p>\r\n\r\n<p>Khi truy cập v&agrave;o website của DP GREEN-PHAR, bạn phải đảm bảo đủ 18 tuổi, hoặc c&oacute; sự gi&aacute;m s&aacute;t của cha mẹ hay người gi&aacute;m hộ hợp ph&aacute;p. Vui l&ograve;ng đảm bảo bạn c&oacute; đầy đủ h&agrave;nh vi d&acirc;n sự để thực hiện c&aacute;c giao dịch mua b&aacute;n h&agrave;ng h&oacute;a theo quy định hiện h&agrave;nh của ph&aacute;p luật Việt Nam.<br />\r\nCh&uacute;ng t&ocirc;i sẽ cũng cấp cho bạn một t&agrave;i khoản (Account) sử dụng để bạn c&oacute; thể mua sắm tr&ecirc;n website greenphar.com trong khu&ocirc;n khổ Điều khoản v&agrave; Điều kiện sử dụng đ&atilde; đề ra.<br />\r\nBạn sẽ phải đăng k&yacute; t&agrave;i khoản với th&ocirc;ng tin c&aacute; nh&acirc;n x&aacute;c thực v&agrave; phải cập nhật nếu c&oacute; bất kỳ thay đổi n&agrave;o trong qu&aacute; tr&igrave;nh sử dụng. Mỗi c&aacute; nh&acirc;n khi truy cập v&agrave;o website của DP GREEN- PHAR phải c&oacute; tr&aacute;ch nhiệm với mật khẩu, t&agrave;i khoản v&agrave; hoạt động của m&igrave;nh tr&ecirc;n web. B&ecirc;n cạnh đ&oacute;, bạn phải th&ocirc;ng b&aacute;o ngay cho ch&uacute;ng t&ocirc;i biết khi t&agrave;i khoản bị truy cập tr&aacute;i ph&eacute;p. Đối với những thiệt hại hoặc mất m&aacute;t g&acirc;y ra do bạn kh&ocirc;ng tu&acirc;n thủ quy định v&agrave; c&aacute;c điều khoản mua b&aacute;n đ&atilde; cam kết ph&iacute;a DP GREEN-PHAR sẽ kh&ocirc;ng chịu bất kỳ tr&aacute;ch nhiệm n&agrave;o, d&ugrave; trực tiếp hay gi&aacute;n tiếp.</p>\r\n\r\n<p style="text-align:center"><img alt="" height="221" src="/image/images/Cataloge%20Rem-File%20OK%2003.jpg" width="600" /></p>\r\n\r\n<p><img alt="" height="900" src="/image/images/11___.png" width="900" /><br />\r\nNghi&ecirc;m cấm sử dụng bất kỳ phần n&agrave;o của website n&agrave;y dưới mọi h&igrave;nh thức với mục đ&iacute;ch thương mại hoặc nh&acirc;n danh bất kỳ đối t&aacute;c thứ ba n&agrave;o nếu kh&ocirc;ng được sự cho ph&eacute;p bằng văn bản từ ph&iacute;a DP GREEN- PHAR. Nếu vi phạm bất cứ điều n&agrave;o trong đ&acirc;y, ch&uacute;ng t&ocirc;i sẽ hủy t&agrave;i khoản của bạn m&agrave; kh&ocirc;ng cần b&aacute;o trước.<br />\r\nBạn sẽ nhận được email quảng c&aacute;o từ website GREENPHAR.COM của ch&uacute;ng t&ocirc;i trong suốt qu&aacute; tr&igrave;nh đăng k&iacute;. Nếu cảm thấy bị l&agrave;m phiền, bạn c&oacute; thể từ chối nhận email bằng c&aacute;ch nhấp v&agrave;o đường link ở dưới c&ugrave;ng trong mọi email quảng c&aacute;o.</p>\r\n\r\n<h2>3. &Yacute; kiến của kh&aacute;ch h&agrave;ng</h2>\r\n\r\n<p>Tất cả nội dung tr&ecirc;n website v&agrave; những &yacute; kiến, nhận x&eacute;t ph&ecirc; b&igrave;nh của qu&yacute; kh&aacute;ch h&agrave;ng đều l&agrave; t&agrave;i sản của DP GREEN-PHAR ch&uacute;ng t&ocirc;i. Nếu ph&aacute;t hiện bất kỳ th&ocirc;ng tin giả mạo n&agrave;o, ch&uacute;ng t&ocirc;i sẽ v&ocirc; hiệu h&oacute;a t&agrave;i khoản của bạn ngay lập tức hoặc &aacute;p dụng c&aacute;c biện ph&aacute;p kh&aacute;c theo quy định của ph&aacute;p luật Việt Nam.</p>\r\n\r\n<h2>4. Chấp nhận đơn h&agrave;ng v&agrave; gi&aacute; cả</h2>\r\n\r\n<p>Với bất kỳ l&yacute; do g&igrave; li&ecirc;n quan đến lỗi kỹ thuật, hệ thống một c&aacute;ch kh&aacute;ch quan v&agrave;o bất kỳ l&uacute;c n&agrave;o, ph&iacute;a DP GREEN-PHAR ch&uacute;ng t&ocirc;i c&oacute; quyền từ chối hoặc hủy đơn h&agrave;ng của qu&yacute; kh&aacute;ch.<br />\r\nTrong qu&aacute; tr&igrave;nh x&aacute;c nhận đơn h&agrave;ng, ch&uacute;ng t&ocirc;i c&oacute; thể hỏi th&ecirc;m về số điện thoại v&agrave; địa chỉ của bạn để thuận tiện cho giao dịch.<br />\r\nDP GREEN-PHAR cam kết sẽ cung cấp th&ocirc;ng tin gi&aacute; cả ch&iacute;nh x&aacute;c nhất cho người ti&ecirc;u d&ugrave;ng. Tuy nhi&ecirc;n, đ&ocirc;i l&uacute;c vẫn c&oacute; sai s&oacute;t xảy ra, v&iacute; dụ như trường hợp gi&aacute; sản phẩm kh&ocirc;ng hiển thị ch&iacute;nh x&aacute;c tr&ecirc;n website hoặc sai gi&aacute;, t&ugrave;y theo từng trường hợp ph&iacute;a DP GREEN-PHAR ch&uacute;ng t&ocirc;i sẽ li&ecirc;n hệ hướng dẫn hoặc th&ocirc;ng b&aacute;o hủy đơn h&agrave;ng đ&oacute; cho qu&yacute; kh&aacute;ch.<br />\r\nDP GREEN-PHAR cũng c&oacute; quyền từ chối hoặc hủy bỏ bất kỳ đơn h&agrave;ng n&agrave;o của qu&yacute; kh&aacute;ch d&ugrave; đơn h&agrave;ng đ&oacute; đ&atilde; hay chưa được x&aacute;c nhận hoặc đ&atilde; thanh to&aacute;n.</p>\r\n\r\n<h2>5. Thay đổi hoặc hủy bỏ giao dịch</h2>\r\n\r\n<p>Trong mọi trường hợp, kh&aacute;ch h&agrave;ng đều c&oacute; quyền chấm dứt giao dịch nếu đ&atilde; thực hiện c&aacute;c biện ph&aacute;p sau đ&acirc;y:<br />\r\nTh&ocirc;ng b&aacute;o cho bộ phận chăm s&oacute;c kh&aacute;ch h&agrave;ng của DP GREEN-PHAR về việc hủy giao dịch qua hotline (024) 6262. 7731</p>\r\n\r\n<h2>6. Giải quyết lỗi nhập sai th&ocirc;ng tin</h2>\r\n\r\n<p>Kh&aacute;ch h&agrave;ng c&oacute; tr&aacute;ch nhiệm cung cấp th&ocirc;ng tin đầy đủ v&agrave; ch&iacute;nh x&aacute;c khi tham gia giao dịch tại website greenphar.com. Trong trường hợp kh&aacute;ch h&agrave;ng nhập sai th&ocirc;ng tin v&agrave; gửi v&agrave;o site thương mại điện tử greenphar.com, ch&uacute;ng t&ocirc;i c&oacute; quyền từ chối thực hiện giao dịch. Ngo&agrave;i ra, trong mọi trường hợp, kh&aacute;ch h&agrave;ng đều c&oacute; quyền đơn phương chấm dứt giao dịch nếu đ&atilde; thực hiện c&aacute;c biện ph&aacute;p sau đ&acirc;y: Li&ecirc;n hệ với bộ phậm CSKH của DP GREEN-PHAR qua hotline (024) 6262. 7731<br />\r\nTrả lại sản phẩm đ&atilde; nhận v&agrave; kh&ocirc;ng c&oacute; dấu hiệu khui mở hoặc đ&atilde; sử dụng.<br />\r\nTrong trường hợp sai th&ocirc;ng tin ph&aacute;t sinh từ ph&iacute;a DP GREEN-PHAR m&agrave; DP GREEN-PHAR c&oacute; thể chứng minh đ&oacute; l&agrave; lỗi của hệ thống, ch&uacute;ng t&ocirc;i sẽ chịu ho&agrave;n to&agrave;n tr&aacute;ch nhiệm v&agrave; đền b&ugrave; cho kh&aacute;ch h&agrave;ng.</p>\r\n\r\n<h2>7. Quyền ph&aacute;p l&yacute;</h2>\r\n\r\n<p>C&aacute;c điều kiện, điều khoản v&agrave; nội dung của website n&agrave;y được điều chỉnh bởi luật ph&aacute;p Việt Nam. T&ograve;a &aacute;n c&oacute; thẩm quyền tại Việt Nam sẽ giải quyết bất kỳ tranh chấp n&agrave;o ph&aacute;t sinh từ việc sử dụng tr&aacute;i ph&eacute;p trang web n&agrave;y.</p>\r\n\r\n<h2>8. Quy định về bảo mật</h2>\r\n\r\n<p>Website GREENPHAR.COM của ch&uacute;ng t&ocirc;i xem trọng việc bảo mật th&ocirc;ng tin, sử dụng c&aacute;c biện ph&aacute;p tốt nhất để bảo mật th&ocirc;ng tin v&agrave; việc thanh to&aacute;n của qu&yacute; kh&aacute;ch. Trong qu&aacute; tr&igrave;nh thanh to&aacute;n, th&ocirc;ng tin của qu&yacute; kh&aacute;ch sẽ được m&atilde; h&oacute;a để đảm bảo an to&agrave;n. Bạn sẽ tho&aacute;t khỏi chế độ an to&agrave;n sau khi ho&agrave;n th&agrave;nh qu&aacute; tr&igrave;nh đặt h&agrave;ng.<br />\r\nQu&yacute; kh&aacute;ch kh&ocirc;ng được sử dụng bất kỳ chương tr&igrave;nh, c&ocirc;ng cụ hay h&igrave;nh thức n&agrave;o kh&aacute;c để can thiệp v&agrave;o hệ thống hay l&agrave;m thay đổi cấu tr&uacute;c dữ liệu. Website greenphar.com cũng nghi&ecirc;m cấm việc ph&aacute;t t&aacute;n, truyền b&aacute; hay cổ vũ cho bất kỳ hoạt động n&agrave;o nhằm can thiệp, ph&aacute; hoại hay x&acirc;m nhập v&agrave;o dữ liệu của hệ thống. C&aacute; nh&acirc;n hay tổ chức vi phạm sẽ bị tước bỏ mọi quyền lợi cũng như sẽ bị truy tố trước ph&aacute;p luật nếu cần thiết.<br />\r\nMọi th&ocirc;ng tin giao dịch sẽ được bảo mật ngoại trừ trong trường hợp cơ quan ph&aacute;p luật y&ecirc;u cầu.</p>\r\n\r\n<h2>9. C&aacute;c phương thức thanh to&aacute;n &aacute;p dụng tại GREENPHAR.COM</h2>\r\n\r\n<p>Qu&yacute; kh&aacute;ch c&oacute; thể tham khảo c&aacute;c phương thức thanh to&aacute;n sau đ&acirc;y v&agrave; lựa chọn &aacute;p dụng phương thức ph&ugrave; hợp:</p>\r\n\r\n<h3>C&aacute;ch 1: Thanh to&aacute;n trực tiếp (T&igrave;m đến chuỗi nh&agrave; thuốc b&aacute;n lẻ)</h3>\r\n\r\n<p>Bước 1: T&igrave;m hiểu th&ocirc;ng tin về sản phẩm<br />\r\nBước 2: Đến địa chỉ nh&agrave; thuốc b&aacute;n lẻ<br />\r\nBước 3: Người mua thanh to&aacute;n v&agrave; nhận h&agrave;ng</p>\r\n\r\n<h3>C&aacute;ch 2: Nhận h&agrave;ng thanh to&aacute;n tiền - COD</h3>\r\n\r\n<p>Bước 1: T&igrave;m hiểu th&ocirc;ng tin về sản phẩm<br />\r\nBước 2: X&aacute;c thực đơn h&agrave;ng (qua điện thoại, tin nhắn, email)<br />\r\nBước 3: Bộ phận CSKH của DP GREEN-PHAR sẽ li&ecirc;n hệ với qu&yacute; kh&aacute;ch để x&aacute;c nhận th&ocirc;ng tin v&agrave; đơn h&agrave;ng, đủ điều kiện đơn h&agrave;ng sẽ được chuyển qua cho bộ phận giao h&agrave;ng<br />\r\nBước 4: Giao h&agrave;ng<br />\r\nBước 5: Nhận h&agrave;ng v&agrave; thanh to&aacute;n</p>\r\n\r\n<h3>C&aacute;ch 3: Thanh to&aacute;n online qua thẻ t&iacute;n dụng, chuyển khoản</h3>\r\n\r\n<p>Bước 1: T&igrave;m hiểu th&ocirc;ng tin về sản phẩm<br />\r\nBước 2: X&aacute;c thực đơn h&agrave;ng (qua điện thoại, tin nhắn, email)<br />\r\nBước 3: Kh&aacute;ch h&agrave;ng thực hiện thanh to&aacute;n 100% gi&aacute; trị đơn h&agrave;ng (đơn h&agrave;ng thanh to&aacute;n th&agrave;nh c&ocirc;ng sẽ b&aacute;o qua điện thoại, tin nhắn, email)<br />\r\nBước 4: Bộ phận CSKH của DP GREEN-PHAR sẽ li&ecirc;n hệ với qu&yacute; kh&aacute;ch để x&aacute;c nhận th&ocirc;ng tin v&agrave; đơn h&agrave;ng, đủ điều kiện đơn h&agrave;ng sẽ được chuyển qua cho bộ phận giao h&agrave;ng<br />\r\nBước 5: Giao h&agrave;ng<br />\r\nBước 6: Kh&aacute;ch h&agrave;ng nhận h&agrave;ng.</p>\r\n\r\n<h2>10. Giải quyết tranh chấp</h2>\r\n\r\n<p>Bất kỳ tranh c&atilde;i, khiếu nại hoặc tranh chấp ph&aacute;t sinh từ hoặc li&ecirc;n quan đến giao dịch tại greenphar.com hoặc c&aacute;c Quy định v&agrave; Điều kiện n&agrave;y đều sẽ được giải quyết bằng h&igrave;nh thức thương lượng, h&ograve;a giải, trọng t&agrave;i v&agrave;/hoặc T&ograve;a &aacute;n theo Luật bảo vệ Người ti&ecirc;u d&ugrave;ng Chương 4 về Giải quyết tranh chấp giữa người ti&ecirc;u d&ugrave;ng v&agrave; tổ chức, c&aacute; nh&acirc;n kinh doanh h&agrave;ng h&oacute;a, dịch vụ.</p>\r\n\r\n<h2>11. Luật ph&aacute;p v&agrave; thẩm quyền tại L&atilde;nh thổ Việt Nam</h2>\r\n\r\n<p>Tất cả c&aacute;c Điều Khoản, Điều Kiện v&agrave; Hợp Đồng n&agrave;y (v&agrave; tất cả nghĩa vụ ph&aacute;t sinh ngo&agrave;i hợp đồng hoặc c&oacute; li&ecirc;n quan) sẽ bị chi phối v&agrave; được hiểu theo luật ph&aacute;p của Việt Nam. Nếu c&oacute; tranh chấp ph&aacute;t sinh bởi c&aacute;c Quy định Sử dụng n&agrave;y, qu&yacute; kh&aacute;ch h&agrave;ng c&oacute; quyền gửi khiếu nại/khiếu kiện l&ecirc;n T&ograve;a &aacute;n c&oacute; thẩm quyền tại Việt Nam để giải quyết.</p>\r\n', 'Tulips.jpg', '2017-07-10 22:07:51', '2017-09-22 07:09:11', 1, '', '', '', '', '', '', 'Điều khoản sử dụng', '', 'dieu-khoan-su-dung', 1);

-- --------------------------------------------------------

--
-- Table structure for table `page_languages`
--

CREATE TABLE IF NOT EXISTS `page_languages` (
  `id` bigint(20) NOT NULL,
  `page_id` int(11) DEFAULT NULL,
  `languages_code` varchar(255) COLLATE utf8_unicode_ci DEFAULT NULL,
  `lang_page_name` text COLLATE utf8_unicode_ci,
  `lang_page_des` text COLLATE utf8_unicode_ci,
  `lang_page_content` text COLLATE utf8_unicode_ci,
  `lang_page_sub_info1` text COLLATE utf8_unicode_ci,
  `lang_page_sub_info2` text COLLATE utf8_unicode_ci,
  `lang_page_sub_info3` text COLLATE utf8_unicode_ci,
  `lang_page_sub_info4` text COLLATE utf8_unicode_ci,
  `lang_page_sub_info5` text COLLATE utf8_unicode_ci,
  `edit_state` int(11) NOT NULL DEFAULT '0',
  `friendly_url` varchar(255) COLLATE utf8_unicode_ci DEFAULT NULL,
  `title_seo` varchar(255) COLLATE utf8_unicode_ci DEFAULT NULL,
  `keyword` text COLLATE utf8_unicode_ci,
  `des_seo` text COLLATE utf8_unicode_ci
) ENGINE=InnoDB AUTO_INCREMENT=57 DEFAULT CHARSET=utf8 COLLATE=utf8_unicode_ci;

--
-- Dumping data for table `page_languages`
--

INSERT INTO `page_languages` (`id`, `page_id`, `languages_code`, `lang_page_name`, `lang_page_des`, `lang_page_content`, `lang_page_sub_info1`, `lang_page_sub_info2`, `lang_page_sub_info3`, `lang_page_sub_info4`, `lang_page_sub_info5`, `edit_state`, `friendly_url`, `title_seo`, `keyword`, `des_seo`) VALUES
(35, 35, 'vn', 'Giới thiệu', 'Đại diện phân phối các loại hàng hóa, hàng gia dụng, mẹ và bé, thiết bị y tế.', '<h2>C&ocirc;ng ty CP Đầu Tư LISA Việt Nam</h2>\r\n\r\n<div class="gb-divider">&nbsp;</div>\r\n\r\n<p>C&ocirc;ng ty CP Đầu Tư LISA Việt Nam mang đến cho kh&aacute;ch h&agrave;ng những sản phẩm tốt nhất.</p>\r\n\r\n<p>C&aacute;c lĩnh vực ph&acirc;n phối:</p>\r\n\r\n<ul>\r\n	<li><span style="font-size:12px">H&agrave;ng Gia Dụng</span></li>\r\n	<li><span style="font-size:12px">Mẹ v&agrave; B&eacute;</span></li>\r\n	<li><span style="font-size:12px">Thiết bị y tế</span></li>\r\n</ul>\r\n', '', '', '', '', '', 0, 'gioi-thieu', 'Giới thiệu', 'Lisa Việt Nam', 'Phân phối độc quyền các loại hàng hóa có chất lượng cao.'),
(36, 35, 'en', 'Giới thiệu', 'Giới thiệu công ty. Được thành lập vào năm 1993, Công ty Cổ Phần Kỹ Thuật Toàn Thắng được biết đến như một nhà cung cấp chuyên nghiệp các giải pháp ...', '<p>Được th&agrave;nh lập v&agrave;o năm 1993, C&ocirc;ng ty Cổ Phần Kỹ Thuật To&agrave;n Thắng được biết đến như một&nbsp; nh&agrave; cung cấp chuy&ecirc;n nghiệp c&aacute;c giải ph&aacute;p thiết bị v&agrave; dịch vụ kỹ thuật chất lượng cao, c&ocirc;ng nghệ ti&ecirc;n tiến&nbsp;cho kh&aacute;ch h&agrave;ng ng&agrave;nh dầu kh&iacute;, điện lực v&agrave; một số ng&agrave;nh c&ocirc;ng nghiệp nặng kh&aacute;c.</p>\r\n\r\n<p>C&ocirc;ng ty c&oacute; văn ph&ograve;ng ch&iacute;nh tại TP. Hồ Ch&iacute; Minh v&agrave; một c&ocirc;ng ty con tại TP. Vũng T&agrave;u. Với đội ngũ chuy&ecirc;n gia, kỹ sư được đ&agrave;o tạo chuy&ecirc;n s&acirc;u, chuy&ecirc;n tr&aacute;ch từng mảng sản phẩm, ch&uacute;ng t&ocirc;i lu&ocirc;n đem đến cho kh&aacute;ch h&agrave;ng những giải ph&aacute;p kỹ thuật, thương mại đa dạng, đ&aacute;p ứng tốt nhu cầu ng&agrave;y c&agrave;ng cao của kh&aacute;ch h&agrave;ng.</p>\r\n\r\n<p><img alt="" src="/image/images/670px-conceptualmapfloss(1).png" style="float:right; height:564px; width:670px" /></p>\r\n\r\n<p>Ch&uacute;ng t&ocirc;i cũng đảm nhận cung cấp c&aacute;c dịch vụ sau b&aacute;n h&agrave;ng như: Bảo tr&igrave;, đại tu, sửa chữa, đ&agrave;o tạo, hướng dẫn sử dụng, dịch vụ quản l&yacute; t&agrave;i sản &amp; hợp đồng v&agrave; c&aacute;c dịch vụ kh&aacute;c tại c&ocirc;ng trường cho kh&aacute;ch h&agrave;ng.</p>\r\n\r\n<p>&nbsp;</p>\r\n', '', '', '', '', '', 0, 'gioi-thieu', 'Giới thiệu', '', 'Mô tả cho bài viết giới thiệu'),
(37, 36, 'vn', 'Bảo hành', 'Chế độ bảo hành sản phẩm', '<h2>Bảo h&agrave;nh bộ bảo quản ComboEZ:</h2>\r\n\r\n<p>Bộ bảo quản ComboEZ được bảo h&agrave;nh 1 năm.</p>\r\n', '', '', '', '', '', 0, 'bao-hanh', 'Bảo hành', 'Bảo hành', 'bảo hành bình ComboEZ'),
(38, 36, 'en', 'Báo giá', 'Bảng giá dịch thuật công chứng Giá tốt, chất lượng cao, dịch ngay\r\nHơn 8000 CTV Dịch thuật · Hơn 10 năm kinh nghiệm · 100% khách hàng hài lòng', '<h2><strong>PHƯƠNG THỨC GIAO DỊCH ĐỐI VỚI B&Aacute;O GI&Aacute; DỊCH THUẬT</strong></h2>\r\n\r\n<p>1. Ch&uacute;ng t&ocirc;i sẽ giao nhận t&agrave;i liệu tận nơi với những đơn đặt h&agrave;ng tr&ecirc;n 50 trang t&agrave;i liệu.<br />\r\n2. Để tiến h&agrave;nh c&ocirc;ng t&aacute;c dịch thuật v&agrave; phi&ecirc;n dịch Hợp đồng Qu&yacute; kh&aacute;ch cần đặt trước 30% gi&aacute; trị hợp đồng.<br />\r\n3. Nếu qu&yacute; kh&aacute;ch l&agrave; c&ocirc;ng ty c&oacute; nhu cầu dịch thuật dưới 10 trang, Qu&yacute; kh&aacute;ch chỉ cần fax x&aacute;c nhận y&ecirc;u cầu c&oacute; đầy đủ th&ocirc;ng tin li&ecirc;n quan k&egrave;m con dấu, ch&uacute;ng t&ocirc;i sẽ tiến h&agrave;nh thực hiện y&ecirc;u cầu dịch m&agrave; kh&ocirc;ng cần tiền đặt cọc hợp đồng.<br />\r\n4. Đối với kh&aacute;ch h&agrave;ng thường xuy&ecirc;n dịch tại C&ocirc;ng ty dịch thuật Ch&acirc;u &Aacute;, ch&uacute;ng t&ocirc;i sẽ giao nhận tận nơi miễn ph&iacute;.</p>\r\n\r\n<p><strong>Phần ưu ti&ecirc;n kh&aacute;ch h&agrave;ng dịch với số lượng lớn</strong><br />\r\n1. Giảm 5% với số lượng từ 100 &ndash; 500 trang<br />\r\n2. Giảm 10% với số lượng từ 500 &ndash; 1000 trang<br />\r\n3. Giảm 15% với số lượng 1000 trang trở l&ecirc;n</p>\r\n\r\n<p><strong>Lưu &yacute; quan trọng:</strong></p>\r\n\r\n<ul>\r\n	<li>Gi&aacute; dịch chưa bao gồm VAT (10%).</li>\r\n	<li>Mức gi&aacute; tr&ecirc;n kh&ocirc;ng &aacute;p dụng đối với Kh&aacute;ch h&agrave;ng dịch chuy&ecirc;n ng&agrave;nh, dịch gấp, c&ocirc;ng chứng gấp.</li>\r\n	<li>Văn bản hiệu đ&iacute;nh: Hiệu đ&iacute;nh = 50% tiền dịch. Nếu t&agrave;i liệu hiệu đ&iacute;nh sai tr&ecirc;n 30% th&igrave; bản hiệu đ&iacute;nh đ&oacute; được t&iacute;nh bằng tiền dịch.</li>\r\n	<li>Số lượng từ tr&ecirc;n một trang được quy định dưới 300 từ (D&ugrave;ng hệ thống đếm từ tự động Word Count), trường hợp t&agrave;i liệu của qu&yacute; kh&aacute;ch l&agrave; bản cứng kh&ocirc;ng thể đếm từ được sẽ t&iacute;nh x&aacute;c xuất hoặc t&iacute;nh theo bản dịch l&uacute;c n&agrave;y số lượng từ tr&ecirc;n trang sản phẩm c&oacute; thể quy định lại, th&ocirc;ng thường sẽ giao động 10-20%.</li>\r\n	<li>Gi&aacute; dịch từ tiếng nước ngo&agrave;i n&agrave;y sang tiếng nước ngo&agrave;i kh&aacute;c sẽ bằng chi ph&iacute; dịch từ tiếng nước ngo&agrave;i n&agrave;y ra tiếng Việt cộng với từ tiếng Việt sang tiếng nước ngo&agrave;i thứ hai hoặc sẽ t&iacute;nh ph&iacute; dịch trực tiếp nếu c&oacute; y&ecirc;u cầu người bản địa dịch thuật lại</li>\r\n	<li>Nếu qu&yacute; kh&aacute;ch y&ecirc;u cầu dịch gấp, dịch v&agrave;o ng&agrave;y nghỉ, ng&agrave;y lễ gi&aacute; dịch sẽ tăng 25 %, th&ocirc;ng thường đơn đặt h&agrave;ng tr&ecirc;n 20 trang lấy trong ng&agrave;y được coi l&agrave; gấp. Nếu l&agrave; kh&aacute;ch h&agrave;ng thường xuy&ecirc;n của Dịch thuật v&agrave; Phi&ecirc;n dịch Ch&acirc;u &Aacute; qu&yacute; kh&aacute;ch sẽ được miễn ph&iacute; dịch vụ cộng th&ecirc;m n&agrave;y.</li>\r\n	<li>Đối với t&agrave;i liệu chuy&ecirc;n ng&agrave;nh như: Hợp đồng kinh tế, kỹ thuật, thương mại, t&agrave;i ch&iacute;nh,y học, dược phẩm... th&igrave; ngo&agrave;i tiền dịch + 30% tiền dịch chuy&ecirc;n ng&agrave;nh.</li>\r\n</ul>\r\n\r\n<h3>BẢNG GI&Aacute; DỊCH THUẬT N&Agrave;Y C&Oacute; THỂ THAY ĐỔI PHỤ THUỘC V&Agrave;O NHU CẦU THỰC TẾ CỦA DỰ &Aacute;N, HỢP ĐỒNG V&Agrave; SỰ THỎA THUẬN GIỮA HAI B&Ecirc;N !</h3>\r\n\r\n<p>Chuyển ngữ v&agrave; địa phương h&oacute;a t&agrave;i liệu rất quan trọng n&oacute; c&oacute; ảnh hưởng rất lớn đến c&ocirc;ng việc v&agrave; quyết định trong dự &aacute;n của bạn. Qu&yacute; kh&aacute;ch đang t&igrave;m một đơn vị&nbsp;<a href="https://www.dichthuatchaua.com/bien-phien-dich/dich-thuat/dich-thuat-cong-chung.html" title="Dịch thuật công chứng">Dịch Thuật</a>&nbsp;chuy&ecirc;n nghiệp v&agrave; gi&agrave;u kinh nghiệm trong việc Địa phương h&oacute;a t&agrave;i liệu, đảm bảo thời gian ch&iacute;nh x&aacute;c v&agrave; chất lượng tuyệt đối, chi ph&iacute; hợp l&yacute; nhất. H&atilde;y li&ecirc;n hệ ngay với&nbsp;<a href="https://www.dichthuatchaua.com/gioi-thieu-cong-ty-dich-thuat.html" title="Công ty dịch thuật chuyên nghiệp">C&ocirc;ng ty dịch thuật Ch&acirc;u &Aacute;</a>&nbsp;để được nhưng chuy&ecirc;n gia tư vấn chuy&ecirc;n nghiệp, gi&agrave;u kinh nghiệm gi&uacute;p Qu&yacute; kh&aacute;ch.</p>\r\n\r\n<p><img alt="" src="/image/images/55e7557453f13-sierra-fig2.jpg" style="height:800px; width:1600px" /></p>\r\n\r\n<p>&nbsp;</p>\r\n\r\n<p>Dự &aacute;n, Hợp đồng của Qu&yacute; kh&aacute;ch h&agrave;ng rất quan trọng, Qu&yacute; kh&aacute;ch h&agrave;ng đang muốn t&igrave;m một đơn vị Dịch thuật c&oacute; thể đảm bảo về thời gian, chất lượng v&agrave; cung cấp gi&aacute; cả tốt nhất, h&atilde;y li&ecirc;n lạc với số Hotline: 0932232318 (H&agrave; Nội) hoặc 0932237939 (TP HCM) của Dich thuật v&agrave; Phi&ecirc;n dịch Ch&acirc;u &Aacute; sẽ l&agrave;m Qu&yacute; kh&aacute;ch h&agrave;i l&ograve;ng.</p>\r\n\r\n<p>Cảm ơn Qu&yacute; kh&aacute;ch đ&atilde; ngh&eacute; thăm website của Dịch thuật v&agrave; Phi&ecirc;n dịch Ch&acirc;u &Aacute;, ch&uacute;ng t&ocirc;i lu&ocirc;n cam kết đưa ra mức gi&aacute; cạnh tranh v&agrave; chất lương v&agrave; bảo mật bảo đảm tuyệt đối.</p>\r\n', '', '', '', '', '', 0, 'bao-gia', 'Báo giá', '', 'thẻ mô tả của bài viết báo giá'),
(39, 37, 'vn', 'Hướng dẫn sử dụng', 'Việc làm Cộng Tác Viên tại Hà Nội - Hàng nghìn thông tin tuyển dụng Cộng Tác Viên tại Hà Nội từ những nhà tuyển dụng uy tín. Ứng tuyển ngay!', '<p>Hướng dẫn sử dụng b&igrave;nh rửa mũi pari</p>\r\n', '', '', '', '', '', 0, 'huong-dan-su-dung', 'Hướng dẫn sử dụng', 'tuyên cộng tác viên', 'Việc làm Cộng Tác Viên tại Hà Nội - Hàng nghìn thông tin tuyển dụng Cộng Tác Viên tại Hà Nội từ những nhà tuyển dụng uy tín. Ứng tuyển ngay!'),
(40, 37, 'en', 'Tuyển Cộng Tác Viên ', 'Việc làm Cộng Tác Viên tại Hà Nội - Hàng nghìn thông tin tuyển dụng Cộng Tác Viên tại Hà Nội từ những nhà tuyển dụng uy tín. Ứng tuyển ngay!', '<p>1. Nội dung c&ocirc;ng việc :<br />\r\n<br />\r\n. Triển khai c&aacute;c bản vẽ nội thất để sản xuất : tủ, giường, b&agrave;n, ghế.... bằng phần mềm autocad<br />\r\n<br />\r\n. Hỗ trợ kiểm tra đối chiếu bản vẽ với b&ecirc;n sản xuất hoặc tại c&ocirc;ng tr&igrave;nh<br />\r\n<br />\r\n2. Y&ecirc;u cầu :<br />\r\n<br />\r\n. Nam/ nữ c&oacute; kinh nghiệm tối thiểu 1 năm về họa vi&ecirc;n autocad cho c&aacute;c xưởng sản xuất nội thất<br />\r\n<br />\r\n. C&oacute; hiểu biết về kết cấu , kỹ thuật sản phẩm, thao t&aacute;c nhanh tr&ecirc;n phần mềm Autocad<br />\r\n<br />\r\n. C&oacute; phương tiện đi lại<br />\r\n<br />\r\n. C&oacute; thể đi c&ocirc;ng t&aacute;c ngắn hạn.<br />\r\n<br />\r\n. C&oacute; thể tăng ca theo y&ecirc;u cầu<br />\r\n<br />\r\n3. Chế độ :<br />\r\n<br />\r\n. Lương : 6.000.000 VND / th&aacute;ng hoặc thỏa thuận<br />\r\n<br />\r\n. L&agrave;m việc tại showroom 233B B&ugrave;i Thị Xu&acirc;n T&acirc;n B&igrave;nh HCM<br />\r\n<br />\r\n. Lương th&aacute;ng 13. ph&eacute;p năm, thưởng chuy&ecirc;n cần. thưởng lễ tết<br />\r\n<br />\r\n4. Th&ocirc;ng tin kh&aacute;c:<br />\r\n<br />\r\n. Nộp hồ sơ trực tiếp hoặc trực tuyến<br />\r\n<br />\r\n. Hồ sơ c&oacute; c&aacute;c bản vẽ đ&atilde; từng thực hiện<br />\r\n<br />\r\n. Tham khảo th&ecirc;m th&ocirc;ng tin c&ocirc;ng ty tại : www.zenhomes.vn<br />\r\n<br />\r\nLoại h&igrave;nh c&ocirc;ng việc: To&agrave;n thời gian<br />\r\n<br />\r\nLương: ₫6.000.000 /th&aacute;ng<br />\r\n<br />\r\nKinh nghiệm y&ecirc;u cầu:<br />\r\n<br />\r\nkhai triển autocad nội thất: 1 năm</p>\r\n', '', '', '', '', '', 0, 'tuyen-cong-tac-vien', 'Tuyển Cộng Tác Viên ', 'tuyên cộng tác viên', 'Việc làm Cộng Tác Viên tại Hà Nội - Hàng nghìn thông tin tuyển dụng Cộng Tác Viên tại Hà Nội từ những nhà tuyển dụng uy tín. Ứng tuyển ngay!'),
(43, 39, 'vn', 'Câu hỏi thường gặp', 'Mô tả ngắn của bài viết, mô tả ngắn của bài viết, mô tả ngắn của bài viết, mô tả ngắn của bài viết, mô tả ngắn của bài viết', '<h1>Tiêu đề tin tức</h1>\r\n                                \r\n                                <p class="desPageNews" style="width:100%; margin:10px 0px; font-weight:bold; font-size:14px;">Mô tả ngắn của bài viết, mô tả ngắn của bài viết, mô tả ngắn của bài viết, mô tả ngắn của bài viết, mô tả ngắn của bài viết</p>\r\n                                <img src="../image/slide1.jpg">\r\n                                \r\n                                <h2>Thẻ h2</h2>\r\n    \r\n                                <p>Nội dung bài viết, nội dung bài viết, nội dung bài viết, nội dung bài viết, nội dung bài viết, nội dung bài viết, nội dung bài viết, nội dung bài viết. Nội dung bài viết, nội dung bài viết, nội dung bài viết, nội dung bài viết, nội dung bài viết, nội dung bài viết, nội dung bài viết, nội dung bài viết</p>\r\n                                \r\n                                <h2>Thẻ h2</h2>\r\n    \r\n                                <p>Nội dung bài viết, nội dung bài viết, nội dung bài viết, nội dung bài viết, nội dung bài viết, nội dung bài viết, nội dung bài viết, nội dung bài viết. Nội dung bài viết, nội dung bài viết, nội dung bài viết, nội dung bài viết, nội dung bài viết, nội dung bài viết, nội dung bài viết, nội dung bài viết</p>\r\n                                <img src="../image/formImgCate.jpg">', '', '', '', '', '', 0, 'cau-hoi-thuong-gap', 'Câu hỏi thường gặp', '', 'Mô tả ngắn của bài viết, mô tả ngắn của bài viết, mô tả ngắn của bài viết, mô tả ngắn của bài viết, mô tả ngắn của bài viế'),
(44, 39, 'en', 'Câu hỏi thường gặp', 'Mô tả ngắn của bài viết, mô tả ngắn của bài viết, mô tả ngắn của bài viết, mô tả ngắn của bài viết, mô tả ngắn của bài viết', '<h2>THẺ H2</h2>\r\n\r\n<p>Nội dung b&agrave;i viết, nội dung b&agrave;i viết, nội dung b&agrave;i viết, nội dung b&agrave;i viết, nội dung b&agrave;i viết, nội dung b&agrave;i viết, nội dung b&agrave;i viết, nội dung b&agrave;i viết. Nội dung b&agrave;i viết, nội dung b&agrave;i viết, nội dung b&agrave;i viết, nội dung b&agrave;i viết, nội dung b&agrave;i viết, nội dung b&agrave;i viết, nội dung b&agrave;i viết, nội dung b&agrave;i viết</p>\r\n', '', '', '', '', '', 0, 'cau-hoi-thuong-gap', 'Câu hỏi thường gặp', '', 'Mô tả ngắn của bài viết, mô tả ngắn của bài viết, mô tả ngắn của bài viết, mô tả ngắn của bài viết, mô tả ngắn của bài viế'),
(45, 40, 'vn', 'Chính sách bảo mật', '', '<h2>DP GREEN-PHAR cam kết bảo mật th&ocirc;ng tin c&aacute; nh&acirc;n của tất cả kh&aacute;ch h&agrave;ng.</h2>\r\n\r\n<p>Cảm ơn bạn đ&atilde; truy cập website: www.greenphar.com<br />\r\nCh&uacute;ng t&ocirc;i hiểu r&otilde; tầm quan trọng của sự ri&ecirc;ng tư v&agrave; sẽ giữ b&iacute; mật th&ocirc;ng tin c&aacute; nh&acirc;n của bạn. Xin vui l&ograve;ng đọc bản Ch&iacute;nh s&aacute;ch bảo mật th&ocirc;ng tin n&agrave;y v&agrave; hiểu c&aacute;c h&agrave;nh động li&ecirc;n quan về th&ocirc;ng tin c&aacute; nh&acirc;n của bạn. Ch&iacute;nh s&aacute;ch bảo mật th&ocirc;ng tin n&agrave;y c&oacute; thể thay đổi m&agrave; kh&ocirc;ng th&ocirc;ng b&aacute;o trước, do đ&oacute; bạn vui l&ograve;ng thường xuy&ecirc;n r&agrave; so&aacute;t, cập nhật c&aacute;c điều khoản để biết những thay đổi.</p>\r\n\r\n<h2>Điều 1. Mục đ&iacute;ch v&agrave; phạm vi thu thập th&ocirc;ng tin</h2>\r\n\r\n<h3>1.1. Mục đ&iacute;ch thu thập th&ocirc;ng tin:</h3>\r\n\r\n<p>Ch&uacute;ng t&ocirc;i thực hiện việc thu thập th&ocirc;ng tin của bạn th&ocirc;ng qua website n&agrave;y nhằm:<br />\r\nDP GREEN-PHAR trung t&acirc;m tư vấn &amp; t&igrave;m giải ph&aacute;p xử l&yacute; c&aacute;c bệnh ngo&agrave;i cộng đồng.<br />\r\nGiải đ&aacute;p thắc mắc của bạn về vấn đề c&aacute;c bệnh m&agrave; bạn thắc mắc v&agrave; quan t&acirc;m.<br />\r\nGiới thiệu c&aacute;c h&agrave;ng h&oacute;a v&agrave; dịch vụ c&oacute; thể ph&ugrave; hợp với c&aacute;c nhu cầu v&agrave; sở th&iacute;ch của bạn.<br />\r\nCung cấp những th&ocirc;ng tin mới nhất của website.<br />\r\nXem x&eacute;t v&agrave; n&acirc;ng cấp nội dung, giao diện của website.<br />\r\nThực hiện hoạt động khảo s&aacute;t kh&aacute;ch h&agrave;ng.<br />\r\nThực hiện c&aacute;c hoạt động quảng b&aacute; sản phẩm v&agrave; giới thiệu những chương tr&igrave;nh khuyến m&atilde;i.<br />\r\nGiải quyết c&aacute;c vấn đề, tranh chấp ph&aacute;t sinh li&ecirc;n quan đến việc sử dụng website.<br />\r\nCh&uacute;ng t&ocirc;i bảo lưu quyền từ chối tr&aacute;ch nhiệm về bất kỳ thiệt hại n&agrave;o ph&aacute;t sinh nếu th&ocirc;ng tin c&aacute; nh&acirc;n của bạn bị đ&aacute;nh cắp, bị mất hoặc bị thiệt hại do sự cố hoặc bằng bất kỳ c&aacute;ch n&agrave;o kh&aacute;c.</p>\r\n\r\n<h3>1.2. Phạm vi thu thập th&ocirc;ng tin c&aacute; nh&acirc;n:</h3>\r\n\r\n<p>Th&ocirc;ng tin c&aacute; nh&acirc;n m&agrave; ch&uacute;ng t&ocirc;i thu thập của bạn khi bạn gửi thắc mắc về cho ch&uacute;ng t&ocirc;i, bao gồm:<br />\r\nHọ, t&ecirc;n, Năm sinh.<br />\r\nĐịa chỉ li&ecirc;n hệ.<br />\r\nĐiện thoại li&ecirc;n hệ.<br />\r\nEmail.<br />\r\nTh&ocirc;ng tin bệnh l&yacute; v&agrave; những thắc mắc về bệnh học li&ecirc;n quan.</p>\r\n\r\n<h2>Điều 2. Phạm vi sử dụng th&ocirc;ng tin</h2>\r\n\r\n<p>Th&ocirc;ng tin của bạn được sử dụng để ch&uacute;ng t&ocirc;i hoặc c&aacute;c b&ecirc;n c&oacute; li&ecirc;n quan kh&aacute;c c&oacute; thể thực hiện c&aacute;c y&ecirc;u cầu của bạn.<br />\r\nCh&uacute;ng t&ocirc;i c&oacute; thể li&ecirc;n hệ với bạn hoặc giới thiệu bạn đến c&aacute;c cuộc nghi&ecirc;n cứu bao gồm nghi&ecirc;n cứu sự h&agrave;i l&ograve;ng của kh&aacute;ch h&agrave;ng, thị trường, nội dung c&aacute; nh&acirc;n kh&aacute;c, hoặc c&oacute; li&ecirc;n quan đến một số giao dịch nhất định.<br />\r\nCh&uacute;ng t&ocirc;i thu thập th&ocirc;ng tin về truy cập website của bạn gồm những th&ocirc;ng tin c&oacute; thể nhận biết v&agrave; kh&ocirc;ng thể nhận biết để ph&acirc;n t&iacute;ch (v&iacute; dụ: dữ liệu ph&acirc;n t&iacute;ch việc truy cập website, &hellip;).<br />\r\nTh&ocirc;ng tin của bạn được sử dụng để gi&uacute;p cung cấp cho c&aacute;c dịch vụ của ch&uacute;ng t&ocirc;i v&agrave; ch&uacute;ng t&ocirc;i c&oacute; thể cung cấp th&ocirc;ng tin cho c&aacute;c c&ocirc;ng ty đại diện ch&uacute;ng t&ocirc;i. Những c&ocirc;ng ty n&agrave;y cũng chịu sự r&agrave;ng buộc nghi&ecirc;m ngặt bởi Ch&iacute;nh s&aacute;ch Bảo mật của ch&uacute;ng t&ocirc;i.</p>\r\n\r\n<h2>Điều 3. Thời gian lưu trữ th&ocirc;ng tin</h2>\r\n\r\n<p>Ch&uacute;ng t&ocirc;i sẽ lưu trữ c&aacute;c th&ocirc;ng tin c&aacute; nh&acirc;n do kh&aacute;ch h&agrave;ng cung cấp tr&ecirc;n c&aacute;c hệ thống quản l&yacute;, lưu trữ dữ liệu của ch&uacute;ng t&ocirc;i hoặc ch&uacute;ng t&ocirc;i thu&ecirc; trong qu&aacute; tr&igrave;nh cung cấp dịch vụ cho kh&aacute;ch h&agrave;ng cho đến khi ho&agrave;n th&agrave;nh mục đ&iacute;ch thu thập hoặc khi bạn c&oacute; y&ecirc;u cầu hủy c&aacute;c th&ocirc;ng tin đ&atilde; cung cấp.</p>\r\n\r\n<h2>Điều 4. Địa chỉ của đơn vị thu thập v&agrave; quản l&yacute; th&ocirc;ng tin c&aacute; nh&acirc;n</h2>\r\n\r\n<p><strong>C&Ocirc;NG TY CỔ PHẦN DP GREEN-PHAR</strong><br />\r\nĐịa chỉ: Số 19, Ng&otilde; 4, phố Văn La, H&agrave; Đ&ocirc;ng, H&agrave; Nội.<br />\r\nĐiện thoại: (024) 6262.7731<br />\r\nEmail: dpgreenphar@gmail.com</p>\r\n\r\n<h2>Điều 5. Phương tiện v&agrave; c&ocirc;ng cụ để người d&ugrave;ng tiếp cận v&agrave; chỉnh sửa dữ liệu c&aacute; nh&acirc;n của m&igrave;nh.</h2>\r\n\r\n<p>Bạn c&oacute; thể tự đăng nhập v&agrave;o website qua link www.greenphar.com &nbsp;v&agrave; chỉnh sửa c&aacute;c th&ocirc;ng tin c&aacute; nh&acirc;n như: t&ecirc;n, số điện thoại, địa chỉ giao-nhận h&agrave;ng, ...<br />\r\nNếu bạn kh&ocirc;ng quan t&acirc;m hoặc kh&ocirc;ng muốn nhận tin tức, th&ocirc;ng tin, bạn c&oacute; thể thay đổi th&ocirc;ng tin của bạn v&agrave;o bất kỳ l&uacute;c n&agrave;o bằng c&aacute;ch gửi email về cho ch&uacute;ng t&ocirc;i qua địa chỉ email: cskh@greenphar.com</p>\r\n\r\n<h2>Điều 6. Cam kết bảo mật th&ocirc;ng tin c&aacute; nh&acirc;n kh&aacute;ch h&agrave;ng</h2>\r\n\r\n<p>Ngo&agrave;i việc sử dụng c&aacute;c th&ocirc;ng tin của bạn v&agrave;o c&aacute;c mục đ&iacute;ch n&ecirc;u tại Khoản 1.1 Điều 1 của Ch&iacute;nh s&aacute;ch bảo mật n&agrave;y v&agrave; phạm vi n&ecirc;u tại Điều 2 của Ch&iacute;nh s&aacute;ch bảo mật n&agrave;y, Ch&uacute;ng t&ocirc;i sẽ giữ b&iacute; mật th&ocirc;ng tin c&aacute; nh&acirc;n của bạn.&nbsp;Xin vui l&ograve;ng đọc bản Ch&iacute;nh s&aacute;ch bảo mật th&ocirc;ng tin n&agrave;y v&agrave; hiểu c&aacute;c h&agrave;nh động li&ecirc;n quan về th&ocirc;ng tin c&aacute; nh&acirc;n của bạn. Ch&iacute;nh s&aacute;ch bảo mật th&ocirc;ng tin n&agrave;y c&oacute; thể thay đổi m&agrave; kh&ocirc;ng th&ocirc;ng b&aacute;o trước, do đ&oacute; bạn vui l&ograve;ng thường xuy&ecirc;n r&agrave; so&aacute;t, cập nhật c&aacute;c điều khoản n&agrave;y để biết những thay đổi.<br />\r\n<strong>Ch&iacute;nh s&aacute;ch bảo mật tại DP GREEN- PHAR</strong><br />\r\n- DP GREEN-PHAR c&oacute; thể thay đổi ch&iacute;nh s&aacute;ch bảo mật v&agrave; mọi thay đổi sẽ được c&ocirc;ng khai tr&ecirc;n website www.greenphar.com<br />\r\n- Tất cả c&aacute;c thay đổi về ch&iacute;nh s&aacute;ch bảo mật ch&uacute;ng t&ocirc;i đều tu&acirc;n thủ theo quy định của Ph&aacute;p Luật Nh&agrave; Nước hiện h&agrave;nh.<br />\r\n- Mọi &yacute; kiến thắc mắc, khiếu nại v&agrave; tranh chấp vui l&ograve;ng li&ecirc;n hệ với ch&uacute;ng t&ocirc;i qua hotline Chăm s&oacute;c kh&aacute;ch h&agrave;ng:&nbsp;<strong>(024) 6262. 7731</strong><br />\r\n<br />\r\nTr&acirc;n trọng,<br />\r\n<strong>DP GREEN- PHAR: Chu Đ&aacute;o, Tin Cậy!</strong></p>\r\n', '', '', '', '', '', 0, 'chinh-sach-bao-mat', 'Chính sách bảo mật', '', ''),
(46, 40, 'en', 'Chính sách bảo mật', '', 'DP GREEN-PHAR CAM KẾT BẢO MẬT THÔNG TIN CÁ NHÂN CỦA TẤT CẢ KHÁCH HÀNG. Cảm ơn bạn đã truy cập website: www.greenphar.com\r\nChúng tôi hiểu rõ tầm quan trọng của sự riêng tư và sẽ giữ bí mật thông tin cá nhân của bạn. Xin vui lòng đọc bản Chính sách bảo mật thông tin này và hiểu các hành động liên quan về thông tin cá nhân của bạn. Chính sách bảo mật thông tin này có thể thay đổi mà không thông báo trước, do đó bạn vui lòng thường xuyên rà soát, cập nhật các điều khoản để biết những thay đổi. ĐIỀU 1. MỤC ĐÍCH VÀ PHẠM VI THU THẬP THÔNG TIN1.1. Mục đích thu thập thông tin:Chúng tôi thực hiện việc thu thập thông tin của bạn thông qua website này nhằm:\r\nDP GREEN-PHAR trung tâm tư vấn & tìm giải pháp xử lý các bệnh ngoài cộng đồng.\r\nGiải đáp thắc mắc của bạn về vấn đề các bệnh mà bạn thắc mắc và quan tâm.\r\nGiới thiệu các hàng hóa và dịch vụ có thể phù hợp với các nhu cầu và sở thích của bạn.\r\nCung cấp những thông tin mới nhất của website.\r\nXem xét và nâng cấp nội dung, giao diện của website.\r\nThực hiện hoạt động khảo sát khách hàng.\r\nThực hiện các hoạt động quảng bá sản phẩm và giới thiệu những chương trình khuyến mãi.\r\nGiải quyết các vấn đề, tranh chấp phát sinh liên quan đến việc sử dụng website.\r\nChúng tôi bảo lưu quyền từ chối trách nhiệm về bất kỳ thiệt hại nào phát sinh nếu thông tin cá nhân của bạn bị đánh cắp, bị mất hoặc bị thiệt hại do sự cố hoặc bằng bất kỳ cách nào khác. 1.2. Phạm vi thu thập thông tin cá nhân:Thông tin cá nhân mà chúng tôi thu thập của bạn khi bạn gửi thắc mắc về cho chúng tôi, bao gồm:\r\nHọ, tên, Năm sinh.\r\nĐịa chỉ liên hệ.\r\nĐiện thoại liên hệ.\r\nEmail.\r\nThông tin bệnh lý và những thắc mắc về bệnh học liên quan. ĐIỀU 2. PHẠM VI SỬ DỤNG THÔNG TINThông tin của bạn được sử dụng để chúng tôi hoặc các bên có liên quan khác có thể thực hiện các yêu cầu của bạn.\r\nChúng tôi có thể liên hệ với bạn hoặc giới thiệu bạn đến các cuộc nghiên cứu bao gồm nghiên cứu sự hài lòng của khách hàng, thị trường, nội dung cá nhân khác, hoặc có liên quan đến một số giao dịch nhất định.\r\nChúng tôi thu thập thông tin về truy cập website của bạn gồm những thông tin có thể nhận biết và không thể nhận biết để phân tích (ví dụ: dữ liệu phân tích việc truy cập website, …).\r\nThông tin của bạn được sử dụng để giúp cung cấp cho các dịch vụ của chúng tôi và chúng tôi có thể cung cấp thông tin cho các công ty đại diện chúng tôi. Những công ty này cũng chịu sự ràng buộc nghiêm ngặt bởi Chính sách Bảo mật của chúng tôi. ĐIỀU 3. THỜI GIAN LƯU TRỮ THÔNG TINChúng tôi sẽ lưu trữ các thông tin cá nhân do khách hàng cung cấp trên các hệ thống quản lý, lưu trữ dữ liệu của chúng tôi hoặc chúng tôi thuê trong quá trình cung cấp dịch vụ cho khách hàng cho đến khi hoàn thành mục đích thu thập hoặc khi bạn có yêu cầu hủy các thông tin đã cung cấp.ĐIỀU 4. ĐỊA CHỈ CỦA ĐƠN VỊ THU THẬP VÀ QUẢN LÝ THÔNG TIN CÁ NHÂNCÔNG TY CỔ PHẦN DP GREEN-PHAR\r\nĐịa chỉ: Số 19, Ngõ 4, phố Văn La, Hà Đông, Hà Nội.\r\nĐiện thoại: (024) 6262.7731\r\nEmail: dpgreenphar@gmail.com ĐIỀU 5. PHƯƠNG TIỆN VÀ CÔNG CỤ ĐỂ NGƯỜI DÙNG TIẾP CẬN VÀ CHỈNH SỬA DỮ LIỆU CÁ NHÂN CỦA MÌNH.Bạn có thể tự đăng nhập vào website qua link www.greenphar.com  và chỉnh sửa các thông tin cá nhân như: tên, số điện thoại, địa chỉ giao-nhận hàng, ...\r\nNếu bạn không quan tâm hoặc không muốn nhận tin tức, thông tin, bạn có thể thay đổi thông tin của bạn vào bất kỳ lúc nào bằng cách gửi email về cho chúng tôi qua địa chỉ email: cskh@greenphar.comĐIỀU 6. CAM KẾT BẢO MẬT THÔNG TIN CÁ NHÂN KHÁCH HÀNGNgoài việc sử dụng các thông tin của bạn vào các mục đích nêu tại Khoản 1.1 Điều 1 của Chính sách bảo mật này và phạm vi nêu tại Điều 2 của Chính sách bảo mật này, Chúng tôi sẽ giữ bí mật thông tin cá nhân của bạn. Xin vui lòng đọc bản Chính sách bảo mật thông tin này và hiểu các hành động liên quan về thông tin cá nhân của bạn. Chính sách bảo mật thông tin này có thể thay đổi mà không thông báo trước, do đó bạn vui lòng thường xuyên rà soát, cập nhật các điều khoản này để biết những thay đổi.\r\nChính sách bảo mật tại DP GREEN- PHAR\r\n- DP GREEN-PHAR có thể thay đổi chính sách bảo mật và mọi thay đổi sẽ được công khai trên website www.greenphar.com\r\n- Tất cả các thay đổi về chính sách bảo mật chúng tôi đều tuân thủ theo quy định của Pháp Luật Nhà Nước hiện hành.\r\n- Mọi ý kiến thắc mắc, khiếu nại và tranh chấp vui lòng liên hệ với chúng tôi qua hotline Chăm sóc khách hàng: (024) 6262. 7731\r\n\r\nTrân trọng,\r\nDP GREEN- PHAR: Chu Đáo, Tin Cậy!', '', '', '', '', '', 0, 'chinh-sach-bao-mat', 'Chính sách bảo mật', '', ''),
(47, 41, 'vn', 'Chính sách đổi - trả', '', '<p>Qu&yacute; kh&aacute;ch vui l&ograve;ng chắc chắn rằng sản phẩm y&ecirc;u cầu đổi (trả) thỏa m&atilde;n điều kiện đổi trả h&agrave;ng của DP GREEN- PHAR tại ch&iacute;nh s&aacute;ch đổi trả h&agrave;ng h&oacute;a như sau:<br />\r\n<strong><em>C&aacute;c trường hợp được quyền đổi - trả sản phẩm:</em></strong><br />\r\nĐổi - trả do đơn h&agrave;ng sai hoặc thiếu sản phẩm so với th&ocirc;ng tin đặt h&agrave;ng.<br />\r\nTrả h&agrave;ng - ho&agrave;n tiền sản phẩm lỗi do qu&aacute; tr&igrave;nh vận chuyển (hộp thuốc bị bể, ẩm mốc,&hellip;).<br />\r\nTrả h&agrave;ng - ho&agrave;n tiền sản phẩm lỗi sản xuất (nh&atilde;n m&aacute;c kh&ocirc;ng r&otilde; chữ, th&ocirc;ng tin tr&ecirc;n bao b&igrave; sản phẩm kh&ocirc;ng ch&iacute;nh x&aacute;c, sản phẩm đ&atilde; bị mở trước khi đến tay kh&aacute;ch h&agrave;ng...).<br />\r\nTrả h&agrave;ng - ho&agrave;n tiền do lỗi giao h&agrave;ng sản phẩm hết hạn sử dụng.<br />\r\n<strong><em>Điều kiện bắt buộc:</em></strong><br />\r\nSản phẩm kh&ocirc;ng c&oacute; dấu hiệu đ&atilde; qua sử dụng, c&ograve;n nguy&ecirc;n hộp, tem, m&aacute;c, seal (seal vỏ hộp v&agrave; seal chai thuốc).<br />\r\nTrong trường hợp Kh&aacute;ch h&agrave;ng đ&atilde; khui seal vỏ hộp v&agrave; ph&aacute;t hiện chai thuốc c&oacute; lỗi sản xuất, vui l&ograve;ng chụp h&igrave;nh v&agrave; gọi Hotline để BP CSKH hướng dẫn th&ecirc;m.<br />\r\nĐối với c&aacute;c sản phẩm đ&atilde; khui seal chai thuốc, DP GREEN- PHAR xin được từ chối đổi trả.<br />\r\nQu&yacute; kh&aacute;ch h&agrave;ng lưu &yacute; lu&ocirc;n lu&ocirc;n kiểm tra kĩ t&igrave;nh trạng sản phẩm sau khi nhận được ngay tại thời điểm nhận h&agrave;ng v&agrave; c&oacute; sự chứng kiến của nh&acirc;n vi&ecirc;n giao h&agrave;ng. C&aacute;c vấn đề như bể vỡ, vỏ hộp chai thuốc bị r&aacute;ch n&aacute;t hoặc seal đ&atilde; bị mở, &hellip; Tất cả những sự cố n&agrave;y sẽ chỉ được đổi trả nếu do lỗi từ ph&iacute;a nh&acirc;n vi&ecirc;n của DP GREEN- PHAR v&agrave; đơn vị vận chuyển ViettelPost.</p>\r\n\r\n<h2>Thời hạn đổi trả h&agrave;ng</h2>\r\n\r\n<p>Sau khi nhận được sản phẩm của kh&aacute;ch h&agrave;ng gửi trả, Bộ phận Chăm s&oacute;c Kh&aacute;ch h&agrave;ng sẽ tiến h&agrave;nh kiểm tra chất lượng sản phẩm ngay lập tức. Quy tr&igrave;nh kiểm tra h&agrave;ng đổi trả được thực hiện trong v&ograve;ng từ 1-3 ng&agrave;y l&agrave;m việc, kết quả kiểm tra sẽ được th&ocirc;ng b&aacute;o đến kh&aacute;ch h&agrave;ng qua email v&agrave; tin nhắn điện thoại sau khi ho&agrave;n tất.<br />\r\nSau khi nhận được email hoặc tin nhắn th&ocirc;ng b&aacute;o từ DP GREEN- PHAR, kh&aacute;ch h&agrave;ng c&oacute; thể kiểm tra t&igrave;nh trạng đổi trả hoặc ho&agrave;n tiền th&ocirc;ng qua c&ocirc;ng cụ kiểm tra đơn h&agrave;ng của&nbsp;<strong>DP GREEN-PHAR</strong>.</p>\r\n\r\n<h2>Phương thức đổi trả h&agrave;ng đ&atilde; mua</h2>\r\n\r\n<p><strong><em>Bước 1:</em></strong> Đăng k&iacute;<br />\r\nKh&aacute;ch h&agrave;ng c&oacute; thể li&ecirc;n hệ với bộ phận chăm s&oacute;c kh&aacute;ch h&agrave;ng của DP GREEN-PHAR qua hotline (024) 6262.7731 hoặc truy cập trang web: WWW.GREENPHAR.COM &nbsp;v&agrave; cung cấp th&ocirc;ng tin chi tiết về sản phẩm lỗi gồm:<br />\r\n- T&ecirc;n sản phẩm<br />\r\n- M&atilde; số đơn h&agrave;ng, l&ocirc; sản xuất, hạn sử dụng<br />\r\n- Lỗi sản phẩm (m&ocirc; tả chi tiết v&agrave; k&egrave;m ảnh chụp)<br />\r\n<strong><em>Bước 2:</em></strong> Nhận tin nhắn x&aacute;c nhận đ&atilde; đăng k&yacute; đổi/trả th&agrave;nh c&ocirc;ng v&agrave; email hướng dẫn đ&oacute;ng g&oacute;i sản phẩm ho&agrave;n trả.<br />\r\nSau khi y&ecirc;u cầu đổi/trả được chấp nhận, DP GREEN-PHAR sẽ gửi đến qu&yacute; kh&aacute;ch một tin nhắn v&agrave; email hướng dẫn c&aacute;ch gửi trả sản phẩm.<br />\r\n<strong><em>Bước 3:</em></strong> Đ&oacute;ng g&oacute;i theo hướng dẫn v&agrave; mang sản phẩm đến Bưu Điện<br />\r\n<strong><em>Bước 4:</em></strong> Gửi trả sản phẩm về DP GREEN-PHAR<br />\r\nKh&aacute;ch h&agrave;ng vui l&ograve;ng gửi sản phẩm qua đường Bưu Điện về DP GREEN-PHAR trong v&ograve;ng 3 ng&agrave;y l&agrave;m việc kể từ khi th&ocirc;ng b&aacute;o với bộ phận Chăm S&oacute;c Kh&aacute;ch H&agrave;ng v&agrave; gửi k&egrave;m:<br />\r\n- H&oacute;a đơn mua h&agrave;ng hoặc đ&iacute;nh k&egrave;m giấy ghi ch&uacute; c&oacute; m&atilde; đơn h&agrave;ng<br />\r\n- H&oacute;a đơn gi&aacute; trị gia tăng (nếu c&oacute;)<br />\r\n- Phụ kiện đi k&egrave;m sản phẩm v&agrave; tặng khuyến m&atilde;i k&egrave;m theo (nếu c&oacute;)<br />\r\n<strong><em>Một số lưu &yacute; khi gửi h&agrave;ng đến bưu điện:</em></strong><br />\r\n- Kh&ocirc;ng ni&ecirc;m phong bề mặt th&ugrave;ng ​trước khi ho&agrave;n tất qu&aacute; tr&igrave;nh gửi h&agrave;ng ​v&igrave; c&oacute; thể bưu điện cần kiểm tra trước khi nhận h&agrave;ng. Đ&oacute;ng g&oacute;i, ch&egrave;n l&oacute;t sản phẩm như ban đầu.<br />\r\n- Cung cấp cho nh&acirc;n vi&ecirc;n bưu điện m&atilde; đơn h&agrave;ng v&agrave; m&atilde; gửi h&agrave;ng b&ecirc;n DP GREEN-PHAR đ&atilde; cung cấp. - Lưu &yacute; kh&ocirc;ng d&aacute;n băng keo trực tiếp l&ecirc;n hộp sản phẩm v&igrave; y&ecirc;u cầu đổi/trả c&oacute; thể sẽ bị từ chối nếu hộp sản phẩm bị hư hỏng.<br />\r\n- Vui l&ograve;ng li&ecirc;n hệ Bộ phận Chăm s&oacute;c Kh&aacute;ch h&agrave;ng của DP GREEN-PHAR &nbsp;(024) 6262. 7731&nbsp;khi c&oacute; bất cứ kh&oacute; khăn xảy ra trong qu&aacute; tr&igrave;nh l&agrave;m việc với bưu điện.<br />\r\n- Điền th&ocirc;ng tin m&atilde; số đơn h&agrave;ng l&ecirc;n th&ugrave;ng h&agrave;ng v&agrave; gửi về DP GREEN- PHAR theo địa chỉ nh&acirc;n vi&ecirc;n chăm s&oacute;c kh&aacute;ch h&agrave;ng đ&atilde; cung cấp.<br />\r\n<strong>Note:</strong>&nbsp;<em>Trong trường hợp kh&ocirc;ng nhớ th&ocirc;ng tin ở bước số 4, qu&yacute; kh&aacute;ch c&oacute; thể xuất tr&igrave;nh tin nhắn hoặc email nhận được từ DP GREEN- PHAR đ&atilde; gửi (ở bước 2) cho nh&acirc;n vi&ecirc;n bưu điện v&agrave; l&agrave;m theo hướng dẫn.</em><br />\r\n<span style="color:#C00">Lưu &yacute;:</span> Kh&aacute;ch h&agrave;ng trong qu&aacute; tr&igrave;nh gửi trả sản phẩm về DP GREEN-PHAR sẽ chịu ho&agrave;n to&agrave;n tr&aacute;ch nhiệm về trạng th&aacute;i nguy&ecirc;n vẹn của sản phẩm.<br />\r\nSau khi nhận được sản phẩm kh&aacute;ch h&agrave;ng gửi trả về, DP GREEN- PHAR sẽ phản hồi v&agrave; cập nhật th&ocirc;ng tin tr&ecirc;n từng giai đoạn xử l&yacute; đến kh&aacute;ch h&agrave;ng qua email hoặc sms.</p>\r\n\r\n<h2>C&aacute;ch thức nhận lại tiền khi mua h&agrave;ng online</h2>\r\n\r\n<h3>Kh&aacute;ch h&agrave;ng sẽ nhận được số tiền ho&agrave;n trả sau bao l&acirc;u?</h3>\r\n\r\n<p>DP GREEN- PHAR sẽ ho&agrave;n tiền cho kh&aacute;ch h&agrave;ng trong trường hợp kh&aacute;ch h&agrave;ng trả hay hủy đơn h&agrave;ng.<br />\r\nPhương thức ho&agrave;n tiền bằng c&aacute;ch chuyển khoản ng&acirc;n h&agrave;ng.<br />\r\nTh&ocirc;ng tin sẽ được cập nhật đến cho qu&yacute; kh&aacute;ch bằng email hoặc SMS khi thủ tục ho&agrave;n tiền được tiến h&agrave;nh.<br />\r\n<strong>Phương thức ho&agrave;n tiền:</strong> Chuyển khoản ng&acirc;n h&agrave;ng<br />\r\n<strong>Thời gian ho&agrave;n tiền:</strong> 3 - 5 ng&agrave;y l&agrave;m việc<br />\r\nTrong trường hợp đ&atilde; vượt qu&aacute; c&aacute;c khoảng thời gian ho&agrave;n tiền tr&ecirc;n nhưng kh&aacute;ch h&agrave;ng vẫn chưa nhận được tiền, xin vui l&ograve;ng li&ecirc;n hệ với ng&acirc;n h&agrave;ng để được hỗ trợ hoặc Tổng đ&agrave;i Chăm s&oacute;c Kh&aacute;ch h&agrave;ng của DP GREEN-PHAR&nbsp;<strong>(024) 6262.7731</strong></p>\r\n\r\n<h3>Chi ph&iacute; cho việc đổi trả h&agrave;ng</h3>\r\n\r\n<p>Qu&yacute; Kh&aacute;ch h&agrave;ng vui l&ograve;ng thanh to&aacute;n tiền ph&iacute; vận chuyển khi Kh&aacute;ch h&agrave;ng thực hiện gửi h&agrave;ng tại bưu điện. DP GREEN- PHAR sẽ kh&ocirc;ng ho&agrave;n trả chi ph&iacute; n&agrave;y. Tuy nhi&ecirc;n sẽ giao h&agrave;ng miễn ph&iacute; đối với những đơn h&agrave;ng thuộc nh&oacute;m &ldquo;Đổi h&agrave;ng&quot;. Nếu c&oacute; bất k&igrave; vấn đề g&igrave; ph&aacute;t sinh, qu&yacute; kh&aacute;ch c&oacute; thể li&ecirc;n hệ với bộ phận CSKH của DP GREEN-PHAR theo Hotline&nbsp;<strong>(024) 6262.7731</strong></p>\r\n', '', '', '', '', '', 0, 'chinh-sach-doi-tra', 'Chính sách đổi - trả', '', ''),
(48, 41, 'en', 'Chính sách đổi - trả', '', '<p>Nội dung Ch&iacute;nh s&aacute;ch đổi - trả</p>\r\n', '', '', '', '', '', 0, 'chinh-sach-doi-tra', 'Chính sách đổi - trả', '', ''),
(49, 42, 'vn', 'Hệ thống nhà thuốc', '', '<p>T&acirc;t cả c&aacute;c sản phẩm của DP GREEN-PHAR&nbsp;đ&atilde; được ph&acirc;n phối tại hơn 1000 nh&agrave; thuốc tại c&aacute;c tỉnh th&agrave;nh tr&ecirc;n khắp miền bắc<br />\r\nVui l&ograve;ng li&ecirc;n hệ tổng đ&agrave;i CSKH: <em><strong>024. 6262.7731</strong></em> để biết địa chỉ nh&agrave; thuốc gần nhất nơi bạn ở.<br />\r\nXin ch&acirc;n th&agrave;nh cảm ơn qu&yacute; kh&aacute;ch đ&atilde; tin d&ugrave;ng sản phẩm của <strong>DP GREEN-PHAR</strong>.</p>\r\n', '', '', '', '', '', 0, 'he-thong-nha-thuoc', 'Hệ thống nhà thuốc', '', ''),
(50, 42, 'en', 'Hệ thống nhà thuốc', '', '<p>Nội dung&nbsp;Hệ thống nh&agrave; thuốc</p>\r\n', '', '', '', '', '', 0, 'he-thong-nha-thuoc', 'Hệ thống nhà thuốc', '', ''),
(51, 43, 'vn', 'Hình thức giao hàng', '', '<p>Sau khi đặt h&agrave;ng th&agrave;nh c&ocirc;ng, Bộ phận Chăm s&oacute;c Kh&aacute;ch h&agrave;ng của DP GREEN- PHAR sẽ li&ecirc;n hệ với Qu&yacute; kh&aacute;ch để x&aacute;c nhận v&agrave; gửi email/sms về th&ocirc;ng tin đơn h&agrave;ng trong thời gian sớm nhất. Hiện tại DP GREEN-PHAR hợp t&aacute;c với ViettelPost - đơn vị chuyển ph&aacute;t h&agrave;ng đầu tại Việt Nam để thực hiện chuyển ph&aacute;t c&aacute;c sản phẩm tới Qu&yacute; kh&aacute;ch h&agrave;ng.<br />\r\nSau khi x&aacute;c nhận th&agrave;nh c&ocirc;ng, đơn h&agrave;ng sẽ được giao đến Qu&yacute; kh&aacute;ch trong khoảng thời gian sau đ&acirc;y: <strong>Tại Th&agrave;nh phố Hồ Ch&iacute; Minh v&agrave; H&agrave; Nội:</strong> Giao h&agrave;ng sau 1 - 4h l&agrave;m việc<br />\r\n<strong>C&aacute;c khu vực tỉnh, th&agrave;nh c&ograve;n lại:</strong> Giao h&agrave;ng sau 1 - 2 ng&agrave;y l&agrave;m việc<br />\r\n<em>*Lưu &yacute;: thời gian giao h&agrave;ng dự kiến ở tr&ecirc;n chỉ &aacute;p dụng cho c&aacute;c đơn h&agrave;ng trong nước.</em> Tất cả c&aacute;c đơn h&agrave;ng từ khắp cả nước sẽ được chia l&agrave;m 2 khu vực v&agrave; ph&iacute; vận chuyển &aacute;p dụng cho tất cả c&aacute;c đơn h&agrave;ng của Qu&yacute; kh&aacute;ch (trong đ&oacute;, DP GREEN-PHAR đ&atilde; hỗ trợ 50-70% chi ph&iacute; giao h&agrave;ng v&agrave; ph&iacute; thu tiền hộ):<br />\r\n<strong>Khu vực 1:</strong>&nbsp;Th&agrave;nh phố Hồ Ch&iacute; Minh v&agrave; H&agrave; Nội l&agrave; 10.000đ/đơn h&agrave;ng bất kỳ<br />\r\n<strong>Khu vực 2:</strong>&nbsp;C&aacute;c tỉnh, th&agrave;nh phố c&ograve;n lại tr&ecirc;n to&agrave;n quốc l&agrave; 20.000đ/đơn h&agrave;ng bất kỳ<br />\r\n<strong>FREE SHIP NẾU ĐƠN H&Agrave;NG TR&Ecirc;N 600.000 VNĐ.</strong></p>\r\n\r\n<p>Qu&yacute; kh&aacute;ch h&agrave;ng lưu &yacute; lu&ocirc;n lu&ocirc;n kiểm tra kĩ t&igrave;nh trạng sản phẩm sau khi nhận được ngay tại thời điểm nhận h&agrave;ng v&agrave; c&oacute; sự chứng kiến của nh&acirc;n vi&ecirc;n giao h&agrave;ng. C&aacute;c vấn đề như bể vỡ, vỏ hộp chai thuốc bị r&aacute;ch n&aacute;t hoặc seal đ&atilde; bị mở, &hellip; Tất cả những sự cố n&agrave;y sẽ chỉ được đổi trả nếu do lỗi từ ph&iacute;a nh&acirc;n vi&ecirc;n của DP GREEN-PHAR v&agrave; đơn vị vận chuyển ViettelPost.</p>\r\n\r\n<p>Trong qu&aacute; tr&igrave;nh giao h&agrave;ng c&oacute; thể ph&aacute;t sinh những vấn đề ngo&agrave;i &yacute; muốn về ph&iacute;a Kh&aacute;ch h&agrave;ng khiến việc giao h&agrave;ng bị chậm trễ. DP GREEN-PHAR sẽ linh động giải quyết cho Kh&aacute;ch h&agrave;ng trong từng trường hợp như sau:<br />\r\n- Kh&aacute;ch h&agrave;ng kh&ocirc;ng cung cấp ch&iacute;nh x&aacute;c v&agrave; đầy đủ địa chỉ giao h&agrave;ng v&agrave; số điện thoại li&ecirc;n lạc.<br />\r\n- Kh&aacute;ch h&agrave;ng kh&ocirc;ng sẵn s&agrave;ng để nhận h&agrave;ng v&agrave;o thời điểm giao h&agrave;ng.<br />\r\n- DP GREEN- PHAR đ&atilde; giao h&agrave;ng đ&uacute;ng hẹn theo th&ocirc;ng tin giao h&agrave;ng nhưng kh&ocirc;ng li&ecirc;n lạc được với Kh&aacute;ch h&agrave;ng v&agrave; chờ tại địa điểm giao h&agrave;ng qu&aacute; 15 ph&uacute;t, mọi nỗ lực của nh&acirc;n vi&ecirc;n giao h&agrave;ng nhằm li&ecirc;n hệ với Kh&aacute;ch h&agrave;ng đều kh&ocirc;ng th&agrave;nh c&ocirc;ng.<br />\r\n- Những trường hợp bất khả kh&aacute;ng như thi&ecirc;n tai, tai nạn giao th&ocirc;ng, gi&aacute;n đoạn mạng lưới giao th&ocirc;ng, đứt c&aacute;p, hệ thống bị tấn c&ocirc;ng.<br />\r\nC&aacute;c trường hợp kh&aacute;c: Trong trường hợp xảy ra sự cố phức tạp hơn, DP GREEN- PHAR bảo đảm quyền lợi lớn nhất thuộc về Kh&aacute;ch h&agrave;ng.</p>\r\n', '', '', '', '', '', 0, 'hinh-thuc-giao-hang', 'Hình thức giao hàng', '', ''),
(52, 43, 'en', 'Hình thức giao hàng', '', '<p>Nội dung H&igrave;nh thức giao h&agrave;ng</p>\r\n', '', '', '', '', '', 0, 'hinh-thuc-giao-hang', 'Hình thức giao hàng', '', ''),
(53, 44, 'vn', 'Hình thức thanh toán', '', '<h2>DP GREEN- PHAR hỗ trợ 4 phương thức thanh to&aacute;n cho tất cả c&aacute;c đơn h&agrave;ng tr&ecirc;n hệ thống.</h2>\r\n\r\n<p><strong>1. Thanh to&aacute;n khi nhận h&agrave;ng (COD): </strong>Qu&yacute; kh&aacute;ch sẽ thanh to&aacute;n tiền mặt cho nh&acirc;n vi&ecirc;n giao h&agrave;ng ngay sau khi nhận được h&agrave;ng.<br />\r\n<strong>2. Thanh to&aacute;n bằng Internet Banking:</strong> Thẻ/t&agrave;i khoản ATM của qu&yacute; kh&aacute;ch c&oacute; đăng k&iacute; sử dụng dịch vụ internet banking, DP GREEN- PHAR hiện hỗ trợ thanh to&aacute;n cho phần lớn c&aacute;c ng&acirc;n h&agrave;ng tại Việt Nam:<br />\r\n<img src="../image/pay.jpg" /> <strong>3. Thanh to&aacute;n bằng thẻ quốc tế Visa, Master Card:</strong>&nbsp;Ph&iacute; thanh to&aacute;n t&ugrave;y thuộc v&agrave;o từng loại thẻ qu&yacute; kh&aacute;ch d&ugrave;ng v&agrave; ng&acirc;n h&agrave;ng ph&aacute;t h&agrave;nh thẻ. Vui l&ograve;ng li&ecirc;n hệ với ng&acirc;n h&agrave;ng ph&aacute;t h&agrave;nh thẻ để biết r&otilde; ph&iacute; thanh to&aacute;n ph&aacute;t sinh.<br />\r\n<strong>4. Chuyển khoản trực tiếp tại ng&acirc;n h&agrave;ng:<br />\r\nCHỦ T&Agrave;I KHOẢN: CT CỔ PHẦN DP GREEN PHAR<br />\r\nSTK: 0691000342789<br />\r\nchi nh&aacute;nh h&agrave; t&acirc;y, Vietcombank.</strong><br />\r\n&quot;T&ecirc;n người mua h&agrave;ng, Tỉnh/th&agrave;nh phố&quot; chuyển tiền cho đơn h&agrave;ng ng&agrave;y ... th&aacute;ng ... năm ...<br />\r\n<em>Mọi thắc mắc v&agrave; g&oacute;p &yacute; vui l&ograve;ng li&ecirc;n hệ Hotline Chăm s&oacute;c kh&aacute;ch h&agrave;ng:&nbsp;<strong>(024) 6262.7731</strong></em></p>\r\n', '', '', '', '', '', 0, 'hinh-thuc-thanh-toan', 'Hình thức thanh toán', '', ''),
(54, 44, 'en', 'Hình thức thanh toán', '', '<p>Nội dung&nbsp;H&igrave;nh thức thanh to&aacute;n</p>\r\n', '', '', '', '', '', 0, 'hinh-thuc-thanh-toan', 'Hình thức thanh toán', '', '');
INSERT INTO `page_languages` (`id`, `page_id`, `languages_code`, `lang_page_name`, `lang_page_des`, `lang_page_content`, `lang_page_sub_info1`, `lang_page_sub_info2`, `lang_page_sub_info3`, `lang_page_sub_info4`, `lang_page_sub_info5`, `edit_state`, `friendly_url`, `title_seo`, `keyword`, `des_seo`) VALUES
(55, 45, 'vn', 'Điều khoản sử dụng', '', '<h2>1. Giới thiệu</h2>\r\n\r\n<p>Ch&agrave;o mừng bạn đến với trang Thương mại điện tử DP GREEN-PHAR<br />\r\nGREENPHAR.COM l&agrave; trang Thương mại điện tử của C&ocirc;ng ty Cổ phần DP GREEN- PHAR - chuy&ecirc;n ph&acirc;n phối độc quyền c&aacute;c sản phẩm do Armephaco 120- x&iacute; nghiệp dược phẩm 120, qu&acirc;n đội, nghi&ecirc;n cứu v&agrave; sản xuất, được cấp giấy chứng nhận ĐKKD số 0106800687 do Sở Kế Hoạch v&agrave; Đầu Tư H&agrave; Nội cấp ng&agrave;y 25/4/2015<br />\r\nC&ocirc;ng ty CPDP GREEN- PHAR c&oacute; trụ sở ch&iacute;nh đặt tại 19, Ng&otilde; 4, Phố Văn La- H&agrave; Đ&ocirc;ng- H&agrave; Nội.<br />\r\nKhi bạn truy cập v&agrave;o website greenphar.com của ch&uacute;ng t&ocirc;i c&oacute; nghĩa l&agrave; bạn đồng &yacute; với c&aacute;c điều khoản n&agrave;y. Website c&oacute; quyền chỉnh sửa, thay đổi, th&ecirc;m hoặc lược bỏ bất kỳ phần n&agrave;o trong Điều khoản mua b&aacute;n h&agrave;ng h&oacute;a n&agrave;y v&agrave;o bất cứ l&uacute;c n&agrave;o. C&aacute;c thay đổi c&oacute; hiệu lực ngay khi được đăng tr&ecirc;n website m&agrave; kh&ocirc;ng cần th&ocirc;ng b&aacute;o trước. V&agrave; khi bạn tiếp tục sử dụng website, sau khi c&aacute;c thay đổi về Điều khoản n&agrave;y được đăng tải, c&oacute; nghĩa l&agrave; bạn chấp nhận với những thay đổi đ&oacute; của ch&uacute;ng t&ocirc;i.<br />\r\nV&igrave; vậy, bạn vui l&ograve;ng kiểm tra thường xuy&ecirc;n v&agrave; cập nhật những thay đổi trong Điều khoản mua b&aacute;n tr&ecirc;n website của ch&uacute;ng t&ocirc;i để đảm bảo quyền lợi của m&igrave;nh.</p>\r\n\r\n<h2>2. Hướng dẫn sử dụng website</h2>\r\n\r\n<p style="text-align:center"><img alt="" height="450" src="/image/images/Hydrangeas.jpg" width="600" /></p>\r\n\r\n<p>Khi truy cập v&agrave;o website của DP GREEN-PHAR, bạn phải đảm bảo đủ 18 tuổi, hoặc c&oacute; sự gi&aacute;m s&aacute;t của cha mẹ hay người gi&aacute;m hộ hợp ph&aacute;p. Vui l&ograve;ng đảm bảo bạn c&oacute; đầy đủ h&agrave;nh vi d&acirc;n sự để thực hiện c&aacute;c giao dịch mua b&aacute;n h&agrave;ng h&oacute;a theo quy định hiện h&agrave;nh của ph&aacute;p luật Việt Nam.<br />\r\nCh&uacute;ng t&ocirc;i sẽ cũng cấp cho bạn một t&agrave;i khoản (Account) sử dụng để bạn c&oacute; thể mua sắm tr&ecirc;n website greenphar.com trong khu&ocirc;n khổ Điều khoản v&agrave; Điều kiện sử dụng đ&atilde; đề ra.<br />\r\nBạn sẽ phải đăng k&yacute; t&agrave;i khoản với th&ocirc;ng tin c&aacute; nh&acirc;n x&aacute;c thực v&agrave; phải cập nhật nếu c&oacute; bất kỳ thay đổi n&agrave;o trong qu&aacute; tr&igrave;nh sử dụng. Mỗi c&aacute; nh&acirc;n khi truy cập v&agrave;o website của DP GREEN- PHAR phải c&oacute; tr&aacute;ch nhiệm với mật khẩu, t&agrave;i khoản v&agrave; hoạt động của m&igrave;nh tr&ecirc;n web. B&ecirc;n cạnh đ&oacute;, bạn phải th&ocirc;ng b&aacute;o ngay cho ch&uacute;ng t&ocirc;i biết khi t&agrave;i khoản bị truy cập tr&aacute;i ph&eacute;p. Đối với những thiệt hại hoặc mất m&aacute;t g&acirc;y ra do bạn kh&ocirc;ng tu&acirc;n thủ quy định v&agrave; c&aacute;c điều khoản mua b&aacute;n đ&atilde; cam kết ph&iacute;a DP GREEN-PHAR sẽ kh&ocirc;ng chịu bất kỳ tr&aacute;ch nhiệm n&agrave;o, d&ugrave; trực tiếp hay gi&aacute;n tiếp.</p>\r\n\r\n<p style="text-align:center"><img alt="" height="221" src="/image/images/Cataloge%20Rem-File%20OK%2003.jpg" width="600" /></p>\r\n\r\n<p><img alt="" height="900" src="/image/images/11___.png" width="900" /><br />\r\nNghi&ecirc;m cấm sử dụng bất kỳ phần n&agrave;o của website n&agrave;y dưới mọi h&igrave;nh thức với mục đ&iacute;ch thương mại hoặc nh&acirc;n danh bất kỳ đối t&aacute;c thứ ba n&agrave;o nếu kh&ocirc;ng được sự cho ph&eacute;p bằng văn bản từ ph&iacute;a DP GREEN- PHAR. Nếu vi phạm bất cứ điều n&agrave;o trong đ&acirc;y, ch&uacute;ng t&ocirc;i sẽ hủy t&agrave;i khoản của bạn m&agrave; kh&ocirc;ng cần b&aacute;o trước.<br />\r\nBạn sẽ nhận được email quảng c&aacute;o từ website GREENPHAR.COM của ch&uacute;ng t&ocirc;i trong suốt qu&aacute; tr&igrave;nh đăng k&iacute;. Nếu cảm thấy bị l&agrave;m phiền, bạn c&oacute; thể từ chối nhận email bằng c&aacute;ch nhấp v&agrave;o đường link ở dưới c&ugrave;ng trong mọi email quảng c&aacute;o.</p>\r\n\r\n<h2>3. &Yacute; kiến của kh&aacute;ch h&agrave;ng</h2>\r\n\r\n<p>Tất cả nội dung tr&ecirc;n website v&agrave; những &yacute; kiến, nhận x&eacute;t ph&ecirc; b&igrave;nh của qu&yacute; kh&aacute;ch h&agrave;ng đều l&agrave; t&agrave;i sản của DP GREEN-PHAR ch&uacute;ng t&ocirc;i. Nếu ph&aacute;t hiện bất kỳ th&ocirc;ng tin giả mạo n&agrave;o, ch&uacute;ng t&ocirc;i sẽ v&ocirc; hiệu h&oacute;a t&agrave;i khoản của bạn ngay lập tức hoặc &aacute;p dụng c&aacute;c biện ph&aacute;p kh&aacute;c theo quy định của ph&aacute;p luật Việt Nam.</p>\r\n\r\n<h2>4. Chấp nhận đơn h&agrave;ng v&agrave; gi&aacute; cả</h2>\r\n\r\n<p>Với bất kỳ l&yacute; do g&igrave; li&ecirc;n quan đến lỗi kỹ thuật, hệ thống một c&aacute;ch kh&aacute;ch quan v&agrave;o bất kỳ l&uacute;c n&agrave;o, ph&iacute;a DP GREEN-PHAR ch&uacute;ng t&ocirc;i c&oacute; quyền từ chối hoặc hủy đơn h&agrave;ng của qu&yacute; kh&aacute;ch.<br />\r\nTrong qu&aacute; tr&igrave;nh x&aacute;c nhận đơn h&agrave;ng, ch&uacute;ng t&ocirc;i c&oacute; thể hỏi th&ecirc;m về số điện thoại v&agrave; địa chỉ của bạn để thuận tiện cho giao dịch.<br />\r\nDP GREEN-PHAR cam kết sẽ cung cấp th&ocirc;ng tin gi&aacute; cả ch&iacute;nh x&aacute;c nhất cho người ti&ecirc;u d&ugrave;ng. Tuy nhi&ecirc;n, đ&ocirc;i l&uacute;c vẫn c&oacute; sai s&oacute;t xảy ra, v&iacute; dụ như trường hợp gi&aacute; sản phẩm kh&ocirc;ng hiển thị ch&iacute;nh x&aacute;c tr&ecirc;n website hoặc sai gi&aacute;, t&ugrave;y theo từng trường hợp ph&iacute;a DP GREEN-PHAR ch&uacute;ng t&ocirc;i sẽ li&ecirc;n hệ hướng dẫn hoặc th&ocirc;ng b&aacute;o hủy đơn h&agrave;ng đ&oacute; cho qu&yacute; kh&aacute;ch.<br />\r\nDP GREEN-PHAR cũng c&oacute; quyền từ chối hoặc hủy bỏ bất kỳ đơn h&agrave;ng n&agrave;o của qu&yacute; kh&aacute;ch d&ugrave; đơn h&agrave;ng đ&oacute; đ&atilde; hay chưa được x&aacute;c nhận hoặc đ&atilde; thanh to&aacute;n.</p>\r\n\r\n<h2>5. Thay đổi hoặc hủy bỏ giao dịch</h2>\r\n\r\n<p>Trong mọi trường hợp, kh&aacute;ch h&agrave;ng đều c&oacute; quyền chấm dứt giao dịch nếu đ&atilde; thực hiện c&aacute;c biện ph&aacute;p sau đ&acirc;y:<br />\r\nTh&ocirc;ng b&aacute;o cho bộ phận chăm s&oacute;c kh&aacute;ch h&agrave;ng của DP GREEN-PHAR về việc hủy giao dịch qua hotline (024) 6262. 7731</p>\r\n\r\n<h2>6. Giải quyết lỗi nhập sai th&ocirc;ng tin</h2>\r\n\r\n<p>Kh&aacute;ch h&agrave;ng c&oacute; tr&aacute;ch nhiệm cung cấp th&ocirc;ng tin đầy đủ v&agrave; ch&iacute;nh x&aacute;c khi tham gia giao dịch tại website greenphar.com. Trong trường hợp kh&aacute;ch h&agrave;ng nhập sai th&ocirc;ng tin v&agrave; gửi v&agrave;o site thương mại điện tử greenphar.com, ch&uacute;ng t&ocirc;i c&oacute; quyền từ chối thực hiện giao dịch. Ngo&agrave;i ra, trong mọi trường hợp, kh&aacute;ch h&agrave;ng đều c&oacute; quyền đơn phương chấm dứt giao dịch nếu đ&atilde; thực hiện c&aacute;c biện ph&aacute;p sau đ&acirc;y: Li&ecirc;n hệ với bộ phậm CSKH của DP GREEN-PHAR qua hotline (024) 6262. 7731<br />\r\nTrả lại sản phẩm đ&atilde; nhận v&agrave; kh&ocirc;ng c&oacute; dấu hiệu khui mở hoặc đ&atilde; sử dụng.<br />\r\nTrong trường hợp sai th&ocirc;ng tin ph&aacute;t sinh từ ph&iacute;a DP GREEN-PHAR m&agrave; DP GREEN-PHAR c&oacute; thể chứng minh đ&oacute; l&agrave; lỗi của hệ thống, ch&uacute;ng t&ocirc;i sẽ chịu ho&agrave;n to&agrave;n tr&aacute;ch nhiệm v&agrave; đền b&ugrave; cho kh&aacute;ch h&agrave;ng.</p>\r\n\r\n<h2>7. Quyền ph&aacute;p l&yacute;</h2>\r\n\r\n<p>C&aacute;c điều kiện, điều khoản v&agrave; nội dung của website n&agrave;y được điều chỉnh bởi luật ph&aacute;p Việt Nam. T&ograve;a &aacute;n c&oacute; thẩm quyền tại Việt Nam sẽ giải quyết bất kỳ tranh chấp n&agrave;o ph&aacute;t sinh từ việc sử dụng tr&aacute;i ph&eacute;p trang web n&agrave;y.</p>\r\n\r\n<h2>8. Quy định về bảo mật</h2>\r\n\r\n<p>Website GREENPHAR.COM của ch&uacute;ng t&ocirc;i xem trọng việc bảo mật th&ocirc;ng tin, sử dụng c&aacute;c biện ph&aacute;p tốt nhất để bảo mật th&ocirc;ng tin v&agrave; việc thanh to&aacute;n của qu&yacute; kh&aacute;ch. Trong qu&aacute; tr&igrave;nh thanh to&aacute;n, th&ocirc;ng tin của qu&yacute; kh&aacute;ch sẽ được m&atilde; h&oacute;a để đảm bảo an to&agrave;n. Bạn sẽ tho&aacute;t khỏi chế độ an to&agrave;n sau khi ho&agrave;n th&agrave;nh qu&aacute; tr&igrave;nh đặt h&agrave;ng.<br />\r\nQu&yacute; kh&aacute;ch kh&ocirc;ng được sử dụng bất kỳ chương tr&igrave;nh, c&ocirc;ng cụ hay h&igrave;nh thức n&agrave;o kh&aacute;c để can thiệp v&agrave;o hệ thống hay l&agrave;m thay đổi cấu tr&uacute;c dữ liệu. Website greenphar.com cũng nghi&ecirc;m cấm việc ph&aacute;t t&aacute;n, truyền b&aacute; hay cổ vũ cho bất kỳ hoạt động n&agrave;o nhằm can thiệp, ph&aacute; hoại hay x&acirc;m nhập v&agrave;o dữ liệu của hệ thống. C&aacute; nh&acirc;n hay tổ chức vi phạm sẽ bị tước bỏ mọi quyền lợi cũng như sẽ bị truy tố trước ph&aacute;p luật nếu cần thiết.<br />\r\nMọi th&ocirc;ng tin giao dịch sẽ được bảo mật ngoại trừ trong trường hợp cơ quan ph&aacute;p luật y&ecirc;u cầu.</p>\r\n\r\n<h2>9. C&aacute;c phương thức thanh to&aacute;n &aacute;p dụng tại GREENPHAR.COM</h2>\r\n\r\n<p>Qu&yacute; kh&aacute;ch c&oacute; thể tham khảo c&aacute;c phương thức thanh to&aacute;n sau đ&acirc;y v&agrave; lựa chọn &aacute;p dụng phương thức ph&ugrave; hợp:</p>\r\n\r\n<h3>C&aacute;ch 1: Thanh to&aacute;n trực tiếp (T&igrave;m đến chuỗi nh&agrave; thuốc b&aacute;n lẻ)</h3>\r\n\r\n<p>Bước 1: T&igrave;m hiểu th&ocirc;ng tin về sản phẩm<br />\r\nBước 2: Đến địa chỉ nh&agrave; thuốc b&aacute;n lẻ<br />\r\nBước 3: Người mua thanh to&aacute;n v&agrave; nhận h&agrave;ng</p>\r\n\r\n<h3>C&aacute;ch 2: Nhận h&agrave;ng thanh to&aacute;n tiền - COD</h3>\r\n\r\n<p>Bước 1: T&igrave;m hiểu th&ocirc;ng tin về sản phẩm<br />\r\nBước 2: X&aacute;c thực đơn h&agrave;ng (qua điện thoại, tin nhắn, email)<br />\r\nBước 3: Bộ phận CSKH của DP GREEN-PHAR sẽ li&ecirc;n hệ với qu&yacute; kh&aacute;ch để x&aacute;c nhận th&ocirc;ng tin v&agrave; đơn h&agrave;ng, đủ điều kiện đơn h&agrave;ng sẽ được chuyển qua cho bộ phận giao h&agrave;ng<br />\r\nBước 4: Giao h&agrave;ng<br />\r\nBước 5: Nhận h&agrave;ng v&agrave; thanh to&aacute;n</p>\r\n\r\n<h3>C&aacute;ch 3: Thanh to&aacute;n online qua thẻ t&iacute;n dụng, chuyển khoản</h3>\r\n\r\n<p>Bước 1: T&igrave;m hiểu th&ocirc;ng tin về sản phẩm<br />\r\nBước 2: X&aacute;c thực đơn h&agrave;ng (qua điện thoại, tin nhắn, email)<br />\r\nBước 3: Kh&aacute;ch h&agrave;ng thực hiện thanh to&aacute;n 100% gi&aacute; trị đơn h&agrave;ng (đơn h&agrave;ng thanh to&aacute;n th&agrave;nh c&ocirc;ng sẽ b&aacute;o qua điện thoại, tin nhắn, email)<br />\r\nBước 4: Bộ phận CSKH của DP GREEN-PHAR sẽ li&ecirc;n hệ với qu&yacute; kh&aacute;ch để x&aacute;c nhận th&ocirc;ng tin v&agrave; đơn h&agrave;ng, đủ điều kiện đơn h&agrave;ng sẽ được chuyển qua cho bộ phận giao h&agrave;ng<br />\r\nBước 5: Giao h&agrave;ng<br />\r\nBước 6: Kh&aacute;ch h&agrave;ng nhận h&agrave;ng.</p>\r\n\r\n<h2>10. Giải quyết tranh chấp</h2>\r\n\r\n<p>Bất kỳ tranh c&atilde;i, khiếu nại hoặc tranh chấp ph&aacute;t sinh từ hoặc li&ecirc;n quan đến giao dịch tại greenphar.com hoặc c&aacute;c Quy định v&agrave; Điều kiện n&agrave;y đều sẽ được giải quyết bằng h&igrave;nh thức thương lượng, h&ograve;a giải, trọng t&agrave;i v&agrave;/hoặc T&ograve;a &aacute;n theo Luật bảo vệ Người ti&ecirc;u d&ugrave;ng Chương 4 về Giải quyết tranh chấp giữa người ti&ecirc;u d&ugrave;ng v&agrave; tổ chức, c&aacute; nh&acirc;n kinh doanh h&agrave;ng h&oacute;a, dịch vụ.</p>\r\n\r\n<h2>11. Luật ph&aacute;p v&agrave; thẩm quyền tại L&atilde;nh thổ Việt Nam</h2>\r\n\r\n<p>Tất cả c&aacute;c Điều Khoản, Điều Kiện v&agrave; Hợp Đồng n&agrave;y (v&agrave; tất cả nghĩa vụ ph&aacute;t sinh ngo&agrave;i hợp đồng hoặc c&oacute; li&ecirc;n quan) sẽ bị chi phối v&agrave; được hiểu theo luật ph&aacute;p của Việt Nam. Nếu c&oacute; tranh chấp ph&aacute;t sinh bởi c&aacute;c Quy định Sử dụng n&agrave;y, qu&yacute; kh&aacute;ch h&agrave;ng c&oacute; quyền gửi khiếu nại/khiếu kiện l&ecirc;n T&ograve;a &aacute;n c&oacute; thẩm quyền tại Việt Nam để giải quyết.</p>\r\n', '', '', '', '', '', 0, 'dieu-khoan-su-dung', 'Điều khoản sử dụng', '', ''),
(56, 45, 'en', 'Điều khoản sử dụng', '', '<p>Nội dung&nbsp;Điều khoản sử dụng</p>\r\n', '', '', '', '', '', 0, 'dieu-khoan-su-dung', 'Điều khoản sử dụng', '', '');

-- --------------------------------------------------------

--
-- Table structure for table `product`
--

CREATE TABLE IF NOT EXISTS `product` (
  `product_id` int(11) NOT NULL,
  `product_name` text COLLATE utf8_unicode_ci,
  `product_des` text COLLATE utf8_unicode_ci,
  `product_des2` text COLLATE utf8_unicode_ci,
  `product_des3` text COLLATE utf8_unicode_ci,
  `product_content` text COLLATE utf8_unicode_ci,
  `product_content2` text COLLATE utf8_unicode_ci,
  `product_content3` text COLLATE utf8_unicode_ci,
  `product_price` float DEFAULT NULL,
  `product_price_sale` float DEFAULT NULL,
  `product_discount` float DEFAULT NULL,
  `product_img` text COLLATE utf8_unicode_ci,
  `product_sub_img` text COLLATE utf8_unicode_ci,
  `product_created_date` datetime DEFAULT NULL,
  `product_update_date` datetime DEFAULT NULL,
  `productcat_id` int(11) DEFAULT NULL,
  `product_hot` int(11) DEFAULT '0',
  `product_favorite` int(11) NOT NULL,
  `product_new` int(11) DEFAULT '0',
  `product_sale` int(11) DEFAULT '0',
  `product_code` text COLLATE utf8_unicode_ci,
  `product_original` text COLLATE utf8_unicode_ci,
  `product_size` text COLLATE utf8_unicode_ci,
  `product_package` text COLLATE utf8_unicode_ci,
  `product_delivery` text COLLATE utf8_unicode_ci,
  `product_delivery_time` text COLLATE utf8_unicode_ci,
  `product_payment` text COLLATE utf8_unicode_ci,
  `product_payment_type` text COLLATE utf8_unicode_ci,
  `product_sub_info1` text COLLATE utf8_unicode_ci,
  `product_sub_info2` text COLLATE utf8_unicode_ci,
  `product_sub_info3` text COLLATE utf8_unicode_ci,
  `product_sub_info4` text COLLATE utf8_unicode_ci,
  `product_sub_info5` text COLLATE utf8_unicode_ci,
  `state` int(11) NOT NULL DEFAULT '0',
  `title_seo` text COLLATE utf8_unicode_ci,
  `des_seo` text COLLATE utf8_unicode_ci,
  `friendly_url` text COLLATE utf8_unicode_ci,
  `keyword` text COLLATE utf8_unicode_ci,
  `created_id` int(11) DEFAULT NULL,
  `product_material` varchar(255) COLLATE utf8_unicode_ci DEFAULT NULL,
  `product_shape` varchar(255) COLLATE utf8_unicode_ci DEFAULT NULL,
  `product_expiration` varchar(255) COLLATE utf8_unicode_ci DEFAULT NULL,
  `product_producer` int(11) DEFAULT NULL,
  `product_review` text COLLATE utf8_unicode_ci,
  `productcat_ar` text COLLATE utf8_unicode_ci
) ENGINE=InnoDB AUTO_INCREMENT=69 DEFAULT CHARSET=utf8 COLLATE=utf8_unicode_ci;

--
-- Dumping data for table `product`
--

INSERT INTO `product` (`product_id`, `product_name`, `product_des`, `product_des2`, `product_des3`, `product_content`, `product_content2`, `product_content3`, `product_price`, `product_price_sale`, `product_discount`, `product_img`, `product_sub_img`, `product_created_date`, `product_update_date`, `productcat_id`, `product_hot`, `product_favorite`, `product_new`, `product_sale`, `product_code`, `product_original`, `product_size`, `product_package`, `product_delivery`, `product_delivery_time`, `product_payment`, `product_payment_type`, `product_sub_info1`, `product_sub_info2`, `product_sub_info3`, `product_sub_info4`, `product_sub_info5`, `state`, `title_seo`, `des_seo`, `friendly_url`, `keyword`, `created_id`, `product_material`, `product_shape`, `product_expiration`, `product_producer`, `product_review`, `productcat_ar`) VALUES
(55, 'Hút mũi NoseFrida', '<p>H&uacute;t mũi cao cấp NoseFrida - Gi&uacute;p con hết ngay sổ mũi, ngạt mũi, thở kh&ograve; kh&egrave;.</p>\r\n', '', '', '<p>Được sản xuất v&agrave; nhập khẩu từ Thụy Điển. NoseFrida ph&ograve;ng chữa mũi họng cho trẻ sơ sinh v&agrave; trẻ nhỏ rất an to&agrave;n v&agrave; hiệu quả.</p>\r\n\r\n<p>&nbsp;</p>\r\n', '', '', 390000, 0, 0, '14088613_977210655734061_5702991618485049262_n.jpg', '["{\\"image\\":\\"IMG_2050-350x466.jpg\\"}","{\\"image\\":\\"A\\\\u0309nh hi\\\\u00ea\\\\u0323n tra\\\\u0323ng 1 (6-18-2016 10-23 PM).png\\"}","{\\"image\\":\\"8652e9_963b8e9e946144c5a53f083dc7de60ad.jpg\\"}"]', '2018-03-28 13:03:01', '2018-09-15 10:09:26', 0, 1, 1, 0, 0, 'No0001', '', '', '', '', '', '', '', '', '', '', '', '', 0, 'Hút mũi NoseFrida', 'Hút mũi cao cấp NoseFrida - Phòng, chữa sổ mũi, ngạt mũi, thờ khò khè', 'hut-mui-nosefrida', 'chữa sổ mũi cho bé sơ sinh, bé sơ sinh thở khò khè, hút mũi, vệ sinh mũi cho bé', 1, '', '', 'NoseFrida', NULL, NULL, '142,124,124'),
(58, 'Bình rửa mũi Pari', '', '', '', '', '', '', 300000, 0, 0, '16996143_1213885515392078_4569815191140893620_n.jpg', '[]', '2018-09-15 11:09:02', NULL, 0, 1, 1, 0, 0, '', '', '', '', '', '', '', '', '', '', '', '', '', 0, 'Bình rửa mũi Pari', '', 'binh-rua-mui-pari', '', 1, '', '', '', NULL, NULL, '142,139,139'),
(59, 'Nước muối biển sâu NoseFrida', '', '', '', '', '', '', 160000, 0, 0, 'nosefrida-nf5-nosefrida-baby-nose-spray.jpg', '[]', '2018-09-15 11:09:57', NULL, 0, 0, 0, 0, 0, '', '', '', '', '', '', '', '', '', '', '', '', '', 0, 'Nước muối biển sâu NoseFrida', '', 'nuoc-muoi-bien-sau-nosefrida', '', 1, '', '', '', NULL, NULL, '142,124,124'),
(60, 'Hộp lọc khuẩn', '', '', '', '', '', '', 85000, 0, 0, 'hea60110_nosefrida_nasal_aspirator_hygiene_filters_20_2.jpg', '[]', '2018-09-15 11:09:46', '2018-09-15 11:09:05', 0, 0, 0, 0, 0, '', '', '', '', '', '', '', '', '', '', '', '', '', 0, 'Hộp lọc khuẩn', '', 'hop-loc-khuan', '', 1, '', '', '', NULL, NULL, '142,124,124'),
(61, 'Buồng hít định liều Vortex', '', '', '', '', '', '', 350000, 0, 0, 'vortex-smarttouch-pediatric-face-mask.jpg', '[]', '2018-09-15 11:09:57', NULL, 0, 0, 0, 0, 0, '', '', '', '', '', '', '', '', '', '', '', '', '', 0, 'Buồng hít định liều Vortex', '', 'buong-hit-dinh-lieu-vortex', '', 1, '', '', '', NULL, NULL, '144,139,139'),
(62, 'Bình ComboEZ 0.8L', '', '', '', '', '', '', 400000, 0, 0, 'Portable Vacuum Jar 009SH.jpg', '[]', '2018-09-15 11:09:44', NULL, 0, 0, 0, 0, 0, '', '', '', '', '', '', '', '', '', '', '', '', '', 0, 'Bình ComboEZ 0.8L', '', 'binh-comboez-08l', '', 1, '', '', '', NULL, NULL, '143,140,140'),
(63, 'Bình ComboEZ 1L', '', '', '', '', '', '', 490000, 0, 0, 'Portable Vacuum Jar 009MH.jpg', '[]', '2018-09-15 11:09:40', NULL, 0, 0, 0, 0, 0, '', '', '', '', '', '', '', '', '', '', '', '', '', 0, 'Bình ComboEZ 1L', '', 'binh-comboez-1l', '', 1, '', '', '', NULL, NULL, '143,140,140'),
(64, 'Bình ComboEZ 1.8L', '', '', '', '', '', '', 590000, 0, 0, 'Portable Vacuum Jar 009LH.jpg', '[]', '2018-09-15 11:09:36', NULL, 0, 0, 0, 0, 0, '', '', '', '', '', '', '', '', '', '', '', '', '', 0, 'Bình ComboEZ 1.8L', '', 'binh-comboez-18l', '', 1, '', '', '', NULL, NULL, '143,140,140'),
(65, 'Bình ComboEZ 2L', '', '', '', '', '', '', 500000, 0, 0, 'Classic Vacuum Canister 35.jpg', '[]', '2018-09-15 11:09:51', NULL, 0, 0, 0, 0, 0, '', '', '', '', '', '', '', '', '', '', '', '', '', 0, 'Bình ComboEZ 2L', '', 'binh-comboez-2l', '', 1, '', '', '', NULL, NULL, '143,140,140'),
(66, 'Bình ComboEZ 3.5L', '', '', '', '', '', '', 550000, 0, 0, 'Classic Vacuum Canister 2.jpg', '[]', '2018-09-15 11:09:41', NULL, 0, 0, 0, 0, 0, '', '', '', '', '', '', '', '', '', '', '', '', '', 0, 'Bình ComboEZ 3.5L', '', 'binh-comboez-35l', '', 1, '', '', '', NULL, NULL, '143,140,140'),
(67, 'Bình ComboEZ 5L', '', '', '', '', '', '', 600000, 0, 0, 'Classic Vacuum Canister 5.jpg', '[]', '2018-09-15 11:09:32', NULL, 0, 0, 0, 0, 0, '', '', '', '', '', '', '', '', '', '', '', '', '', 0, 'Bình ComboEZ 5L', '', 'binh-comboez-5l', '', 1, '', '', '', NULL, NULL, '143,140,140'),
(68, 'Bình ComboEZ 6.5L', '', '', '', '', '', '', 590000, 0, 0, 'Classic Vacuum Dome 6.jpg', '[]', '2018-09-15 11:09:43', NULL, 0, 0, 0, 0, 0, '', '', '', '', '', '', '', '', '', '', '', '', '', 0, 'Bình ComboEZ 6.5L', '', 'binh-comboez-65l', '', 1, '', '', '', NULL, NULL, '143,140,140');

-- --------------------------------------------------------

--
-- Table structure for table `productcat`
--

CREATE TABLE IF NOT EXISTS `productcat` (
  `productcat_id` int(11) NOT NULL,
  `productcat_name` text COLLATE utf8_unicode_ci,
  `productcat_des` text COLLATE utf8_unicode_ci,
  `productcat_content` text COLLATE utf8_unicode_ci,
  `productcat_parent` int(11) NOT NULL DEFAULT '0',
  `productcat_sort_order` int(11) NOT NULL DEFAULT '0',
  `productcat_img` text COLLATE utf8_unicode_ci,
  `productcat_created_date` datetime DEFAULT NULL,
  `productcat_update_date` datetime DEFAULT NULL,
  `productcat_sub_info1` text COLLATE utf8_unicode_ci,
  `productcat_sub_info2` text COLLATE utf8_unicode_ci,
  `productcat_sub_info3` text COLLATE utf8_unicode_ci,
  `productcat_sub_info4` text COLLATE utf8_unicode_ci,
  `productcat_sub_info5` text COLLATE utf8_unicode_ci,
  `state` int(11) NOT NULL DEFAULT '0',
  `title_seo` text COLLATE utf8_unicode_ci,
  `des_seo` text COLLATE utf8_unicode_ci,
  `friendly_url` text COLLATE utf8_unicode_ci,
  `keyword` text COLLATE utf8_unicode_ci,
  `created_id` int(11) DEFAULT NULL,
  `trademark_arr` text COLLATE utf8_unicode_ci NOT NULL
) ENGINE=InnoDB AUTO_INCREMENT=145 DEFAULT CHARSET=utf8 COLLATE=utf8_unicode_ci;

--
-- Dumping data for table `productcat`
--

INSERT INTO `productcat` (`productcat_id`, `productcat_name`, `productcat_des`, `productcat_content`, `productcat_parent`, `productcat_sort_order`, `productcat_img`, `productcat_created_date`, `productcat_update_date`, `productcat_sub_info1`, `productcat_sub_info2`, `productcat_sub_info3`, `productcat_sub_info4`, `productcat_sub_info5`, `state`, `title_seo`, `des_seo`, `friendly_url`, `keyword`, `created_id`, `trademark_arr`) VALUES
(124, 'NoseFrida', '<p>Thương hiệu đến từ Thụy Điển</p>\r\n', '', 0, 2, 'Untitled-3.png', '2018-09-15 10:09:16', NULL, '', '', '', '', '', 1, 'NoseFrida', '', 'nosefrida', 'hút mũi nosefrida', NULL, '104,'),
(139, 'PARI', '', '', 0, 1, NULL, '2018-09-15 10:09:59', NULL, '', '', '', '', '', 1, 'PARI', '', 'pari', '', 1, ''),
(140, 'ComboEZ', '<p>B&igrave;nh bảo quản thực phẩm ComboEZ - Bảo quản thực phẩm tươi l&acirc;u hơn. Giữ nguy&ecirc;n hương vị thực phẩm thơm ngon như l&uacute;c ban đầu.</p>\r\n', '<p><img alt="" height="450" src="/image/images/Vacuum%20Jar%20009MH-3.jpg" width="700" /></p>\r\n\r\n<p>-&nbsp;Tr&ecirc;n nắp b&igrave;nh/lồng&nbsp;sử dụng một bơm h&uacute;t ch&acirc;n kh&ocirc;ng tự động h&uacute;t sạch kh&ocirc;ng kh&iacute; b&ecirc;n trong&nbsp;ra ngo&agrave;i, tạo th&agrave;nh m&ocirc;i trường ch&acirc;n kh&ocirc;ng ngăn c&aacute;ch thực phẩm tiếp x&uacute;c trực tiếp với kh&ocirc;ng kh&iacute; v&agrave; hơi&nbsp;ẩm, vi khuẩn,&nbsp;nấm mốc. ComboEZ&nbsp;giữ cho thực phẩm kh&ocirc;ng bị mất chất, giữ tươi v&agrave; thơm ngon&nbsp;như l&uacute;c ban đầu.&nbsp;</p>\r\n\r\n<p>&nbsp;</p>\r\n\r\n<p>C&ocirc;ng dụng</p>\r\n\r\n<p>- K&eacute;o d&agrave;i thời gian bảo quản b&aacute;nh m&igrave;, b&aacute;nh ngọt l&ecirc;n gấp 2-3 lần m&agrave; vẫn giữ được chất lượng v&agrave; hương vị như l&uacute;c ban đầu. B&aacute;nh&nbsp;kh&ocirc;ng bị kh&ocirc;, kh&ocirc;ng bị mất đi hương vị như để ngo&agrave;i kh&ocirc;ng kh&iacute; hoặc cho v&agrave;o tủ lạnh.</p>\r\n\r\n<p>- Giữ c&aacute;c loại b&aacute;nh quy hoặc b&aacute;nh c&oacute; độ gi&ograve;n kh&ocirc;ng bị ỉu cho hấp thụ hơi nước.</p>\r\n\r\n<p>- Bảo quản ch&egrave; kh&ocirc;, c&agrave; ph&ecirc; kh&ocirc;ng bị mất hương vị.</p>\r\n\r\n<p>- Bảo quản c&aacute;c loại đồ kh&ocirc; kh&ocirc;ng bị ẩm,&nbsp;mốc v&oacute;n cục&nbsp;như sữa bột, ngũ cốc, bột ăn dặm...</p>\r\n\r\n<p>- Bảo quản giữ tươi rau quả, kh&ocirc;ng bị h&eacute;o v&agrave; oxy h&oacute;a.</p>\r\n\r\n<p>- Bảo quản nước &eacute;p tr&aacute;i c&acirc;y kh&ocirc;ng bị oxy h&oacute;a.</p>\r\n\r\n<p>- Ướp thực phẩm nhanh hơn, đều hơn&nbsp;gấp 3 lần so với th&ocirc;ng thường. Điều n&agrave;y l&agrave; do lực h&uacute;t ch&acirc;n kh&ocirc;ng t&aacute;c động l&ecirc;n thực phẩm b&ecirc;n trong v&agrave; k&eacute;o gi&atilde;n thực phẩm n&ecirc;n c&aacute;c loại nước sốt, gia vị sẽ ngấm nhanh hơn.</p>\r\n\r\n<p>- Giữ tươi c&aacute;c loại&nbsp;thực phẩm. nguy&ecirc;n liệu trong qu&aacute; tr&igrave;nh chế biến.</p>\r\n', 0, 0, 'Vacuum Jar 009SH-3.jpg', '2018-09-15 10:09:29', NULL, '', '', '', '', '', 1, 'ComboEZ', '', 'comboez', '', 1, ''),
(142, 'Mẹ và Bé', '', '', 0, 0, '', '2018-09-15 10:09:17', NULL, '', '', '', '', '', 1, 'Mẹ và Bé', '', 'me-va-be', '', 1, '102,103,104,'),
(143, 'Hàng Gia Dụng', '', '', 0, 0, '', '2018-09-15 10:09:01', NULL, '', '', '', '', '', 1, 'Hàng Gia Dụng', '', 'hang-gia-dung', '', 1, '102,'),
(144, 'Thiết bị y tế', '', '', 0, 0, '', '2018-09-15 10:09:03', NULL, '', '', '', '', '', 1, 'Thiết bị y tế', '', 'thiet-bi-y-te', '', 1, '105,');

-- --------------------------------------------------------

--
-- Table structure for table `productcat_languages`
--

CREATE TABLE IF NOT EXISTS `productcat_languages` (
  `id` bigint(20) NOT NULL,
  `productcat_id` int(11) DEFAULT NULL,
  `lang_productcat_name` text COLLATE utf8_unicode_ci,
  `languages_code` varchar(255) COLLATE utf8_unicode_ci DEFAULT NULL,
  `lang_productcat_des` text COLLATE utf8_unicode_ci,
  `lang_productcat_content` text COLLATE utf8_unicode_ci,
  `lang_productcat_sub_info1` text COLLATE utf8_unicode_ci,
  `lang_productcat_sub_info2` text COLLATE utf8_unicode_ci,
  `lang_productcat_sub_info3` text COLLATE utf8_unicode_ci,
  `lang_productcat_sub_info4` text COLLATE utf8_unicode_ci,
  `lang_productcat_sub_info5` text COLLATE utf8_unicode_ci,
  `edit_state` int(11) NOT NULL DEFAULT '0',
  `friendly_url` varchar(255) COLLATE utf8_unicode_ci DEFAULT NULL,
  `keyword` text COLLATE utf8_unicode_ci,
  `title_seo` varchar(255) COLLATE utf8_unicode_ci DEFAULT NULL,
  `des_seo` text COLLATE utf8_unicode_ci
) ENGINE=InnoDB AUTO_INCREMENT=275 DEFAULT CHARSET=utf8 COLLATE=utf8_unicode_ci;

--
-- Dumping data for table `productcat_languages`
--

INSERT INTO `productcat_languages` (`id`, `productcat_id`, `lang_productcat_name`, `languages_code`, `lang_productcat_des`, `lang_productcat_content`, `lang_productcat_sub_info1`, `lang_productcat_sub_info2`, `lang_productcat_sub_info3`, `lang_productcat_sub_info4`, `lang_productcat_sub_info5`, `edit_state`, `friendly_url`, `keyword`, `title_seo`, `des_seo`) VALUES
(233, 124, 'NoseFrida', 'vn', '<p>Thương hiệu đến từ Thụy Điển</p>\r\n', '', '', '', '', '', '', 0, 'nosefrida', 'hút mũi nosefrida', 'NoseFrida', ''),
(234, 124, 'Giấy Dán Tường', 'en', '<p>&nbsp;So s&aacute;nh tuổi thọ của sơn th&igrave;&nbsp;giấy d&aacute;n tường&nbsp;c&oacute; độ bền kh&ocirc;ng bằng nhưng&nbsp;giấy d&aacute;n tường h&agrave;n quốc&nbsp;lại gi&uacute;p bạn dễ d&agrave;ng tạo được một kh&ocirc;ng gian nhiều m&agrave;u sắc, h&igrave;nh khối như mong muốn, thi c&ocirc;ng nhanh ch&oacute;ng.</p>\r\n', '<p>&nbsp;So s&aacute;nh tuổi thọ của sơn th&igrave;&nbsp;giấy d&aacute;n tường&nbsp;c&oacute; độ bền kh&ocirc;ng bằng nhưng&nbsp;giấy d&aacute;n tường h&agrave;n quốc&nbsp;lại gi&uacute;p bạn dễ d&agrave;ng tạo được một kh&ocirc;ng gian nhiều m&agrave;u sắc, h&igrave;nh khối như mong muốn, thi c&ocirc;ng nhanh ch&oacute;ng.</p>\r\n', '', '', '', '', '', 0, 'giay-dan-tuong', 'Giấy Dán Tường', 'Giấy Dán Tường', ' So sánh tuổi thọ của sơn thì giấy dán tường có độ bền không bằng nhưng giấy dán tường hàn quốc lại giúp bạn dễ dàng tạo được một không gian nhiều màu sắc, hình khối như mong muốn, thi công nhanh chóng.'),
(263, 139, 'PARI', 'vn', '', '', '', '', '', '', '', 0, 'pari', '', 'PARI', ''),
(264, 139, ' Tại sao chọn American Skills', 'en', '', '', '', '', '', '', '', 0, 'tai-sao-chon-american-skills', '', ' Tại sao chọn American Skills', ''),
(265, 140, 'ComboEZ', 'vn', '<p>B&igrave;nh bảo quản thực phẩm ComboEZ - Bảo quản thực phẩm tươi l&acirc;u hơn. Giữ nguy&ecirc;n hương vị thực phẩm thơm ngon như l&uacute;c ban đầu.</p>\r\n', '<p><img alt="" height="450" src="/image/images/Vacuum%20Jar%20009MH-3.jpg" width="700" /></p>\r\n\r\n<p>-&nbsp;Tr&ecirc;n nắp b&igrave;nh/lồng&nbsp;sử dụng một bơm h&uacute;t ch&acirc;n kh&ocirc;ng tự động h&uacute;t sạch kh&ocirc;ng kh&iacute; b&ecirc;n trong&nbsp;ra ngo&agrave;i, tạo th&agrave;nh m&ocirc;i trường ch&acirc;n kh&ocirc;ng ngăn c&aacute;ch thực phẩm tiếp x&uacute;c trực tiếp với kh&ocirc;ng kh&iacute; v&agrave; hơi&nbsp;ẩm, vi khuẩn,&nbsp;nấm mốc. ComboEZ&nbsp;giữ cho thực phẩm kh&ocirc;ng bị mất chất, giữ tươi v&agrave; thơm ngon&nbsp;như l&uacute;c ban đầu.&nbsp;</p>\r\n\r\n<p>&nbsp;</p>\r\n\r\n<p>C&ocirc;ng dụng</p>\r\n\r\n<p>- K&eacute;o d&agrave;i thời gian bảo quản b&aacute;nh m&igrave;, b&aacute;nh ngọt l&ecirc;n gấp 2-3 lần m&agrave; vẫn giữ được chất lượng v&agrave; hương vị như l&uacute;c ban đầu. B&aacute;nh&nbsp;kh&ocirc;ng bị kh&ocirc;, kh&ocirc;ng bị mất đi hương vị như để ngo&agrave;i kh&ocirc;ng kh&iacute; hoặc cho v&agrave;o tủ lạnh.</p>\r\n\r\n<p>- Giữ c&aacute;c loại b&aacute;nh quy hoặc b&aacute;nh c&oacute; độ gi&ograve;n kh&ocirc;ng bị ỉu cho hấp thụ hơi nước.</p>\r\n\r\n<p>- Bảo quản ch&egrave; kh&ocirc;, c&agrave; ph&ecirc; kh&ocirc;ng bị mất hương vị.</p>\r\n\r\n<p>- Bảo quản c&aacute;c loại đồ kh&ocirc; kh&ocirc;ng bị ẩm,&nbsp;mốc v&oacute;n cục&nbsp;như sữa bột, ngũ cốc, bột ăn dặm...</p>\r\n\r\n<p>- Bảo quản giữ tươi rau quả, kh&ocirc;ng bị h&eacute;o v&agrave; oxy h&oacute;a.</p>\r\n\r\n<p>- Bảo quản nước &eacute;p tr&aacute;i c&acirc;y kh&ocirc;ng bị oxy h&oacute;a.</p>\r\n\r\n<p>- Ướp thực phẩm nhanh hơn, đều hơn&nbsp;gấp 3 lần so với th&ocirc;ng thường. Điều n&agrave;y l&agrave; do lực h&uacute;t ch&acirc;n kh&ocirc;ng t&aacute;c động l&ecirc;n thực phẩm b&ecirc;n trong v&agrave; k&eacute;o gi&atilde;n thực phẩm n&ecirc;n c&aacute;c loại nước sốt, gia vị sẽ ngấm nhanh hơn.</p>\r\n\r\n<p>- Giữ tươi c&aacute;c loại&nbsp;thực phẩm. nguy&ecirc;n liệu trong qu&aacute; tr&igrave;nh chế biến.</p>\r\n', '', '', '', '', '', 0, 'comboez', '', 'ComboEZ', ''),
(266, 140, 'Kết quả học tập của bé', 'en', '', '', '', '', '', '', '', 0, 'ket-qua-hoc-tap-cua-be', '', 'Kết quả học tập của bé', ''),
(269, 142, 'Mẹ và Bé', 'vn', '', '', '', '', '', '', '', 0, 'me-va-be', '', 'Mẹ và Bé', ''),
(270, 142, 'english version Mẹ và Bé', 'en', 'english version ', 'english version ', '', '', '', '', '', 0, 'en-me-va-be', '', 'Mẹ và Bé', ''),
(271, 143, 'Hàng Gia Dụng', 'vn', '', '', '', '', '', '', '', 0, 'hang-gia-dung', '', 'Hàng Gia Dụng', ''),
(272, 143, 'english version Hàng Gia Dụng', 'en', 'english version ', 'english version ', '', '', '', '', '', 0, 'en-hang-gia-dung', '', 'Hàng Gia Dụng', ''),
(273, 144, 'Thiết bị y tế', 'vn', '', '', '', '', '', '', '', 0, 'thiet-bi-y-te', '', 'Thiết bị y tế', ''),
(274, 144, 'english version Thiết bị y tế', 'en', 'english version ', 'english version ', '', '', '', '', '', 0, 'en-thiet-bi-y-te', '', 'Thiết bị y tế', '');

-- --------------------------------------------------------

--
-- Table structure for table `product_catalogs_file`
--

CREATE TABLE IF NOT EXISTS `product_catalogs_file` (
  `id` int(11) NOT NULL,
  `name` varchar(600) CHARACTER SET utf8 COLLATE utf8_unicode_ci NOT NULL
) ENGINE=InnoDB AUTO_INCREMENT=2 DEFAULT CHARSET=latin1;

--
-- Dumping data for table `product_catalogs_file`
--

INSERT INTO `product_catalogs_file` (`id`, `name`) VALUES
(1, 'tuan.pdf');

-- --------------------------------------------------------

--
-- Table structure for table `product_color`
--

CREATE TABLE IF NOT EXISTS `product_color` (
  `id` bigint(20) NOT NULL,
  `product_id` int(11) NOT NULL,
  `color` text COLLATE utf8_unicode_ci
) ENGINE=InnoDB DEFAULT CHARSET=utf8 COLLATE=utf8_unicode_ci;

-- --------------------------------------------------------

--
-- Table structure for table `product_languages`
--

CREATE TABLE IF NOT EXISTS `product_languages` (
  `id` bigint(20) NOT NULL,
  `product_id` int(11) DEFAULT NULL,
  `languages_code` varchar(255) COLLATE utf8_unicode_ci DEFAULT NULL,
  `lang_product_name` text COLLATE utf8_unicode_ci,
  `lang_product_des` text COLLATE utf8_unicode_ci,
  `lang_product_des2` text COLLATE utf8_unicode_ci,
  `lang_product_des3` text COLLATE utf8_unicode_ci,
  `lang_product_content` text COLLATE utf8_unicode_ci,
  `lang_product_content2` text COLLATE utf8_unicode_ci,
  `lang_product_content3` text COLLATE utf8_unicode_ci,
  `lang_product_code` text COLLATE utf8_unicode_ci,
  `lang_product_original` text COLLATE utf8_unicode_ci,
  `lang_product_size` text COLLATE utf8_unicode_ci,
  `lang_product_package` text COLLATE utf8_unicode_ci,
  `lang_product_delivery` text COLLATE utf8_unicode_ci,
  `lang_product_delivery_time` text COLLATE utf8_unicode_ci,
  `lang_product_payment` text COLLATE utf8_unicode_ci,
  `lang_product_payment_type` text COLLATE utf8_unicode_ci,
  `lang_product_sub_info1` text COLLATE utf8_unicode_ci,
  `lang_product_sub_info2` text COLLATE utf8_unicode_ci,
  `lang_product_sub_info3` text COLLATE utf8_unicode_ci,
  `lang_product_sub_info4` text COLLATE utf8_unicode_ci,
  `lang_product_sub_info5` text COLLATE utf8_unicode_ci,
  `edit_state` int(11) NOT NULL DEFAULT '0',
  `friendly_url` varchar(255) COLLATE utf8_unicode_ci DEFAULT NULL,
  `title_seo` varchar(255) COLLATE utf8_unicode_ci DEFAULT NULL,
  `des_seo` text COLLATE utf8_unicode_ci,
  `keyword` text COLLATE utf8_unicode_ci
) ENGINE=InnoDB AUTO_INCREMENT=125 DEFAULT CHARSET=utf8 COLLATE=utf8_unicode_ci;

--
-- Dumping data for table `product_languages`
--

INSERT INTO `product_languages` (`id`, `product_id`, `languages_code`, `lang_product_name`, `lang_product_des`, `lang_product_des2`, `lang_product_des3`, `lang_product_content`, `lang_product_content2`, `lang_product_content3`, `lang_product_code`, `lang_product_original`, `lang_product_size`, `lang_product_package`, `lang_product_delivery`, `lang_product_delivery_time`, `lang_product_payment`, `lang_product_payment_type`, `lang_product_sub_info1`, `lang_product_sub_info2`, `lang_product_sub_info3`, `lang_product_sub_info4`, `lang_product_sub_info5`, `edit_state`, `friendly_url`, `title_seo`, `des_seo`, `keyword`) VALUES
(97, 55, 'vn', 'Hút mũi NoseFrida', '<p>H&uacute;t mũi cao cấp NoseFrida - Gi&uacute;p con hết ngay sổ mũi, ngạt mũi, thở kh&ograve; kh&egrave;.</p>\r\n', '', '', '<p>Được sản xuất v&agrave; nhập khẩu từ Thụy Điển. NoseFrida ph&ograve;ng chữa mũi họng cho trẻ sơ sinh v&agrave; trẻ nhỏ rất an to&agrave;n v&agrave; hiệu quả.</p>\r\n\r\n<p>&nbsp;</p>\r\n', '', '', 'No0001', '', '', '', '', '', '', '', '', '', '', '', '', 0, 'hut-mui-nosefrida', 'Hút mũi NoseFrida', 'Hút mũi cao cấp NoseFrida - Phòng, chữa sổ mũi, ngạt mũi, thờ khò khè', 'chữa sổ mũi cho bé sơ sinh, bé sơ sinh thở khò khè, hút mũi, vệ sinh mũi cho bé'),
(98, 55, 'en', 'Cơ sở vật chất hiện đại', '<p>- Với một khoản chi ph&iacute; nhỏ h&agrave;ng th&aacute;ng, ch&uacute;ng t&ocirc;i sẽ cung cấp cho Bạn một dịch vụ chất lượng.<br />\r\n- Mọi chi ph&iacute; đều được thể hiện r&otilde; r&agrave;ng trong hợp đồng.<br />\r\n- Cam kết ho&agrave;n tiền: Sau 30 ng&agrave;y kể từ ng&agrave;y k&yacute; hợp đồng dịch vụ kế to&aacute;n thuế, nếu Bạn kh&ocirc;ng h&agrave;i l&ograve;ng về dịch vụ, Nguy&ecirc;n Anh cam kết ho&agrave;n tiền 100%.</p>\r\n', '', '', '', '', '', '', '', '', '', '', '', '', '', '', '', '', '', '', 0, 'co-so-vat-chat-hien-dai', 'Cơ sở vật chất hiện đại', '', ''),
(103, 58, 'vn', 'Bình rửa mũi Pari', '', '', '', '', '', '', '', '', '', '', '', '', '', '', '', '', '', '', '', 0, 'binh-rua-mui-pari', 'Bình rửa mũi Pari', '', ''),
(104, 58, 'en', 'english version Bình rửa mũi Pari', 'english version ', '', '', 'english version ', '', '', '', '', '', '', '', '', '', '', '', '', '', '', '', 0, 'en-binh-rua-mui-pari', 'Bình rửa mũi Pari', '', ''),
(105, 59, 'vn', 'Nước muối biển sâu NoseFrida', '', '', '', '', '', '', '', '', '', '', '', '', '', '', '', '', '', '', '', 0, 'nuoc-muoi-bien-sau-nosefrida', 'Nước muối biển sâu NoseFrida', '', ''),
(106, 59, 'en', 'english version Nước muối biển sâu NoseFrida', 'english version ', '', '', 'english version ', '', '', '', '', '', '', '', '', '', '', '', '', '', '', '', 0, 'en-nuoc-muoi-bien-sau-nosefrida', 'Nước muối biển sâu NoseFrida', '', ''),
(107, 60, 'vn', 'Hộp lọc khuẩn', '', '', '', '', '', '', '', '', '', '', '', '', '', '', '', '', '', '', '', 0, 'hop-loc-khuan', 'Hộp lọc khuẩn', '', ''),
(108, 60, 'en', 'english version Hộp lọc khuẩn', 'english version ', '', '', 'english version ', '', '', '', '', '', '', '', '', '', '', '', '', '', '', '', 0, 'en-hop-loc-khuan', 'Hộp lọc khuẩn', '', ''),
(109, 61, 'vn', 'Buồng hít định liều Vortex', '', '', '', '', '', '', '', '', '', '', '', '', '', '', '', '', '', '', '', 0, 'buong-hit-dinh-lieu-vortex', 'Buồng hít định liều Vortex', '', ''),
(110, 61, 'en', 'english version Buồng hít định liều Vortex', 'english version ', '', '', 'english version ', '', '', '', '', '', '', '', '', '', '', '', '', '', '', '', 0, 'en-buong-hit-dinh-lieu-vortex', 'Buồng hít định liều Vortex', '', ''),
(111, 62, 'vn', 'Bình ComboEZ 0.8L', '', '', '', '', '', '', '', '', '', '', '', '', '', '', '', '', '', '', '', 0, 'binh-comboez-08l', 'Bình ComboEZ 0.8L', '', ''),
(112, 62, 'en', 'english version Bình ComboEZ 0.8L', 'english version ', '', '', 'english version ', '', '', '', '', '', '', '', '', '', '', '', '', '', '', '', 0, 'en-binh-comboez-08l', 'Bình ComboEZ 0.8L', '', ''),
(113, 63, 'vn', 'Bình ComboEZ 1L', '', '', '', '', '', '', '', '', '', '', '', '', '', '', '', '', '', '', '', 0, 'binh-comboez-1l', 'Bình ComboEZ 1L', '', ''),
(114, 63, 'en', 'english version Bình ComboEZ 1L', 'english version ', '', '', 'english version ', '', '', '', '', '', '', '', '', '', '', '', '', '', '', '', 0, 'en-binh-comboez-1l', 'Bình ComboEZ 1L', '', ''),
(115, 64, 'vn', 'Bình ComboEZ 1.8L', '', '', '', '', '', '', '', '', '', '', '', '', '', '', '', '', '', '', '', 0, 'binh-comboez-18l', 'Bình ComboEZ 1.8L', '', ''),
(116, 64, 'en', 'english version Bình ComboEZ 1.8L', 'english version ', '', '', 'english version ', '', '', '', '', '', '', '', '', '', '', '', '', '', '', '', 0, 'en-binh-comboez-18l', 'Bình ComboEZ 1.8L', '', ''),
(117, 65, 'vn', 'Bình ComboEZ 2L', '', '', '', '', '', '', '', '', '', '', '', '', '', '', '', '', '', '', '', 0, 'binh-comboez-2l', 'Bình ComboEZ 2L', '', ''),
(118, 65, 'en', 'english version Bình ComboEZ 2L', 'english version ', '', '', 'english version ', '', '', '', '', '', '', '', '', '', '', '', '', '', '', '', 0, 'en-binh-comboez-2l', 'Bình ComboEZ 2L', '', ''),
(119, 66, 'vn', 'Bình ComboEZ 3.5L', '', '', '', '', '', '', '', '', '', '', '', '', '', '', '', '', '', '', '', 0, 'binh-comboez-35l', 'Bình ComboEZ 3.5L', '', ''),
(120, 66, 'en', 'english version Bình ComboEZ 3.5L', 'english version ', '', '', 'english version ', '', '', '', '', '', '', '', '', '', '', '', '', '', '', '', 0, 'en-binh-comboez-35l', 'Bình ComboEZ 3.5L', '', ''),
(121, 67, 'vn', 'Bình ComboEZ 5L', '', '', '', '', '', '', '', '', '', '', '', '', '', '', '', '', '', '', '', 0, 'binh-comboez-5l', 'Bình ComboEZ 5L', '', ''),
(122, 67, 'en', 'english version Bình ComboEZ 5L', 'english version ', '', '', 'english version ', '', '', '', '', '', '', '', '', '', '', '', '', '', '', '', 0, 'en-binh-comboez-5l', 'Bình ComboEZ 5L', '', ''),
(123, 68, 'vn', 'Bình ComboEZ 6.5L', '', '', '', '', '', '', '', '', '', '', '', '', '', '', '', '', '', '', '', 0, 'binh-comboez-65l', 'Bình ComboEZ 6.5L', '', ''),
(124, 68, 'en', 'english version Bình ComboEZ 6.5L', 'english version ', '', '', 'english version ', '', '', '', '', '', '', '', '', '', '', '', '', '', '', '', 0, 'en-binh-comboez-65l', 'Bình ComboEZ 6.5L', '', '');

-- --------------------------------------------------------

--
-- Table structure for table `product_producer`
--

CREATE TABLE IF NOT EXISTS `product_producer` (
  `producer_id` int(11) NOT NULL,
  `producer_name` varchar(255) COLLATE utf8_unicode_ci DEFAULT NULL,
  `producer_sort_order` int(11) DEFAULT NULL,
  `producer_parent` int(11) DEFAULT NULL,
  `state` int(11) DEFAULT '1'
) ENGINE=InnoDB AUTO_INCREMENT=11 DEFAULT CHARSET=utf8 COLLATE=utf8_unicode_ci;

--
-- Dumping data for table `product_producer`
--

INSERT INTO `product_producer` (`producer_id`, `producer_name`, `producer_sort_order`, `producer_parent`, `state`) VALUES
(3, 'Donaldson', 1, 0, 1),
(4, 'Komatsu', 2, 0, 1),
(5, 'Fleetguard', 3, 0, 1),
(6, 'Badwin', 4, 0, 1),
(7, 'Huyndai-Mobis', 5, 0, 1),
(8, 'Sakura', 6, 0, 1),
(9, 'Kobelco', 7, 0, 1),
(10, 'Hãng khác', 8, 0, 1);

-- --------------------------------------------------------

--
-- Table structure for table `product_producer_languages`
--

CREATE TABLE IF NOT EXISTS `product_producer_languages` (
  `id` int(11) NOT NULL,
  `languages_code` varchar(255) COLLATE utf8_unicode_ci DEFAULT NULL,
  `lang_producer_name` varchar(255) COLLATE utf8_unicode_ci DEFAULT NULL,
  `producer_id` int(11) NOT NULL,
  `friendly_url` varchar(255) COLLATE utf8_unicode_ci DEFAULT NULL
) ENGINE=InnoDB AUTO_INCREMENT=50 DEFAULT CHARSET=utf8 COLLATE=utf8_unicode_ci;

--
-- Dumping data for table `product_producer_languages`
--

INSERT INTO `product_producer_languages` (`id`, `languages_code`, `lang_producer_name`, `producer_id`, `friendly_url`) VALUES
(34, 'vn', 'Donaldson', 3, 'donaldson'),
(35, 'en', 'Donaldson', 3, 'donaldson'),
(36, 'vn', 'Komatsu', 4, 'komatsu'),
(37, 'en', 'Komatsu', 4, 'komatsu'),
(38, 'vn', 'Fleetguard', 5, 'fleetguard'),
(39, 'en', 'Fleetguard', 5, 'fleetguard'),
(40, 'vn', 'Badwin', 6, 'badwin'),
(41, 'en', 'Badwin', 6, 'badwin'),
(42, 'vn', 'Huyndai-Mobis', 7, 'huyndai-mobis'),
(43, 'en', 'Huyndai-Mobis', 7, 'huyndai-mobis'),
(44, 'vn', 'Sakura', 8, 'sakura'),
(45, 'en', 'Sakura', 8, 'sakura'),
(46, 'vn', 'Kobelco', 9, 'kobelco'),
(47, 'en', 'Kobelco', 9, 'kobelco'),
(48, 'vn', 'Hãng khác', 10, 'hang-khac'),
(49, 'en', 'Hãng khác', 10, 'hang-khac');

-- --------------------------------------------------------

--
-- Table structure for table `pro_color`
--

CREATE TABLE IF NOT EXISTS `pro_color` (
  `id` int(11) NOT NULL,
  `color` text COLLATE utf8_unicode_ci,
  `id_product` int(11) NOT NULL
) ENGINE=InnoDB DEFAULT CHARSET=utf8 COLLATE=utf8_unicode_ci;

-- --------------------------------------------------------

--
-- Table structure for table `regInfor`
--

CREATE TABLE IF NOT EXISTS `regInfor` (
  `regInfor_id` int(11) NOT NULL,
  `regInfor_name` varchar(255) COLLATE utf8_unicode_ci DEFAULT NULL,
  `regInfor_phone` varchar(255) COLLATE utf8_unicode_ci DEFAULT NULL,
  `regInfor_mail` varchar(255) COLLATE utf8_unicode_ci DEFAULT NULL,
  `regInfor_address` varchar(255) COLLATE utf8_unicode_ci DEFAULT NULL,
  `regInfor_wasBorn` int(11) DEFAULT NULL,
  `regInfor_code` varchar(255) COLLATE utf8_unicode_ci DEFAULT NULL,
  `regInfor_state` int(11) DEFAULT '1',
  `regInfor_createdDate` date DEFAULT NULL,
  `regInfor_answer1` int(11) DEFAULT '1',
  `regInfor_answer2` int(11) DEFAULT '1',
  `regInfor_answer3` int(11) DEFAULT '1',
  `regInfor_answer4` int(11) DEFAULT '1',
  `regInfor_answer5` int(11) DEFAULT '1',
  `regInfor_answer6` int(11) DEFAULT '1',
  `regInfor_answer7` int(11) DEFAULT '1',
  `regInfor_answer8` int(11) DEFAULT '1',
  `regInfor_answer9` int(11) DEFAULT '1',
  `regInfor_sex` varchar(255) COLLATE utf8_unicode_ci DEFAULT NULL
) ENGINE=InnoDB AUTO_INCREMENT=61 DEFAULT CHARSET=utf8 COLLATE=utf8_unicode_ci;

--
-- Dumping data for table `regInfor`
--

INSERT INTO `regInfor` (`regInfor_id`, `regInfor_name`, `regInfor_phone`, `regInfor_mail`, `regInfor_address`, `regInfor_wasBorn`, `regInfor_code`, `regInfor_state`, `regInfor_createdDate`, `regInfor_answer1`, `regInfor_answer2`, `regInfor_answer3`, `regInfor_answer4`, `regInfor_answer5`, `regInfor_answer6`, `regInfor_answer7`, `regInfor_answer8`, `regInfor_answer9`, `regInfor_sex`) VALUES
(25, 'fgsf', '0967878', NULL, NULL, 0, NULL, 1, '2017-06-21', 1, 1, 1, 1, 1, 1, 1, 1, 1, 'nam'),
(26, 'th', '0967878', NULL, NULL, 0, NULL, 1, '2017-06-21', 1, 1, 1, 1, 1, 1, 1, 1, 1, 'nam'),
(31, 'thuyhang', '0967878', NULL, NULL, 0, NULL, 1, '2017-06-21', 1, 1, 1, 1, 1, 1, 1, 1, 1, 'nam'),
(32, 'thuyhang2', '0967878', NULL, NULL, 1955, NULL, 1, '2017-06-21', 1, 1, 1, 1, 1, 1, 1, 1, 2, 'nữ'),
(34, 'thdfghgfh', 'dfasdfas', NULL, NULL, 1940, NULL, 1, '2017-06-21', 1, 1, 1, 1, 1, 1, 2, 1, 1, 'nam'),
(35, NULL, NULL, NULL, NULL, NULL, NULL, 1, NULL, 1, 1, 1, 1, 1, 1, 1, 1, 1, NULL),
(36, NULL, NULL, NULL, NULL, NULL, NULL, 1, NULL, 1, 1, 1, 1, 1, 1, 1, 1, 1, NULL),
(37, 'hh', '01669745858', NULL, NULL, 1940, NULL, 1, '2017-06-22', 1, 1, 1, 1, 1, 1, 1, 1, 1, 'nam'),
(38, '', '01669745858', NULL, NULL, 1982, NULL, 1, '2017-06-22', 1, 1, 1, 1, 1, 1, 1, 1, 1, 'nam'),
(39, 'hsdfansdf', '0967878', NULL, NULL, 1940, NULL, 1, '2017-06-22', 1, 1, 1, 1, 1, 1, 1, 1, 1, 'nam'),
(40, '', 'dsfdsfsfs', NULL, NULL, 1940, NULL, 1, '2017-06-22', 1, 1, 1, 1, 1, 1, 1, 1, 1, 'nam'),
(41, NULL, NULL, NULL, NULL, NULL, NULL, 1, NULL, 1, 1, 1, 1, 1, 1, 1, 1, 1, NULL),
(42, NULL, NULL, NULL, NULL, NULL, NULL, 1, NULL, 1, 1, 1, 1, 1, 1, 1, 1, 1, NULL),
(43, NULL, NULL, NULL, NULL, NULL, NULL, 1, NULL, 1, 1, 1, 1, 1, 1, 1, 1, 1, NULL),
(44, NULL, NULL, NULL, NULL, NULL, NULL, 1, NULL, 1, 1, 1, 1, 1, 1, 1, 1, 1, NULL),
(45, NULL, NULL, NULL, NULL, NULL, NULL, 1, NULL, 1, 1, 1, 1, 1, 1, 1, 1, 1, NULL),
(46, '', '01669745858', NULL, NULL, 1940, NULL, 1, '2017-06-27', 1, 1, 1, 1, 1, 1, 1, 1, 1, 'nam'),
(47, NULL, NULL, NULL, NULL, NULL, NULL, 1, NULL, 1, 1, 1, 1, 1, 1, 1, 1, 1, NULL),
(48, NULL, NULL, NULL, NULL, NULL, NULL, 1, NULL, 1, 1, 1, 1, 1, 1, 1, 1, 1, NULL),
(49, NULL, NULL, NULL, NULL, NULL, NULL, 1, NULL, 1, 1, 1, 1, 1, 1, 1, 1, 1, NULL),
(50, NULL, NULL, NULL, NULL, NULL, NULL, 1, NULL, 1, 1, 1, 1, 1, 1, 1, 1, 1, NULL),
(51, NULL, NULL, NULL, NULL, NULL, NULL, 1, NULL, 1, 1, 1, 1, 1, 1, 1, 1, 1, NULL),
(52, NULL, NULL, NULL, NULL, NULL, NULL, 1, NULL, 1, 1, 1, 1, 1, 1, 1, 1, 1, NULL),
(53, 'erte', '5657', NULL, NULL, 2345, NULL, 1, '2017-07-10', 1, 1, 1, 1, 1, 1, 1, 1, 1, '4'),
(54, '', '', NULL, NULL, 0, NULL, 1, '2017-07-10', 1, 1, 1, 1, 1, 1, 1, 1, 1, '0'),
(55, 'dryrs', '3426546', NULL, NULL, 25346, NULL, 1, '2017-07-10', 1, 1, 1, 1, 1, 1, 1, 1, 1, '1'),
(56, 'hangpt', '0973378669', NULL, NULL, 1989, NULL, 1, '2017-07-10', 1, 1, 1, 1, 1, 1, 1, 1, 1, '4'),
(57, 'fhgh', 'fhfhfh', NULL, NULL, 0, NULL, 1, '2017-07-15', 1, 1, 1, 1, 1, 1, 1, 1, 1, '3'),
(58, 'tgsdfg', '', NULL, NULL, 0, NULL, 1, '2017-07-16', 1, 1, 1, 1, 1, 1, 1, 1, 1, '0'),
(59, 'zxcv', 'sdf', NULL, NULL, 0, NULL, 1, '2017-07-16', 1, 1, 1, 1, 1, 1, 1, 1, 1, '0'),
(60, 'xzc', '35345', NULL, NULL, 0, NULL, 1, '2017-07-16', 1, 1, 1, 1, 1, 1, 1, 1, 1, '1');

-- --------------------------------------------------------

--
-- Table structure for table `regMember`
--

CREATE TABLE IF NOT EXISTS `regMember` (
  `regMember_id` int(11) NOT NULL,
  `regMember_mail` varchar(255) COLLATE utf8_unicode_ci DEFAULT NULL,
  `regMember_createdDate` date DEFAULT NULL
) ENGINE=InnoDB AUTO_INCREMENT=14 DEFAULT CHARSET=utf8 COLLATE=utf8_unicode_ci;

--
-- Dumping data for table `regMember`
--

INSERT INTO `regMember` (`regMember_id`, `regMember_mail`, `regMember_createdDate`) VALUES
(11, 'ádgf', '2017-07-16'),
(12, 'xvdfg', '2017-07-16'),
(13, '', '2017-07-30');

-- --------------------------------------------------------

--
-- Table structure for table `sale`
--

CREATE TABLE IF NOT EXISTS `sale` (
  `sale_id` int(11) NOT NULL,
  `sale_name` text COLLATE utf8_unicode_ci,
  `sale_code` text COLLATE utf8_unicode_ci,
  `sale_total_count` int(11) DEFAULT NULL,
  `sale_type` int(11) DEFAULT NULL,
  `sale_value` float DEFAULT NULL,
  `sale_apply` int(11) DEFAULT NULL,
  `productcat_id` int(11) DEFAULT NULL,
  `product_id` int(11) DEFAULT NULL,
  `sale_start_date` datetime DEFAULT NULL,
  `sale_end_date` datetime DEFAULT NULL,
  `state` int(11) NOT NULL DEFAULT '0'
) ENGINE=InnoDB DEFAULT CHARSET=utf8 COLLATE=utf8_unicode_ci;

-- --------------------------------------------------------

--
-- Table structure for table `service`
--

CREATE TABLE IF NOT EXISTS `service` (
  `service_id` int(11) NOT NULL,
  `service_name` varchar(255) COLLATE utf8_unicode_ci DEFAULT NULL,
  `service_des` text COLLATE utf8_unicode_ci,
  `service_content` text COLLATE utf8_unicode_ci,
  `service_img` varchar(255) COLLATE utf8_unicode_ci DEFAULT NULL,
  `service_views` varchar(255) COLLATE utf8_unicode_ci DEFAULT NULL,
  `servicecat_id` int(11) DEFAULT NULL,
  `service_author` varchar(255) COLLATE utf8_unicode_ci DEFAULT NULL,
  `service_create_date` date DEFAULT NULL,
  `service_update_date` date DEFAULT NULL,
  `state` int(11) DEFAULT '1',
  `service_sub_infor1` text COLLATE utf8_unicode_ci,
  `service_sub_infor2` text COLLATE utf8_unicode_ci,
  `service_sub_infor3` text COLLATE utf8_unicode_ci,
  `service_sub_infor4` text COLLATE utf8_unicode_ci,
  `service_sub_infor5` text COLLATE utf8_unicode_ci,
  `title_seo` varchar(255) COLLATE utf8_unicode_ci DEFAULT NULL,
  `des_seo` text COLLATE utf8_unicode_ci,
  `friendly_url` varchar(255) COLLATE utf8_unicode_ci DEFAULT NULL,
  `keyword` varchar(255) COLLATE utf8_unicode_ci DEFAULT NULL,
  `created_id` int(11) DEFAULT NULL
) ENGINE=InnoDB AUTO_INCREMENT=71 DEFAULT CHARSET=utf8 COLLATE=utf8_unicode_ci;

--
-- Dumping data for table `service`
--

INSERT INTO `service` (`service_id`, `service_name`, `service_des`, `service_content`, `service_img`, `service_views`, `servicecat_id`, `service_author`, `service_create_date`, `service_update_date`, `state`, `service_sub_infor1`, `service_sub_infor2`, `service_sub_infor3`, `service_sub_infor4`, `service_sub_infor5`, `title_seo`, `des_seo`, `friendly_url`, `keyword`, `created_id`) VALUES
(64, 'TRUNG TÂM ANH NGỮ AMES TUYỂN DỤNG CHUYÊN VIÊN PHÁT TRIỂN HỌC LIỆU', 'Với dịch vụ quyết toán thuế - giải thể doanh nghiệp giá rẻ, nhanh chóng Nguyên Anh, chúng tôi sẽ giúp bạn giải quyết mọi vấn đề một cách chuyên nghiệp và hiệu quả nhất.', '<p><strong>Vị tr&iacute; tuyển dụng:&nbsp;</strong>Chuy&ecirc;n vi&ecirc;n ph&aacute;t triển học liệu (full time)</p>\r\n\r\n<p><strong>Số lượng:&nbsp;</strong>02</p>\r\n\r\n<p><strong>Thời gian l&agrave;m việc:&nbsp;&nbsp;</strong>Giờ h&agrave;nh ch&iacute;nh từ thứ 2 đến thứ 7</p>\r\n\r\n<p><strong>Địa điểm l&agrave;m việc:&nbsp;</strong>Trung t&acirc;m Ames - 152 Ph&oacute; Đức Ch&iacute;nh, Ba Đ&igrave;nh, H&agrave; Nội</p>\r\n\r\n<p><strong>I. M&ocirc; tả c&ocirc;ng việc</strong></p>\r\n\r\n<p>- Nghi&ecirc;n cứu v&agrave; thiết kế c&aacute;c chương tr&igrave;nh giảng dạy Tiếng Anh cho trẻ em, tiếng Anh luyện thi chứng chỉ quốc tế IELTS/TOEFL/TOEIC</p>\r\n\r\n<p>- Thiết kế, soạn thảo v&agrave; kiểm tra nội dung gi&aacute;o &aacute;n, c&ocirc;ng cụ giảng dạy dựa tr&ecirc;n nội dung s&aacute;ch gi&aacute;o tr&igrave;nh sẵn c&oacute; (lộ tr&igrave;nh học, Slides b&agrave;i giảng, s&aacute;ch, lesson plan &hellip;)</p>\r\n\r\n<p><strong>II. Y&ecirc;u cầu</strong></p>\r\n\r\n<p>- Tốt nghiệp Đại học, ưu ti&ecirc;n c&aacute;c chuy&ecirc;n ng&agrave;nh Tiếng Anh (Sư phạm Ngoại ngữ, Đại học H&agrave; Nội, Ngoại Thương, Ngoại Giao), c&oacute; chứng chỉ IELTS từ 7.0, TOEIC từ 800 trở l&ecirc;n hoặc c&aacute;c bằng cấp tương tự (C1 CEFR) l&agrave; một lợi thế.</p>\r\n\r\n<p>- Ưu ti&ecirc;n ứng vi&ecirc;n c&oacute; kinh nghiệm trong lĩnh vực đ&agrave;o tạo, thẩm định, bi&ecirc;n soạn/x&acirc;y dựng c&aacute;c bộ gi&aacute;o tr&igrave;nh, học liệu trong giảng dạy tiếng Anh.</p>\r\n\r\n<p>- C&oacute; khả năng tổng hợp, ph&acirc;n t&iacute;ch th&ocirc;ng tin tốt, s&aacute;ng tạo v&agrave; nhiều &yacute; tưởng.</p>\r\n\r\n<p>- C&oacute; khả năng tự quản l&yacute; c&ocirc;ng việc v&agrave; l&agrave;m việc nh&oacute;m tốt.</p>\r\n\r\n<p>- C&oacute; khả năng sử dụng tin học văn ph&ograve;ng v&agrave; khai th&aacute;c th&ocirc;ng tin, t&agrave;i liệu từ Internet.</p>\r\n\r\n<p><strong>III. Quyền lợi</strong></p>\r\n\r\n<p>- Lương, thưởng cạnh tranh tr&ecirc;n thị trường.</p>\r\n\r\n<p>- Đ&oacute;ng BHXH, BHYT theo quy định của ph&aacute;p luật. Chế độ nghỉ lễ Tết, được tham gia c&aacute;c hoạt động team buidling v&agrave; sự kiện lớn trong năm.</p>\r\n\r\n<p>- Được l&agrave;m việc trong m&ocirc;i trường năng động, trẻ trung, đầy nhiệt huyết.</p>\r\n\r\n<p>- Cơ hội thăng tiến, ph&aacute;t triển cao.</p>\r\n\r\n<p>- Được đ&agrave;o tạo v&agrave; hướng dẫn nghiệp vụ để đ&aacute;p ứng y&ecirc;u cầu của c&ocirc;ng việc.</p>\r\n\r\n<p><strong>Ứng vi&ecirc;n quan t&acirc;m, vui l&ograve;ng gửi CV v&agrave;o địa chỉ mail:&nbsp;</strong><a href="mailto:anhttm@ames.edu.vn"><strong>hr@ames.edu.vn</strong></a><strong>&nbsp;HOẶC nộp trực tiếp tại 96 L&ograve; Đ&uacute;c, Hai B&agrave; Trưng, H&agrave; Nội.</strong></p>\r\n\r\n<p><strong>Li&ecirc;n hệ: 0934599894 (Ms. Mai Anh)</strong></p>\r\n', 'thong-tin-tuyen-dung1.jpg', '0', 3, '', '2017-12-21', '2018-03-27', 1, NULL, NULL, NULL, NULL, NULL, 'TRUNG TÂM ANH NGỮ AMES TUYỂN DỤNG CHUYÊN VIÊN PHÁT TRIỂN HỌC LIỆU', 'Với dịch vụ quyết toán thuế - giải thể doanh nghiệp giá rẻ, nhanh chóng Nguyên Anh, chúng tôi sẽ giúp bạn giải quyết mọi vấn đề một cách chuyên nghiệp và hiệu quả nhất.', 'trung-tam-anh-ngu-ames-tuyen-dung-chuyen-vien-phat-trien-hoc-lieu', 'Quyết toán thuế', 1),
(65, 'Thông tin tuyển dụng Ames Đà Nẵng tháng 9/2017', 'Hãy lựa chọn ngay dịch vụ Hoàn thiện sổ sách cho doanh nghiệp tại Nguyên Anh để được hỗ trợ và giải quyết mọi vấn đề mà bạn đang băn khoăn ngay hôm nay.', '<p><strong>Vị tr&iacute; tuyển dụng: Gi&aacute;o vi&ecirc;n Tiếng Anh (full time)</strong></p>\r\n\r\n<p><strong>Số lượng:</strong>&nbsp;<strong>02</strong></p>\r\n\r\n<p><strong>Địa điểm l&agrave;m việc: 36 Y&ecirc;n B&aacute;i, Hải Ch&acirc;u, Đ&agrave; Nẵng</strong></p>\r\n\r\n<p><strong>I. M&ocirc; tả c&ocirc;ng việc, tr&aacute;ch nhiệm:&nbsp;&nbsp;&nbsp;&nbsp;&nbsp;&nbsp;&nbsp;&nbsp;&nbsp;&nbsp;&nbsp;&nbsp;&nbsp;&nbsp;&nbsp;&nbsp;&nbsp;&nbsp;&nbsp;&nbsp;&nbsp;&nbsp;&nbsp;</strong></p>\r\n\r\n<p>- Giảng b&agrave;i, giao b&agrave;i, chấm b&agrave;i v&agrave; chữa b&agrave;i cho học vi&ecirc;n theo m&ocirc; h&igrave;nh học linh động</p>\r\n\r\n<p>- Theo d&otilde;i, chăm s&oacute;c học vi&ecirc;n, tư vấn cho học vi&ecirc;n phương ph&aacute;p học tập hiệu quả.</p>\r\n\r\n<p>- Phối hợp với gi&aacute;o vi&ecirc;n nước ngo&agrave;i trong qu&aacute; tr&igrave;nh giảng b&agrave;i cho học vi&ecirc;n.</p>\r\n\r\n<p>- Theo d&otilde;i hồ sơ của học vi&ecirc;n, nhập th&ocirc;ng tin học vi&ecirc;n v&agrave; t&igrave;nh h&igrave;nh học tập v&agrave;o phần mềm quản l&yacute;.</p>\r\n\r\n<p>- Theo d&otilde;i, bảo quản cơ sở vật chất trong văn ph&ograve;ng bao gồm t&agrave;i liệu học, b&agrave;i l&agrave;m của học vi&ecirc;n, văn ph&ograve;ng phẩm, v&agrave; c&aacute;c thiết bị điện tử kh&aacute;c.</p>\r\n\r\n<p>- Chuẩn bị t&agrave;i liệu học, hồ sơ học vi&ecirc;n v&agrave; thực hiện c&aacute;c c&ocirc;ng việc h&agrave;nh ch&iacute;nh kh&aacute;c của ph&ograve;ng.</p>\r\n\r\n<p><strong>II. Y&ecirc;u cầu:</strong></p>\r\n\r\n<p>- Tốt nghiệp Đại học chuy&ecirc;n ng&agrave;nh tiếng Anh/sư phạm tiếng Anh</p>\r\n\r\n<p>- Ưu ti&ecirc;n c&oacute; kinh nghiệm giảng dạy 01 năm hoặc đ&atilde; c&oacute; chứng chỉ IELTS/TOEFL iBT/TOEIC</p>\r\n\r\n<p>- Sử dụng th&agrave;nh thạo c&aacute;c phần mềm vi t&iacute;nh: Word, Excel&hellip;</p>\r\n\r\n<p>- C&oacute; khả năng giao tiếp, thuyết phục v&agrave; đ&agrave;m ph&aacute;n tốt.</p>\r\n\r\n<p>- H&ograve;a đồng, nhanh nhẹn, nhiệt t&igrave;nh v&agrave; trung thực.</p>\r\n\r\n<p>- L&agrave;m việc theo ca v&agrave; chịu &aacute;p lực tốt</p>\r\n\r\n<p><strong>III. Quyền lợi:</strong></p>\r\n\r\n<p>- Mức lương hấp dẫn (Lương cứng + lương kinh doanh)</p>\r\n\r\n<p>- Chế độ lương th&aacute;ng thứ 13, thưởng theo c&aacute;c ng&agrave;y lễ tết trong năm</p>\r\n\r\n<p>- Được hưởng c&aacute;c chế độ theo quy định của Luật lao động</p>\r\n\r\n<p>- Được tham gia c&aacute;c kh&oacute;a học tiếng anh tại Trung t&acirc;m miễn ph&iacute;</p>\r\n\r\n<p>- Được l&agrave;m việc trong m&ocirc;i trưởng năng động, chuy&ecirc;n nghiệp; c&oacute; cơ hội ph&aacute;t triển bản th&acirc;n v&agrave; thăng tiến l&ecirc;n vị tr&iacute; cấp QUẢN L&Yacute; (C&ocirc;ng ty đang mở rộng th&ecirc;m nhiều chi nh&aacute;nh ở H&agrave; Nội v&agrave; c&aacute;c tỉnh/th&agrave;nh phố trong cả nước)</p>\r\n\r\n<p><strong>IV. C&aacute;ch thức ứng tuyển:</strong></p>\r\n\r\n<p>Ứng vi&ecirc;n quan t&acirc;m vui l&ograve;ng gửi CV n&ecirc;u r&otilde; th&ocirc;ng tin c&aacute; nh&acirc;n v&agrave; kinh nghiệm l&agrave;m việc về địa chỉ:&nbsp;<a href="mailto:anhttm@ames.edu.vn">uyenptm@ames.edu.vn</a>&nbsp;v&agrave;&nbsp;<a href="mailto:linhtk@ames.edu.vn">linhtk@ames.edu.vn</a></p>\r\n\r\n<p>Hoặc nộp trực tiếp tại &nbsp;<a href="https://goo.gl/maps/jDbfj2rWEu82" rel="nofollow" target="_blank">38 Y&ecirc;n B&aacute;i, Hải Ch&acirc;u, Đ&agrave; Nẵng</a></p>\r\n\r\n<p>ĐT li&ecirc;n hệ: &nbsp;<a href="tel:02363779999">0236 377 9999</a></p>\r\n', '-uploaded-pic-cat_chuongtrinh_cr_320x320.png', '0', 3, '', '2017-12-21', '2018-03-27', 1, NULL, NULL, NULL, NULL, NULL, 'Thông tin tuyển dụng Ames Đà Nẵng tháng 9/2017', 'Hãy lựa chọn ngay dịch vụ Hoàn thiện sổ sách cho doanh nghiệp tại Nguyên Anh để được hỗ trợ và giải quyết mọi vấn đề mà bạn đang băn khoăn ngay hôm nay.', 'thong-tin-tuyen-dung-ames-da-nang-thang-92017', 'Hoàn thiện sổ sách', 1),
(66, 'Rà soát sổ sách', 'Dịch vụ Rà soát sổ sách – Xác định rủi ro tiềm ẩn, sẽ giúp bạn giải quyết mọi vấn đề đang gặp phải một cách nhanh chóng và hiệu quả nhất.', '<p style="text-align:justify"><strong>Sau một thời gian hoạt động, Doanh nghiệp của bạn cần phải r&agrave; so&aacute;t sổ s&aacute;ch để c&oacute; thể chuẩn bị cho đợt quyết to&aacute;n thuế sắp tới? Bạn kh&ocirc;ng y&ecirc;n t&acirc;m về dữ liệu sổ s&aacute;ch do c&aacute;c kế to&aacute;n vi&ecirc;n tại c&ocirc;ng ty đang thực hiện? Sổ s&aacute;ch, chứng từ bị x&aacute;o trộn do chuyển địa điểm, chuyển giao c&ocirc;ng việc&hellip;?</strong><br />\r\n<strong>Dịch vụ&nbsp;R&agrave; so&aacute;t sổ s&aacute;ch&nbsp;&ndash; X&aacute;c định rủi ro tiềm ẩn, sẽ gi&uacute;p bạn giải quyết mọi vấn đề đang gặp phải một c&aacute;ch nhanh ch&oacute;ng v&agrave; hiệu quả nhất.</strong><br />\r\n<br />\r\n<span style="font-size:16px"><strong>Dịch vụ r&agrave; so&aacute;t sổ s&aacute;ch l&agrave; g&igrave;? C&oacute; cần thiết phải sử dụng dịch vụ n&agrave;y hay kh&ocirc;ng</strong></span></p>\r\n\r\n<p style="text-align:justify"><strong>Dịch vụ r&agrave; so&aacute;t sổ s&aacute;ch</strong>&nbsp;l&agrave; một trong những loại h&igrave;nh được nhiều doanh nghiệp vừa v&agrave; nhỏ t&igrave;m đến. Đa phần c&ocirc;ng việc kinh doanh bận rộn hay việc thiếu kiến thức chuy&ecirc;n m&ocirc;n trong lĩnh vực n&agrave;y c&oacute; thể khiến cho c&aacute;c doanh nghiệp phải trả gi&aacute; v&igrave; những sai phạm kh&ocirc;ng đ&aacute;ng c&oacute; xuất ph&aacute;t từ vấn đề sổ s&aacute;ch. Ch&iacute;nh v&igrave; thế nếu bạn đang gặp phải những vấn đề như:<br />\r\n&nbsp; &nbsp; ➔ Kh&ocirc;ng an t&acirc;m với sổ s&aacute;ch, số liệu kế to&aacute;n đang thực hiện.<br />\r\n&nbsp; &nbsp; ➔ Kh&ocirc;ng x&aacute;c định được c&aacute;c rủi ro tiềm ẩn trong sổ s&aacute;ch v&agrave; c&aacute;ch khắc phục.<br />\r\n&nbsp; &nbsp; ➔ Chứng từ bị lưu trữ lộn xộn, thi&ecirc;́u khoa học, số liệu kế to&aacute;n bất ổn.<br />\r\n&nbsp; &nbsp; ➔ Thời hạn quyết to&aacute;n gần kề v&agrave; muốn r&agrave; so&aacute;t lại sổ s&aacute;ch để ph&aacute;t hiện c&aacute;c rủi ro, sai phạm kh&ocirc;ng đ&aacute;ng c&oacute;.<br />\r\n&nbsp; &nbsp; ➔ Bộ phận kế to&aacute;n doanh nghiệp kh&ocirc;ng đủ tự tin hay kh&ocirc;ng nắm bắt r&otilde; c&aacute;c luật định mới.<br />\r\nĐ&acirc;y l&agrave; l&uacute;c m&agrave; bạn cần đến&nbsp;<strong>dịch vụ r&agrave; so&aacute;t sổ s&aacute;ch</strong>&nbsp;gi&uacute;p giải quyết mọi vấn đề gặp phải một c&aacute;ch khoa học với chi ph&iacute; tiết kiệm nhất.<br />\r\n<br />\r\n<span style="font-size:16px"><strong>Dịch vụ R&agrave; so&aacute;t sổ s&aacute;ch &ndash; X&aacute;c định rủi ro tiềm ẩn Nguy&ecirc;n Anh</strong></span></p>\r\n\r\n<p style="text-align:justify">L&agrave; một trong những đơn vị uy t&iacute;n, dịch vụ&nbsp;<strong>R&agrave; so&aacute;t sổ s&aacute;ch &ndash; X&aacute;c định rủi ro tiềm ẩn</strong>&nbsp;Nguy&ecirc;n Anh hỗ trợ cho các doanh nghiệp một c&aacute;ch hiệu quả v&agrave; chuy&ecirc;n nghiệp. Ch&uacute;ng t&ocirc;i sẽ gi&uacute;p bạn:<br />\r\n&nbsp; &nbsp; ★ Kiểm tra tổng qu&aacute;t v&agrave; chi tiết c&aacute;c dữ liệu, t&igrave;nh trạng số liệu, chứng từ của doanh nghiệp.<br />\r\n&nbsp; &nbsp; ★ Từ đ&oacute; x&aacute;c định ngay những rủi ro, đưa ra hướng khắc phục c&aacute;c sai phạm kh&ocirc;ng đ&aacute;ng c&oacute;.<br />\r\n&nbsp; &nbsp; ★ Định lượng mức phạt quyết to&aacute;n từ sai phạm về sổ s&aacute;ch.<br />\r\n&nbsp; &nbsp; ★ Tổng kết v&agrave; tư vấn cho doanh nghiệp nhanh ch&oacute;ng v&agrave; hiệu quả.<br />\r\n<br />\r\nNgay l&uacute;c n&agrave;y nếu doanh nghiệp của bạn đang cần đến dịch vụ<strong>&nbsp;R&agrave; so&aacute;t sổ s&aacute;ch</strong>&nbsp;- X&aacute;c định rủi ro tiềm ẩn h&atilde;y li&ecirc;n hệ ngay qua số Hotline của ch&uacute;ng t&ocirc;i để được hỗ trợ v&agrave; b&aacute;o gi&aacute; ch&iacute;nh x&aacute;c nhất. Chi ph&iacute; chỉ từ 700.000 đồng/lần cho dịch vụ trọn g&oacute;i v&agrave; hiệu quả. Nguy&ecirc;n Anh &ndash; đối t&aacute;c của bạn, th&agrave;nh c&ocirc;ng của bạn!!!</p>\r\n\r\n<p style="text-align:justify">&nbsp;</p>\r\n\r\n<p style="text-align:center"><strong>HOTLINE:&nbsp;<span style="color:#e74c3c">0986.1368.77 - 0988.1368.79</span></strong></p>\r\n\r\n<p style="text-align:center"><span style="color:#e74c3c">C&Ocirc;NG TY TNHH QUẢN TRỊ RỦI RO THUẾ NGUY&Ecirc;N ANH</span></p>\r\n\r\n<p style="text-align:center"><strong>Địa chỉ:</strong>&nbsp;Lầu 9, số 68 Nguyễn Huệ, P. Bến Ngh&eacute;, Q.1, TPHCM</p>\r\n\r\n<p style="text-align:center"><strong>Email:</strong>&nbsp;support@nguyenanhtax.vn</p>\r\n', NULL, '0', 3, '', '2017-12-21', '2017-12-28', 1, NULL, NULL, NULL, NULL, NULL, 'Rà soát sổ sách', 'Dịch vụ Rà soát sổ sách – Xác định rủi ro tiềm ẩn, sẽ giúp bạn giải quyết mọi vấn đề đang gặp phải một cách nhanh chóng và hiệu quả nhất.', 'ra-soat-so-sach', 'Rà soát sổ sách', 1),
(67, 'BẢN TIN TUYỂN DỤNG ANH NGỮ AMES THÁNG 2/2018', 'Dịch vụ kê khai thuế online – Dịch vụ dành riêng cho các Doanh nghiệp nhỏ, siêu nhỏ, start-up; giúp giảm thiểu thời gian, tiết kiệm chi phí tối đa và thay đổi phương thức làm việc hướng đến sự chuyên nghiệp.', '<p>Do nhu cầu ph&aacute;t triển, Anh ngữ Ames tuyển dụng nhiều vị tr&iacute; full time:</p>\r\n\r\n<p>- Trưởng ph&ograve;ng học thuật</p>\r\n\r\n<p>- Trưởng ph&ograve;ng tư vấn tuyển sinh</p>\r\n\r\n<p>- Gi&aacute;o vi&ecirc;n tiếng Anh</p>\r\n\r\n<p>- Nh&acirc;n vi&ecirc;n ph&ograve;ng&nbsp;đ&agrave;o tạo</p>\r\n\r\n<p>- Nh&acirc;n vi&ecirc;n tư vấn tuyển sinh</p>\r\n\r\n<p>- Nh&acirc;n vi&ecirc;n Marketing</p>\r\n\r\n<p>- Nh&acirc;n vi&ecirc;n h&agrave;nh ch&iacute;nh kĩ thuật</p>\r\n\r\n<p>Th&ocirc;ng tin chi tiết:&nbsp;<a href="https://goo.gl/forms/kXuzlI3ZW5THua0A3">https://goo.gl/forms/kXuzlI3ZW5THua0A3</a></p>\r\n\r\n<p>C&aacute;ch thức&nbsp;ứng tuyển</p>\r\n\r\n<p>1.&nbsp;Điền th&ocirc;ng tin&nbsp;ứng tuyển trực tiếp theo link:&nbsp;<a href="https://goo.gl/forms/kXuzlI3ZW5THua0A3">https://goo.gl/forms/kXuzlI3ZW5THua0A3</a></p>\r\n\r\n<p>2. Gửi CV c&aacute; nh&acirc;n về mail: hr@ames.edu.vn (Lưu&nbsp;&yacute;:&nbsp;Ứng vi&ecirc;n ghi r&otilde; vị tr&iacute; v&agrave;&nbsp;địa&nbsp;điểm&nbsp;ứng tuyển)</p>\r\n\r\n<p>3. Nộp trực tiếp tại Ph&ograve;ng Nh&acirc;n sự - Ames 96 L&ograve;&nbsp;Đ&uacute;c, Hai B&agrave; Trưng, H&agrave; Nội</p>\r\n\r\n<p>&nbsp;</p>\r\n', NULL, '0', 3, '', '2017-12-21', '2018-03-27', 1, NULL, NULL, NULL, NULL, NULL, 'BẢN TIN TUYỂN DỤNG ANH NGỮ AMES THÁNG 2/2018', 'Dịch vụ kê khai thuế online – Dịch vụ dành riêng cho các Doanh nghiệp nhỏ, siêu nhỏ, start-up; giúp giảm thiểu thời gian, tiết kiệm chi phí tối đa và thay đổi phương thức làm việc hướng đến sự chuyên nghiệp.', 'ban-tin-tuyen-dung-anh-ngu-ames-thang-22018', 'Kê khai thuế online', 1),
(68, 'BẢN TIN TUYỂN DỤNG ANH NGỮ AMES THÁNG 3/2018', 'Anh ngữ Ames tuyển dụng nhiều vị trí Full time tại chi nhánh Hà Nội và các tỉnh trong cả nước', '<p>Anh ngữ Ames tuyển dụng nhiều vị tr&iacute; Full time tại chi nh&aacute;nh H&agrave; Nội v&agrave; c&aacute;c tỉnh trong cả nước:</p>\r\n\r\n<p>- Gi&aacute;o vi&ecirc;n Tiếng Anh</p>\r\n\r\n<p>- Nh&acirc;n vi&ecirc;n&nbsp;ph&ograve;ng&nbsp;đ&agrave;o tạo</p>\r\n\r\n<p>- Nh&acirc;n vi&ecirc;n tư vấn tuyển sinh</p>\r\n\r\n<p>- Nh&acirc;n vi&ecirc;n Nh&acirc;n sự</p>\r\n\r\n<p>Đặc biệt Ames&nbsp;mở rộng tuyển dụng c&aacute;c vị tr&iacute; quản l&yacute;.&nbsp;Đ&acirc;y l&agrave; cơ hội tốt d&agrave;nh cho c&aacute;c bạn&nbsp;ứng vi&ecirc;n mong muốn thử sức m&igrave;nh ở vị tr&iacute; mới:</p>\r\n\r\n<p>- Gi&aacute;m&nbsp;đốc trung t&acirc;m c&aacute;c tỉnh trong cả nước</p>\r\n\r\n<p>- Trưởng ph&ograve;ng học thuật</p>\r\n\r\n<p>Th&ocirc;ng tin chi tiết:&nbsp;<a href="https://goo.gl/forms/FQZKnFCmz51yDzoA2">https://goo.gl/forms/FQZKnFCmz51yDzoA2</a></p>\r\n\r\n<p>C&aacute;ch thức&nbsp;ứng tuyển</p>\r\n\r\n<p>1.&nbsp;Điền th&ocirc;ng tin trực tiếp qua&nbsp;đường link:&nbsp;<a href="https://goo.gl/forms/FQZKnFCmz51yDzoA2">https://goo.gl/forms/FQZKnFCmz51yDzoA2</a></p>\r\n\r\n<p>2. Gửi mail về&nbsp;địa chỉ: hr@ames.edu.vn</p>\r\n\r\n<p>3. Gửi hồ sơ trực tiếp về&nbsp;địa chỉ:</p>\r\n\r\n<p>Ph&ograve;ng Nh&acirc;n sự&nbsp;</p>\r\n\r\n<p>Trung t&acirc;m Anh ngữ Ames</p>\r\n\r\n<p>96 L&ograve;&nbsp;Đ&uacute;c, Hai B&agrave; Trưng, H&agrave; Nội</p>\r\n\r\n<p>C&aacute;c bạn&nbsp;ứng vi&ecirc;n vui l&ograve;ng ghi r&otilde; th&ocirc;ng tin&nbsp;ứng tuyển: Vị tr&iacute;&nbsp;ứng tuyển-Địa&nbsp;điểm&nbsp;ứng tuyển-Họ v&agrave; t&ecirc;n</p>\r\n\r\n<p>Ames ch&agrave;o&nbsp;đ&oacute;n tất cả c&aacute;c bạn&nbsp;ứng vi&ecirc;n c&oacute; niềm&nbsp;đam m&ecirc; v&agrave; sẵn s&agrave;ng chấp nhận thử th&aacute;ch!!!</p>\r\n', '-uploaded_Teacher-female_cr_320x320.png', '0', 5, '', '2017-12-21', '2018-03-27', 1, NULL, NULL, NULL, NULL, NULL, 'BẢN TIN TUYỂN DỤNG ANH NGỮ AMES THÁNG 3/2018', 'Với dịch vụ kế toán thuế trọn gói – Theo dõi kế hoạch thuế Nguyên Anh, điều bạn cần chỉ là kinh doanh, tất cả vấn đề thuế hãy để chúng tôi hỗ trợ bạn.', 'ban-tin-tuyen-dung-anh-ngu-ames-thang-32018', 'Kế toán thuế trọn gói', 1),
(69, 'TUYỂN DỤNG TƯ VẤN TUYỂN SINH - SALE - THÁNG 5/2018', 'TUYỂN DỤNG TƯ VẤN TUYỂN SINH - SALE - THÁNG 5/2018', '<p style="margin-left:0cm; margin-right:0cm"><span style="font-size:12pt"><span style="font-size:10.5pt"><span style="background-color:white"><span style="color:#1d2129">TUYỂN DỤNG TƯ VẤN TUYỂN SINH - SALE - TH&Aacute;NG 5/2018</span></span></span></span></p>\r\n\r\n<p style="margin-left:0cm; margin-right:0cm"><span style="font-size:12pt"><span style="font-family:&quot;Times New Roman&quot;,serif"><span style="font-size:1.0pt"><span style="background-color:white"><span style="color:#1d2129">', 'giao-vien-day-van.jpg', '0', 3, '', '2018-04-26', '2018-04-26', 1, NULL, NULL, NULL, NULL, NULL, 'TUYỂN DỤNG TƯ VẤN TUYỂN SINH - SALE - THÁNG 5/2018', 'TUYỂN DỤNG TƯ VẤN TUYỂN SINH - SALE - THÁNG 5/2018', 'tuyen-dung-tu-van-tuyen-sinh-sale-thang-52018', 'TUYỂN DỤNG TƯ VẤN TUYỂN SINH - SALE ', 1),
(70, 'TUYỂN DỤNG TƯ VẤN TUYỂN SINH - SALE - THÁNG 5/2018', 'TUYỂN DỤNG TƯ VẤN TUYỂN SINH - SALE - THÁNG 5/2018', '<p style="margin-left:0cm; margin-right:0cm; text-align:justify"><span style="font-size:12pt"><span style="font-family:&quot;Times New Roman&quot;,serif"><span style="font-size:10.5pt"><span style="background-color:white"><span style="font-family:&quot;Helvetica&quot;,&quot;sans-serif&quot;"><span style="color:#1d2129">TUYỂN DỤNG TƯ VẤN TUYỂN SINH - SALE - TH&Aacute;NG 5/2018</span></span></span></span></span></span></p>\r\n\r\n<p style="margin-left:0cm; margin-right:0cm; text-align:justify"><span style="font-size:12pt"><span style="font-family:&quot;Times New Roman&quot;,serif"><span style="font-size:10.5pt"><span style="background-color:white"><span style="font-family:&quot;Helvetica&quot;,&quot;sans-serif&quot;"><span style="color:#1d2129">{ ĐỊA B&Agrave;N : H&agrave; Nội, Hải Ph&ograve;ng, Hạ Long-Quảng Ninh, TP HCM}</span></span></span></span><br />\r\n<span style="font-size:10.5pt"><span style="font-family:&quot;Helvetica&quot;,&quot;sans-serif&quot;"><span style="color:#1d2129"><span style="background-color:white"><img alt="" height="16" src="file:///C:\\Users\\ADMINI~1\\AppData\\Local\\Temp\\msohtmlclip1\\01\\clip_image001.png" width="16" /></span></span></span></span><span style="font-size:1.0pt"><span style="background-color:white"><span style="color:#1d2129">', '', '0', 3, '', '2018-04-26', NULL, 1, NULL, NULL, NULL, NULL, NULL, 'TUYỂN DỤNG TƯ VẤN TUYỂN SINH - SALE - THÁNG 5/2018', 'TUYỂN DỤNG TƯ VẤN TUYỂN SINH - SALE - THÁNG 5/2018', 'tuyen-dung-tu-van-tuyen-sinh-sale-thang-52018-1', 'TUYỂN DỤNG TƯ VẤN TUYỂN SINH - SALE', 1);

-- --------------------------------------------------------

--
-- Table structure for table `servicecat`
--

CREATE TABLE IF NOT EXISTS `servicecat` (
  `servicecat_id` int(11) NOT NULL,
  `servicecat_name` varchar(255) COLLATE utf8_unicode_ci DEFAULT NULL,
  `servicecat_des` text COLLATE utf8_unicode_ci,
  `servicecat_content` text COLLATE utf8_unicode_ci,
  `servicecat_parent` int(11) DEFAULT NULL,
  `servicecat_sort_order` int(11) DEFAULT NULL,
  `servicecat_created_date` date DEFAULT NULL,
  `servicecat_update_date` date DEFAULT NULL,
  `state` int(11) DEFAULT '1',
  `servicecat_img` varchar(255) COLLATE utf8_unicode_ci DEFAULT NULL,
  `servicecat_sub_infor1` text COLLATE utf8_unicode_ci,
  `servicecat_sub_infor2` text COLLATE utf8_unicode_ci,
  `servicecat_sub_infor3` text COLLATE utf8_unicode_ci,
  `servicecat_sub_infor4` text COLLATE utf8_unicode_ci,
  `servicecat_sub_infor5` text COLLATE utf8_unicode_ci,
  `title_seo` varchar(255) COLLATE utf8_unicode_ci DEFAULT NULL,
  `des_seo` text COLLATE utf8_unicode_ci,
  `friendly_url` varchar(255) COLLATE utf8_unicode_ci DEFAULT NULL,
  `keyword` varchar(255) COLLATE utf8_unicode_ci DEFAULT NULL,
  `created_id` int(11) DEFAULT NULL
) ENGINE=InnoDB AUTO_INCREMENT=6 DEFAULT CHARSET=utf8 COLLATE=utf8_unicode_ci;

--
-- Dumping data for table `servicecat`
--

INSERT INTO `servicecat` (`servicecat_id`, `servicecat_name`, `servicecat_des`, `servicecat_content`, `servicecat_parent`, `servicecat_sort_order`, `servicecat_created_date`, `servicecat_update_date`, `state`, `servicecat_img`, `servicecat_sub_infor1`, `servicecat_sub_infor2`, `servicecat_sub_infor3`, `servicecat_sub_infor4`, `servicecat_sub_infor5`, `title_seo`, `des_seo`, `friendly_url`, `keyword`, `created_id`) VALUES
(3, 'Dịch Vụ', '', '', 0, 0, '2017-12-21', NULL, 1, 's1.jpg', NULL, NULL, NULL, NULL, NULL, 'Dịch Vụ', '', 'dich-vu', '', 1),
(4, 'Smart Reading Skills', '', '', 0, 0, '2018-03-27', NULL, 1, '', NULL, NULL, NULL, NULL, NULL, 'Smart Reading Skills', '', 'smart-reading-skills', '', 1),
(5, 'Tuyển dụng', '', '', 0, 0, '2018-03-27', NULL, 1, '', NULL, NULL, NULL, NULL, NULL, 'Tuyển dụng', '', 'tuyen-dung', '', 1);

-- --------------------------------------------------------

--
-- Table structure for table `servicecat_languages`
--

CREATE TABLE IF NOT EXISTS `servicecat_languages` (
  `id` int(11) NOT NULL,
  `lang_servicecat_name` varchar(255) COLLATE utf8_unicode_ci DEFAULT NULL,
  `lang_servicecat_des` text COLLATE utf8_unicode_ci,
  `lang_servicecat_content` text COLLATE utf8_unicode_ci,
  `state` int(11) DEFAULT '1',
  `lang_servicecat_sub_infor1` text COLLATE utf8_unicode_ci,
  `lang_servicecat_sub_infor2` text COLLATE utf8_unicode_ci,
  `lang_servicecat_sub_infor3` text COLLATE utf8_unicode_ci,
  `lang_servicecat_sub_infor4` text COLLATE utf8_unicode_ci,
  `lang_servicecat_sub_infor5` text COLLATE utf8_unicode_ci,
  `title_seo` varchar(255) COLLATE utf8_unicode_ci DEFAULT NULL,
  `des_seo` text COLLATE utf8_unicode_ci,
  `friendly_url` varchar(255) COLLATE utf8_unicode_ci DEFAULT NULL,
  `keyword` varchar(255) COLLATE utf8_unicode_ci DEFAULT NULL,
  `created_id` int(11) DEFAULT NULL,
  `languages_code` varchar(255) COLLATE utf8_unicode_ci DEFAULT NULL,
  `servicecat_id` int(11) DEFAULT NULL
) ENGINE=InnoDB AUTO_INCREMENT=11 DEFAULT CHARSET=utf8 COLLATE=utf8_unicode_ci;

--
-- Dumping data for table `servicecat_languages`
--

INSERT INTO `servicecat_languages` (`id`, `lang_servicecat_name`, `lang_servicecat_des`, `lang_servicecat_content`, `state`, `lang_servicecat_sub_infor1`, `lang_servicecat_sub_infor2`, `lang_servicecat_sub_infor3`, `lang_servicecat_sub_infor4`, `lang_servicecat_sub_infor5`, `title_seo`, `des_seo`, `friendly_url`, `keyword`, `created_id`, `languages_code`, `servicecat_id`) VALUES
(5, 'Dịch Vụ', '', NULL, 1, NULL, NULL, NULL, NULL, NULL, 'Dịch Vụ', '', 'dich-vu', '', NULL, 'vn', 3),
(6, 'Dịch vụ', '', '', 1, NULL, NULL, NULL, NULL, NULL, 'Dịch vụ', '', 'dich-vu', '', NULL, 'en', 3),
(7, 'Smart Reading Skills', '', '', 1, NULL, NULL, NULL, NULL, NULL, 'Smart Reading Skills', '', 'smart-reading-skills', '', NULL, 'vn', 4),
(8, 'Smart Reading Skills', '', '', 1, NULL, NULL, NULL, NULL, NULL, 'Smart Reading Skills', '', 'smart-reading-skills', '', NULL, 'en', 4),
(9, 'Tuyển dụng', '', '', 1, NULL, NULL, NULL, NULL, NULL, 'Tuyển dụng', '', 'tuyen-dung', '', NULL, 'vn', 5),
(10, 'Tuyển dụng', '', '', 1, NULL, NULL, NULL, NULL, NULL, 'Tuyển dụng', '', 'tuyen-dung', '', NULL, 'en', 5);

-- --------------------------------------------------------

--
-- Table structure for table `service_languages`
--

CREATE TABLE IF NOT EXISTS `service_languages` (
  `id` int(11) NOT NULL,
  `languages_code` varchar(255) COLLATE utf8_unicode_ci DEFAULT NULL,
  `lang_service_name` varchar(255) COLLATE utf8_unicode_ci DEFAULT NULL,
  `lang_service_des` text COLLATE utf8_unicode_ci,
  `lang_service_content` text COLLATE utf8_unicode_ci,
  `lang_service_author` varchar(255) COLLATE utf8_unicode_ci DEFAULT NULL,
  `state` int(11) DEFAULT '1',
  `service_sub_infor1` text COLLATE utf8_unicode_ci,
  `service_sub_infor2` text COLLATE utf8_unicode_ci,
  `service_sub_infor3` text COLLATE utf8_unicode_ci,
  `service_sub_infor4` text COLLATE utf8_unicode_ci,
  `service_sub_infor5` text COLLATE utf8_unicode_ci,
  `title_seo` varchar(255) COLLATE utf8_unicode_ci DEFAULT NULL,
  `des_seo` text COLLATE utf8_unicode_ci,
  `friendly_url` varchar(255) COLLATE utf8_unicode_ci DEFAULT NULL,
  `keyword` varchar(255) COLLATE utf8_unicode_ci DEFAULT NULL,
  `created_id` int(11) DEFAULT NULL,
  `service_id` int(11) DEFAULT NULL
) ENGINE=InnoDB AUTO_INCREMENT=97 DEFAULT CHARSET=utf8 COLLATE=utf8_unicode_ci;

--
-- Dumping data for table `service_languages`
--

INSERT INTO `service_languages` (`id`, `languages_code`, `lang_service_name`, `lang_service_des`, `lang_service_content`, `lang_service_author`, `state`, `service_sub_infor1`, `service_sub_infor2`, `service_sub_infor3`, `service_sub_infor4`, `service_sub_infor5`, `title_seo`, `des_seo`, `friendly_url`, `keyword`, `created_id`, `service_id`) VALUES
(83, 'vn', 'TRUNG TÂM ANH NGỮ AMES TUYỂN DỤNG CHUYÊN VIÊN PHÁT TRIỂN HỌC LIỆU', 'Với dịch vụ quyết toán thuế - giải thể doanh nghiệp giá rẻ, nhanh chóng Nguyên Anh, chúng tôi sẽ giúp bạn giải quyết mọi vấn đề một cách chuyên nghiệp và hiệu quả nhất.', '<p><strong>Vị tr&iacute; tuyển dụng:&nbsp;</strong>Chuy&ecirc;n vi&ecirc;n ph&aacute;t triển học liệu (full time)</p>\r\n\r\n<p><strong>Số lượng:&nbsp;</strong>02</p>\r\n\r\n<p><strong>Thời gian l&agrave;m việc:&nbsp;&nbsp;</strong>Giờ h&agrave;nh ch&iacute;nh từ thứ 2 đến thứ 7</p>\r\n\r\n<p><strong>Địa điểm l&agrave;m việc:&nbsp;</strong>Trung t&acirc;m Ames - 152 Ph&oacute; Đức Ch&iacute;nh, Ba Đ&igrave;nh, H&agrave; Nội</p>\r\n\r\n<p><strong>I. M&ocirc; tả c&ocirc;ng việc</strong></p>\r\n\r\n<p>- Nghi&ecirc;n cứu v&agrave; thiết kế c&aacute;c chương tr&igrave;nh giảng dạy Tiếng Anh cho trẻ em, tiếng Anh luyện thi chứng chỉ quốc tế IELTS/TOEFL/TOEIC</p>\r\n\r\n<p>- Thiết kế, soạn thảo v&agrave; kiểm tra nội dung gi&aacute;o &aacute;n, c&ocirc;ng cụ giảng dạy dựa tr&ecirc;n nội dung s&aacute;ch gi&aacute;o tr&igrave;nh sẵn c&oacute; (lộ tr&igrave;nh học, Slides b&agrave;i giảng, s&aacute;ch, lesson plan &hellip;)</p>\r\n\r\n<p><strong>II. Y&ecirc;u cầu</strong></p>\r\n\r\n<p>- Tốt nghiệp Đại học, ưu ti&ecirc;n c&aacute;c chuy&ecirc;n ng&agrave;nh Tiếng Anh (Sư phạm Ngoại ngữ, Đại học H&agrave; Nội, Ngoại Thương, Ngoại Giao), c&oacute; chứng chỉ IELTS từ 7.0, TOEIC từ 800 trở l&ecirc;n hoặc c&aacute;c bằng cấp tương tự (C1 CEFR) l&agrave; một lợi thế.</p>\r\n\r\n<p>- Ưu ti&ecirc;n ứng vi&ecirc;n c&oacute; kinh nghiệm trong lĩnh vực đ&agrave;o tạo, thẩm định, bi&ecirc;n soạn/x&acirc;y dựng c&aacute;c bộ gi&aacute;o tr&igrave;nh, học liệu trong giảng dạy tiếng Anh.</p>\r\n\r\n<p>- C&oacute; khả năng tổng hợp, ph&acirc;n t&iacute;ch th&ocirc;ng tin tốt, s&aacute;ng tạo v&agrave; nhiều &yacute; tưởng.</p>\r\n\r\n<p>- C&oacute; khả năng tự quản l&yacute; c&ocirc;ng việc v&agrave; l&agrave;m việc nh&oacute;m tốt.</p>\r\n\r\n<p>- C&oacute; khả năng sử dụng tin học văn ph&ograve;ng v&agrave; khai th&aacute;c th&ocirc;ng tin, t&agrave;i liệu từ Internet.</p>\r\n\r\n<p><strong>III. Quyền lợi</strong></p>\r\n\r\n<p>- Lương, thưởng cạnh tranh tr&ecirc;n thị trường.</p>\r\n\r\n<p>- Đ&oacute;ng BHXH, BHYT theo quy định của ph&aacute;p luật. Chế độ nghỉ lễ Tết, được tham gia c&aacute;c hoạt động team buidling v&agrave; sự kiện lớn trong năm.</p>\r\n\r\n<p>- Được l&agrave;m việc trong m&ocirc;i trường năng động, trẻ trung, đầy nhiệt huyết.</p>\r\n\r\n<p>- Cơ hội thăng tiến, ph&aacute;t triển cao.</p>\r\n\r\n<p>- Được đ&agrave;o tạo v&agrave; hướng dẫn nghiệp vụ để đ&aacute;p ứng y&ecirc;u cầu của c&ocirc;ng việc.</p>\r\n\r\n<p><strong>Ứng vi&ecirc;n quan t&acirc;m, vui l&ograve;ng gửi CV v&agrave;o địa chỉ mail:&nbsp;</strong><a href="mailto:anhttm@ames.edu.vn"><strong>hr@ames.edu.vn</strong></a><strong>&nbsp;HOẶC nộp trực tiếp tại 96 L&ograve; Đ&uacute;c, Hai B&agrave; Trưng, H&agrave; Nội.</strong></p>\r\n\r\n<p><strong>Li&ecirc;n hệ: 0934599894 (Ms. Mai Anh)</strong></p>\r\n', NULL, 1, NULL, NULL, NULL, NULL, NULL, 'TRUNG TÂM ANH NGỮ AMES TUYỂN DỤNG CHUYÊN VIÊN PHÁT TRIỂN HỌC LIỆU', 'Với dịch vụ quyết toán thuế - giải thể doanh nghiệp giá rẻ, nhanh chóng Nguyên Anh, chúng tôi sẽ giúp bạn giải quyết mọi vấn đề một cách chuyên nghiệp và hiệu quả nhất.', 'trung-tam-anh-ngu-ames-tuyen-dung-chuyen-vien-phat-trien-hoc-lieu', 'Quyết toán thuế', NULL, 64),
(84, 'en', 'Quyết toán thuế', '', '', NULL, 1, NULL, NULL, NULL, NULL, NULL, 'Quyết toán thuế', '', 'quyet-toan-thue', '', NULL, 64),
(85, 'vn', 'Thông tin tuyển dụng Ames Đà Nẵng tháng 9/2017', 'Hãy lựa chọn ngay dịch vụ Hoàn thiện sổ sách cho doanh nghiệp tại Nguyên Anh để được hỗ trợ và giải quyết mọi vấn đề mà bạn đang băn khoăn ngay hôm nay.', '<p><strong>Vị tr&iacute; tuyển dụng: Gi&aacute;o vi&ecirc;n Tiếng Anh (full time)</strong></p>\r\n\r\n<p><strong>Số lượng:</strong>&nbsp;<strong>02</strong></p>\r\n\r\n<p><strong>Địa điểm l&agrave;m việc: 36 Y&ecirc;n B&aacute;i, Hải Ch&acirc;u, Đ&agrave; Nẵng</strong></p>\r\n\r\n<p><strong>I. M&ocirc; tả c&ocirc;ng việc, tr&aacute;ch nhiệm:&nbsp;&nbsp;&nbsp;&nbsp;&nbsp;&nbsp;&nbsp;&nbsp;&nbsp;&nbsp;&nbsp;&nbsp;&nbsp;&nbsp;&nbsp;&nbsp;&nbsp;&nbsp;&nbsp;&nbsp;&nbsp;&nbsp;&nbsp;</strong></p>\r\n\r\n<p>- Giảng b&agrave;i, giao b&agrave;i, chấm b&agrave;i v&agrave; chữa b&agrave;i cho học vi&ecirc;n theo m&ocirc; h&igrave;nh học linh động</p>\r\n\r\n<p>- Theo d&otilde;i, chăm s&oacute;c học vi&ecirc;n, tư vấn cho học vi&ecirc;n phương ph&aacute;p học tập hiệu quả.</p>\r\n\r\n<p>- Phối hợp với gi&aacute;o vi&ecirc;n nước ngo&agrave;i trong qu&aacute; tr&igrave;nh giảng b&agrave;i cho học vi&ecirc;n.</p>\r\n\r\n<p>- Theo d&otilde;i hồ sơ của học vi&ecirc;n, nhập th&ocirc;ng tin học vi&ecirc;n v&agrave; t&igrave;nh h&igrave;nh học tập v&agrave;o phần mềm quản l&yacute;.</p>\r\n\r\n<p>- Theo d&otilde;i, bảo quản cơ sở vật chất trong văn ph&ograve;ng bao gồm t&agrave;i liệu học, b&agrave;i l&agrave;m của học vi&ecirc;n, văn ph&ograve;ng phẩm, v&agrave; c&aacute;c thiết bị điện tử kh&aacute;c.</p>\r\n\r\n<p>- Chuẩn bị t&agrave;i liệu học, hồ sơ học vi&ecirc;n v&agrave; thực hiện c&aacute;c c&ocirc;ng việc h&agrave;nh ch&iacute;nh kh&aacute;c của ph&ograve;ng.</p>\r\n\r\n<p><strong>II. Y&ecirc;u cầu:</strong></p>\r\n\r\n<p>- Tốt nghiệp Đại học chuy&ecirc;n ng&agrave;nh tiếng Anh/sư phạm tiếng Anh</p>\r\n\r\n<p>- Ưu ti&ecirc;n c&oacute; kinh nghiệm giảng dạy 01 năm hoặc đ&atilde; c&oacute; chứng chỉ IELTS/TOEFL iBT/TOEIC</p>\r\n\r\n<p>- Sử dụng th&agrave;nh thạo c&aacute;c phần mềm vi t&iacute;nh: Word, Excel&hellip;</p>\r\n\r\n<p>- C&oacute; khả năng giao tiếp, thuyết phục v&agrave; đ&agrave;m ph&aacute;n tốt.</p>\r\n\r\n<p>- H&ograve;a đồng, nhanh nhẹn, nhiệt t&igrave;nh v&agrave; trung thực.</p>\r\n\r\n<p>- L&agrave;m việc theo ca v&agrave; chịu &aacute;p lực tốt</p>\r\n\r\n<p><strong>III. Quyền lợi:</strong></p>\r\n\r\n<p>- Mức lương hấp dẫn (Lương cứng + lương kinh doanh)</p>\r\n\r\n<p>- Chế độ lương th&aacute;ng thứ 13, thưởng theo c&aacute;c ng&agrave;y lễ tết trong năm</p>\r\n\r\n<p>- Được hưởng c&aacute;c chế độ theo quy định của Luật lao động</p>\r\n\r\n<p>- Được tham gia c&aacute;c kh&oacute;a học tiếng anh tại Trung t&acirc;m miễn ph&iacute;</p>\r\n\r\n<p>- Được l&agrave;m việc trong m&ocirc;i trưởng năng động, chuy&ecirc;n nghiệp; c&oacute; cơ hội ph&aacute;t triển bản th&acirc;n v&agrave; thăng tiến l&ecirc;n vị tr&iacute; cấp QUẢN L&Yacute; (C&ocirc;ng ty đang mở rộng th&ecirc;m nhiều chi nh&aacute;nh ở H&agrave; Nội v&agrave; c&aacute;c tỉnh/th&agrave;nh phố trong cả nước)</p>\r\n\r\n<p><strong>IV. C&aacute;ch thức ứng tuyển:</strong></p>\r\n\r\n<p>Ứng vi&ecirc;n quan t&acirc;m vui l&ograve;ng gửi CV n&ecirc;u r&otilde; th&ocirc;ng tin c&aacute; nh&acirc;n v&agrave; kinh nghiệm l&agrave;m việc về địa chỉ:&nbsp;<a href="mailto:anhttm@ames.edu.vn">uyenptm@ames.edu.vn</a>&nbsp;v&agrave;&nbsp;<a href="mailto:linhtk@ames.edu.vn">linhtk@ames.edu.vn</a></p>\r\n\r\n<p>Hoặc nộp trực tiếp tại &nbsp;<a href="https://goo.gl/maps/jDbfj2rWEu82" rel="nofollow" target="_blank">38 Y&ecirc;n B&aacute;i, Hải Ch&acirc;u, Đ&agrave; Nẵng</a></p>\r\n\r\n<p>ĐT li&ecirc;n hệ: &nbsp;<a href="tel:02363779999">0236 377 9999</a></p>\r\n', NULL, 1, NULL, NULL, NULL, NULL, NULL, 'Thông tin tuyển dụng Ames Đà Nẵng tháng 9/2017', 'Hãy lựa chọn ngay dịch vụ Hoàn thiện sổ sách cho doanh nghiệp tại Nguyên Anh để được hỗ trợ và giải quyết mọi vấn đề mà bạn đang băn khoăn ngay hôm nay.', 'thong-tin-tuyen-dung-ames-da-nang-thang-92017', 'Hoàn thiện sổ sách', NULL, 65),
(86, 'en', 'Hoàn thiện sổ sách', '', '', NULL, 1, NULL, NULL, NULL, NULL, NULL, 'Hoàn thiện sổ sách', '', 'hoan-thien-so-sach', '', NULL, 65),
(87, 'vn', 'Rà soát sổ sách', 'Dịch vụ Rà soát sổ sách – Xác định rủi ro tiềm ẩn, sẽ giúp bạn giải quyết mọi vấn đề đang gặp phải một cách nhanh chóng và hiệu quả nhất.', '<p style="text-align:justify"><strong>Sau một thời gian hoạt động, Doanh nghiệp của bạn cần phải r&agrave; so&aacute;t sổ s&aacute;ch để c&oacute; thể chuẩn bị cho đợt quyết to&aacute;n thuế sắp tới? Bạn kh&ocirc;ng y&ecirc;n t&acirc;m về dữ liệu sổ s&aacute;ch do c&aacute;c kế to&aacute;n vi&ecirc;n tại c&ocirc;ng ty đang thực hiện? Sổ s&aacute;ch, chứng từ bị x&aacute;o trộn do chuyển địa điểm, chuyển giao c&ocirc;ng việc&hellip;?</strong><br />\r\n<strong>Dịch vụ&nbsp;R&agrave; so&aacute;t sổ s&aacute;ch&nbsp;&ndash; X&aacute;c định rủi ro tiềm ẩn, sẽ gi&uacute;p bạn giải quyết mọi vấn đề đang gặp phải một c&aacute;ch nhanh ch&oacute;ng v&agrave; hiệu quả nhất.</strong><br />\r\n<br />\r\n<span style="font-size:16px"><strong>Dịch vụ r&agrave; so&aacute;t sổ s&aacute;ch l&agrave; g&igrave;? C&oacute; cần thiết phải sử dụng dịch vụ n&agrave;y hay kh&ocirc;ng</strong></span></p>\r\n\r\n<p style="text-align:justify"><strong>Dịch vụ r&agrave; so&aacute;t sổ s&aacute;ch</strong>&nbsp;l&agrave; một trong những loại h&igrave;nh được nhiều doanh nghiệp vừa v&agrave; nhỏ t&igrave;m đến. Đa phần c&ocirc;ng việc kinh doanh bận rộn hay việc thiếu kiến thức chuy&ecirc;n m&ocirc;n trong lĩnh vực n&agrave;y c&oacute; thể khiến cho c&aacute;c doanh nghiệp phải trả gi&aacute; v&igrave; những sai phạm kh&ocirc;ng đ&aacute;ng c&oacute; xuất ph&aacute;t từ vấn đề sổ s&aacute;ch. Ch&iacute;nh v&igrave; thế nếu bạn đang gặp phải những vấn đề như:<br />\r\n&nbsp; &nbsp; ➔ Kh&ocirc;ng an t&acirc;m với sổ s&aacute;ch, số liệu kế to&aacute;n đang thực hiện.<br />\r\n&nbsp; &nbsp; ➔ Kh&ocirc;ng x&aacute;c định được c&aacute;c rủi ro tiềm ẩn trong sổ s&aacute;ch v&agrave; c&aacute;ch khắc phục.<br />\r\n&nbsp; &nbsp; ➔ Chứng từ bị lưu trữ lộn xộn, thi&ecirc;́u khoa học, số liệu kế to&aacute;n bất ổn.<br />\r\n&nbsp; &nbsp; ➔ Thời hạn quyết to&aacute;n gần kề v&agrave; muốn r&agrave; so&aacute;t lại sổ s&aacute;ch để ph&aacute;t hiện c&aacute;c rủi ro, sai phạm kh&ocirc;ng đ&aacute;ng c&oacute;.<br />\r\n&nbsp; &nbsp; ➔ Bộ phận kế to&aacute;n doanh nghiệp kh&ocirc;ng đủ tự tin hay kh&ocirc;ng nắm bắt r&otilde; c&aacute;c luật định mới.<br />\r\nĐ&acirc;y l&agrave; l&uacute;c m&agrave; bạn cần đến&nbsp;<strong>dịch vụ r&agrave; so&aacute;t sổ s&aacute;ch</strong>&nbsp;gi&uacute;p giải quyết mọi vấn đề gặp phải một c&aacute;ch khoa học với chi ph&iacute; tiết kiệm nhất.<br />\r\n<br />\r\n<span style="font-size:16px"><strong>Dịch vụ R&agrave; so&aacute;t sổ s&aacute;ch &ndash; X&aacute;c định rủi ro tiềm ẩn Nguy&ecirc;n Anh</strong></span></p>\r\n\r\n<p style="text-align:justify">L&agrave; một trong những đơn vị uy t&iacute;n, dịch vụ&nbsp;<strong>R&agrave; so&aacute;t sổ s&aacute;ch &ndash; X&aacute;c định rủi ro tiềm ẩn</strong>&nbsp;Nguy&ecirc;n Anh hỗ trợ cho các doanh nghiệp một c&aacute;ch hiệu quả v&agrave; chuy&ecirc;n nghiệp. Ch&uacute;ng t&ocirc;i sẽ gi&uacute;p bạn:<br />\r\n&nbsp; &nbsp; ★ Kiểm tra tổng qu&aacute;t v&agrave; chi tiết c&aacute;c dữ liệu, t&igrave;nh trạng số liệu, chứng từ của doanh nghiệp.<br />\r\n&nbsp; &nbsp; ★ Từ đ&oacute; x&aacute;c định ngay những rủi ro, đưa ra hướng khắc phục c&aacute;c sai phạm kh&ocirc;ng đ&aacute;ng c&oacute;.<br />\r\n&nbsp; &nbsp; ★ Định lượng mức phạt quyết to&aacute;n từ sai phạm về sổ s&aacute;ch.<br />\r\n&nbsp; &nbsp; ★ Tổng kết v&agrave; tư vấn cho doanh nghiệp nhanh ch&oacute;ng v&agrave; hiệu quả.<br />\r\n<br />\r\nNgay l&uacute;c n&agrave;y nếu doanh nghiệp của bạn đang cần đến dịch vụ<strong>&nbsp;R&agrave; so&aacute;t sổ s&aacute;ch</strong>&nbsp;- X&aacute;c định rủi ro tiềm ẩn h&atilde;y li&ecirc;n hệ ngay qua số Hotline của ch&uacute;ng t&ocirc;i để được hỗ trợ v&agrave; b&aacute;o gi&aacute; ch&iacute;nh x&aacute;c nhất. Chi ph&iacute; chỉ từ 700.000 đồng/lần cho dịch vụ trọn g&oacute;i v&agrave; hiệu quả. Nguy&ecirc;n Anh &ndash; đối t&aacute;c của bạn, th&agrave;nh c&ocirc;ng của bạn!!!</p>\r\n\r\n<p style="text-align:justify">&nbsp;</p>\r\n\r\n<p style="text-align:center"><strong>HOTLINE:&nbsp;<span style="color:#e74c3c">0986.1368.77 - 0988.1368.79</span></strong></p>\r\n\r\n<p style="text-align:center"><span style="color:#e74c3c">C&Ocirc;NG TY TNHH QUẢN TRỊ RỦI RO THUẾ NGUY&Ecirc;N ANH</span></p>\r\n\r\n<p style="text-align:center"><strong>Địa chỉ:</strong>&nbsp;Lầu 9, số 68 Nguyễn Huệ, P. Bến Ngh&eacute;, Q.1, TPHCM</p>\r\n\r\n<p style="text-align:center"><strong>Email:</strong>&nbsp;support@nguyenanhtax.vn</p>\r\n', NULL, 1, NULL, NULL, NULL, NULL, NULL, 'Rà soát sổ sách', 'Dịch vụ Rà soát sổ sách – Xác định rủi ro tiềm ẩn, sẽ giúp bạn giải quyết mọi vấn đề đang gặp phải một cách nhanh chóng và hiệu quả nhất.', 'ra-soat-so-sach', 'Rà soát sổ sách', NULL, 66),
(88, 'en', 'Rà soát sổ sách', '', '', NULL, 1, NULL, NULL, NULL, NULL, NULL, 'Rà soát sổ sách', '', 'ra-soat-so-sach', '', NULL, 66),
(89, 'vn', 'BẢN TIN TUYỂN DỤNG ANH NGỮ AMES THÁNG 2/2018', 'Dịch vụ kê khai thuế online – Dịch vụ dành riêng cho các Doanh nghiệp nhỏ, siêu nhỏ, start-up; giúp giảm thiểu thời gian, tiết kiệm chi phí tối đa và thay đổi phương thức làm việc hướng đến sự chuyên nghiệp.', '<p>Do nhu cầu ph&aacute;t triển, Anh ngữ Ames tuyển dụng nhiều vị tr&iacute; full time:</p>\r\n\r\n<p>- Trưởng ph&ograve;ng học thuật</p>\r\n\r\n<p>- Trưởng ph&ograve;ng tư vấn tuyển sinh</p>\r\n\r\n<p>- Gi&aacute;o vi&ecirc;n tiếng Anh</p>\r\n\r\n<p>- Nh&acirc;n vi&ecirc;n ph&ograve;ng&nbsp;đ&agrave;o tạo</p>\r\n\r\n<p>- Nh&acirc;n vi&ecirc;n tư vấn tuyển sinh</p>\r\n\r\n<p>- Nh&acirc;n vi&ecirc;n Marketing</p>\r\n\r\n<p>- Nh&acirc;n vi&ecirc;n h&agrave;nh ch&iacute;nh kĩ thuật</p>\r\n\r\n<p>Th&ocirc;ng tin chi tiết:&nbsp;<a href="https://goo.gl/forms/kXuzlI3ZW5THua0A3">https://goo.gl/forms/kXuzlI3ZW5THua0A3</a></p>\r\n\r\n<p>C&aacute;ch thức&nbsp;ứng tuyển</p>\r\n\r\n<p>1.&nbsp;Điền th&ocirc;ng tin&nbsp;ứng tuyển trực tiếp theo link:&nbsp;<a href="https://goo.gl/forms/kXuzlI3ZW5THua0A3">https://goo.gl/forms/kXuzlI3ZW5THua0A3</a></p>\r\n\r\n<p>2. Gửi CV c&aacute; nh&acirc;n về mail: hr@ames.edu.vn (Lưu&nbsp;&yacute;:&nbsp;Ứng vi&ecirc;n ghi r&otilde; vị tr&iacute; v&agrave;&nbsp;địa&nbsp;điểm&nbsp;ứng tuyển)</p>\r\n\r\n<p>3. Nộp trực tiếp tại Ph&ograve;ng Nh&acirc;n sự - Ames 96 L&ograve;&nbsp;Đ&uacute;c, Hai B&agrave; Trưng, H&agrave; Nội</p>\r\n\r\n<p>&nbsp;</p>\r\n', NULL, 1, NULL, NULL, NULL, NULL, NULL, 'BẢN TIN TUYỂN DỤNG ANH NGỮ AMES THÁNG 2/2018', 'Dịch vụ kê khai thuế online – Dịch vụ dành riêng cho các Doanh nghiệp nhỏ, siêu nhỏ, start-up; giúp giảm thiểu thời gian, tiết kiệm chi phí tối đa và thay đổi phương thức làm việc hướng đến sự chuyên nghiệp.', 'ban-tin-tuyen-dung-anh-ngu-ames-thang-22018', 'Kê khai thuế online', NULL, 67),
(90, 'en', 'Kê khai thuế online', '', '', NULL, 1, NULL, NULL, NULL, NULL, NULL, 'Kê khai thuế online', '', 'ke-khai-thue-online', '', NULL, 67),
(91, 'vn', 'BẢN TIN TUYỂN DỤNG ANH NGỮ AMES THÁNG 3/2018', 'Anh ngữ Ames tuyển dụng nhiều vị trí Full time tại chi nhánh Hà Nội và các tỉnh trong cả nước', '<p>Anh ngữ Ames tuyển dụng nhiều vị tr&iacute; Full time tại chi nh&aacute;nh H&agrave; Nội v&agrave; c&aacute;c tỉnh trong cả nước:</p>\r\n\r\n<p>- Gi&aacute;o vi&ecirc;n Tiếng Anh</p>\r\n\r\n<p>- Nh&acirc;n vi&ecirc;n&nbsp;ph&ograve;ng&nbsp;đ&agrave;o tạo</p>\r\n\r\n<p>- Nh&acirc;n vi&ecirc;n tư vấn tuyển sinh</p>\r\n\r\n<p>- Nh&acirc;n vi&ecirc;n Nh&acirc;n sự</p>\r\n\r\n<p>Đặc biệt Ames&nbsp;mở rộng tuyển dụng c&aacute;c vị tr&iacute; quản l&yacute;.&nbsp;Đ&acirc;y l&agrave; cơ hội tốt d&agrave;nh cho c&aacute;c bạn&nbsp;ứng vi&ecirc;n mong muốn thử sức m&igrave;nh ở vị tr&iacute; mới:</p>\r\n\r\n<p>- Gi&aacute;m&nbsp;đốc trung t&acirc;m c&aacute;c tỉnh trong cả nước</p>\r\n\r\n<p>- Trưởng ph&ograve;ng học thuật</p>\r\n\r\n<p>Th&ocirc;ng tin chi tiết:&nbsp;<a href="https://goo.gl/forms/FQZKnFCmz51yDzoA2">https://goo.gl/forms/FQZKnFCmz51yDzoA2</a></p>\r\n\r\n<p>C&aacute;ch thức&nbsp;ứng tuyển</p>\r\n\r\n<p>1.&nbsp;Điền th&ocirc;ng tin trực tiếp qua&nbsp;đường link:&nbsp;<a href="https://goo.gl/forms/FQZKnFCmz51yDzoA2">https://goo.gl/forms/FQZKnFCmz51yDzoA2</a></p>\r\n\r\n<p>2. Gửi mail về&nbsp;địa chỉ: hr@ames.edu.vn</p>\r\n\r\n<p>3. Gửi hồ sơ trực tiếp về&nbsp;địa chỉ:</p>\r\n\r\n<p>Ph&ograve;ng Nh&acirc;n sự&nbsp;</p>\r\n\r\n<p>Trung t&acirc;m Anh ngữ Ames</p>\r\n\r\n<p>96 L&ograve;&nbsp;Đ&uacute;c, Hai B&agrave; Trưng, H&agrave; Nội</p>\r\n\r\n<p>C&aacute;c bạn&nbsp;ứng vi&ecirc;n vui l&ograve;ng ghi r&otilde; th&ocirc;ng tin&nbsp;ứng tuyển: Vị tr&iacute;&nbsp;ứng tuyển-Địa&nbsp;điểm&nbsp;ứng tuyển-Họ v&agrave; t&ecirc;n</p>\r\n\r\n<p>Ames ch&agrave;o&nbsp;đ&oacute;n tất cả c&aacute;c bạn&nbsp;ứng vi&ecirc;n c&oacute; niềm&nbsp;đam m&ecirc; v&agrave; sẵn s&agrave;ng chấp nhận thử th&aacute;ch!!!</p>\r\n', NULL, 1, NULL, NULL, NULL, NULL, NULL, 'BẢN TIN TUYỂN DỤNG ANH NGỮ AMES THÁNG 3/2018', 'Với dịch vụ kế toán thuế trọn gói – Theo dõi kế hoạch thuế Nguyên Anh, điều bạn cần chỉ là kinh doanh, tất cả vấn đề thuế hãy để chúng tôi hỗ trợ bạn.', 'ban-tin-tuyen-dung-anh-ngu-ames-thang-32018', 'Kế toán thuế trọn gói', NULL, 68),
(92, 'en', 'Kế toán thuế trọn gói', '', '', NULL, 1, NULL, NULL, NULL, NULL, NULL, 'Kế toán thuế trọn gói', '', 'ke-toan-thue-tron-goi', '', NULL, 68),
(93, 'vn', 'TUYỂN DỤNG TƯ VẤN TUYỂN SINH - SALE - THÁNG 5/2018', 'TUYỂN DỤNG TƯ VẤN TUYỂN SINH - SALE - THÁNG 5/2018', '<p style="margin-left:0cm; margin-right:0cm"><span style="font-size:12pt"><span style="font-size:10.5pt"><span style="background-color:white"><span style="color:#1d2129">TUYỂN DỤNG TƯ VẤN TUYỂN SINH - SALE - TH&Aacute;NG 5/2018</span></span></span></span></p>\r\n\r\n<p style="margin-left:0cm; margin-right:0cm"><span style="font-size:12pt"><span style="font-family:&quot;Times New Roman&quot;,serif"><span style="font-size:1.0pt"><span style="background-color:white"><span style="color:#1d2129">', NULL, 1, NULL, NULL, NULL, NULL, NULL, 'TUYỂN DỤNG TƯ VẤN TUYỂN SINH - SALE - THÁNG 5/2018', 'TUYỂN DỤNG TƯ VẤN TUYỂN SINH - SALE - THÁNG 5/2018', 'tuyen-dung-tu-van-tuyen-sinh-sale-thang-52018', 'TUYỂN DỤNG TƯ VẤN TUYỂN SINH - SALE ', NULL, 69),
(94, 'en', 'tuyển giáoo viên dạy văn', 'tuyển giáoo viên dạy văn', '<p>tuyển gi&aacute;oo vi&ecirc;n dạy văn</p>\r\n', NULL, 1, NULL, NULL, NULL, NULL, NULL, 'tuyển giáoo viên dạy văn', 'tuyển giáoo viên dạy văn', 'tuyen-giaoo-vien-day-van', 'tuyển giáoo viên dạy văn', NULL, 69),
(95, 'vn', 'TUYỂN DỤNG TƯ VẤN TUYỂN SINH - SALE - THÁNG 5/2018', 'TUYỂN DỤNG TƯ VẤN TUYỂN SINH - SALE - THÁNG 5/2018', '<p style="margin-left:0cm; margin-right:0cm; text-align:justify"><span style="font-size:12pt"><span style="font-family:&quot;Times New Roman&quot;,serif"><span style="font-size:10.5pt"><span style="background-color:white"><span style="font-family:&quot;Helvetica&quot;,&quot;sans-serif&quot;"><span style="color:#1d2129">TUYỂN DỤNG TƯ VẤN TUYỂN SINH - SALE - TH&Aacute;NG 5/2018</span></span></span></span></span></span></p>\r\n\r\n<p style="margin-left:0cm; margin-right:0cm; text-align:justify"><span style="font-size:12pt"><span style="font-family:&quot;Times New Roman&quot;,serif"><span style="font-size:10.5pt"><span style="background-color:white"><span style="font-family:&quot;Helvetica&quot;,&quot;sans-serif&quot;"><span style="color:#1d2129">{ ĐỊA B&Agrave;N : H&agrave; Nội, Hải Ph&ograve;ng, Hạ Long-Quảng Ninh, TP HCM}</span></span></span></span><br />\r\n<span style="font-size:10.5pt"><span style="font-family:&quot;Helvetica&quot;,&quot;sans-serif&quot;"><span style="color:#1d2129"><span style="background-color:white"><img alt="" height="16" src="file:///C:\\Users\\ADMINI~1\\AppData\\Local\\Temp\\msohtmlclip1\\01\\clip_image001.png" width="16" /></span></span></span></span><span style="font-size:1.0pt"><span style="background-color:white"><span style="color:#1d2129">', NULL, 1, NULL, NULL, NULL, NULL, NULL, 'TUYỂN DỤNG TƯ VẤN TUYỂN SINH - SALE - THÁNG 5/2018', 'TUYỂN DỤNG TƯ VẤN TUYỂN SINH - SALE - THÁNG 5/2018', 'tuyen-dung-tu-van-tuyen-sinh-sale-thang-52018-1', 'TUYỂN DỤNG TƯ VẤN TUYỂN SINH - SALE', NULL, 70),
(96, 'en', 'TUYỂN DỤNG TƯ VẤN TUYỂN SINH - SALE - THÁNG 5/2018', 'TUYỂN DỤNG TƯ VẤN TUYỂN SINH - SALE - THÁNG 5/2018', '<p style="margin-left:0cm; margin-right:0cm; text-align:justify"><span style="font-size:12pt"><span style="font-family:&quot;Times New Roman&quot;,serif"><span style="font-size:10.5pt"><span style="background-color:white"><span style="font-family:&quot;Helvetica&quot;,&quot;sans-serif&quot;"><span style="color:#1d2129">TUYỂN DỤNG TƯ VẤN TUYỂN SINH - SALE - TH&Aacute;NG 5/2018</span></span></span></span></span></span></p>\r\n\r\n<p style="margin-left:0cm; margin-right:0cm; text-align:justify"><span style="font-size:12pt"><span style="font-family:&quot;Times New Roman&quot;,serif"><span style="font-size:10.5pt"><span style="background-color:white"><span style="font-family:&quot;Helvetica&quot;,&quot;sans-serif&quot;"><span style="color:#1d2129">{ ĐỊA B&Agrave;N : H&agrave; Nội, Hải Ph&ograve;ng, Hạ Long-Quảng Ninh, TP HCM}</span></span></span></span><br />\r\n<span style="font-size:10.5pt"><span style="font-family:&quot;Helvetica&quot;,&quot;sans-serif&quot;"><span style="color:#1d2129"><span style="background-color:white"><img alt="" height="16" src="file:///C:\\Users\\ADMINI~1\\AppData\\Local\\Temp\\msohtmlclip1\\01\\clip_image001.png" width="16" /></span></span></span></span><span style="font-size:1.0pt"><span style="background-color:white"><span style="color:#1d2129">', NULL, 1, NULL, NULL, NULL, NULL, NULL, 'TUYỂN DỤNG TƯ VẤN TUYỂN SINH - SALE - THÁNG 5/2018', 'TUYỂN DỤNG TƯ VẤN TUYỂN SINH - SALE - THÁNG 5/2018', 'tuyen-dung-tu-van-tuyen-sinh-sale-thang-52018-1', 'TUYỂN DỤNG TƯ VẤN TUYỂN SINH - SALE', NULL, 70);

-- --------------------------------------------------------

--
-- Table structure for table `size`
--

CREATE TABLE IF NOT EXISTS `size` (
  `size_id` bigint(20) NOT NULL,
  `size_name` varchar(255) COLLATE utf8_unicode_ci DEFAULT NULL,
  `size_stock` int(11) DEFAULT NULL,
  `size_price` double DEFAULT NULL,
  `color_id` bigint(20) DEFAULT NULL,
  `product_id` int(11) DEFAULT NULL
) ENGINE=InnoDB DEFAULT CHARSET=utf8 COLLATE=utf8_unicode_ci;

-- --------------------------------------------------------

--
-- Table structure for table `technical_bulletin_file`
--

CREATE TABLE IF NOT EXISTS `technical_bulletin_file` (
  `id` int(11) NOT NULL,
  `name` varchar(600) CHARACTER SET utf8 COLLATE utf8_unicode_ci NOT NULL
) ENGINE=InnoDB AUTO_INCREMENT=2 DEFAULT CHARSET=latin1;

--
-- Dumping data for table `technical_bulletin_file`
--

INSERT INTO `technical_bulletin_file` (`id`, `name`) VALUES
(1, 'tuan.pdf');

-- --------------------------------------------------------

--
-- Table structure for table `trademark`
--

CREATE TABLE IF NOT EXISTS `trademark` (
  `id` int(11) NOT NULL,
  `name` varchar(300) CHARACTER SET utf8 COLLATE utf8_unicode_ci NOT NULL,
  `image` varchar(500) CHARACTER SET utf8 COLLATE utf8_unicode_ci NOT NULL,
  `note` text CHARACTER SET utf8 COLLATE utf8_unicode_ci NOT NULL
) ENGINE=InnoDB AUTO_INCREMENT=106 DEFAULT CHARSET=latin1;

--
-- Dumping data for table `trademark`
--

INSERT INTO `trademark` (`id`, `name`, `image`, `note`) VALUES
(102, 'ComboEZ', 'comboez-logo-01.png', ''),
(103, 'PARI', 'pari-logo.png', ''),
(104, 'NoseFrida', 'NosefridaLOGO.jpg', ''),
(105, 'Heine', 'heine-bez.png', '');

-- --------------------------------------------------------

--
-- Table structure for table `user`
--

CREATE TABLE IF NOT EXISTS `user` (
  `user_id` int(11) NOT NULL,
  `user_name` varchar(255) COLLATE utf8_unicode_ci DEFAULT NULL,
  `user_email` varchar(255) COLLATE utf8_unicode_ci DEFAULT NULL,
  `user_phone` varchar(255) COLLATE utf8_unicode_ci DEFAULT NULL,
  `user_address` text COLLATE utf8_unicode_ci,
  `user_password` text COLLATE utf8_unicode_ci,
  `created_date` datetime DEFAULT NULL,
  `state` int(11) DEFAULT '1'
) ENGINE=InnoDB AUTO_INCREMENT=3 DEFAULT CHARSET=utf8 COLLATE=utf8_unicode_ci;

--
-- Dumping data for table `user`
--

INSERT INTO `user` (`user_id`, `user_name`, `user_email`, `user_phone`, `user_address`, `user_password`, `created_date`, `state`) VALUES
(1, 'mystery078', 'tung92.ns@gmail.com', '01658824321', '', '$2y$10$zjlyFYq6vJ6TXeQVsOh/1esNuHFTf23SE62fvXVvyUAYvzxyCNzv6', '2017-03-12 02:03:39', 1),
(2, 'manh', 'manh@gmail.com', '0123434', '', '$2y$10$8JKJKBN1HlCxSIR6nv39pedRpujNWEOOQ9ePRT07j4x2F4blrAfA2', '2017-03-23 15:03:28', 1);

-- --------------------------------------------------------

--
-- Table structure for table `user_online`
--

CREATE TABLE IF NOT EXISTS `user_online` (
  `tgtmp` int(15) NOT NULL DEFAULT '0',
  `ip` varchar(50) COLLATE utf8_unicode_ci NOT NULL,
  `local` varchar(100) COLLATE utf8_unicode_ci NOT NULL
) ENGINE=InnoDB DEFAULT CHARSET=utf8 COLLATE=utf8_unicode_ci;

-- --------------------------------------------------------

--
-- Table structure for table `wishlist`
--

CREATE TABLE IF NOT EXISTS `wishlist` (
  `wishlist_id` int(11) NOT NULL,
  `user_id` int(11) DEFAULT NULL,
  `product_id` int(11) DEFAULT NULL,
  `wishlist_created_date` datetime DEFAULT NULL,
  `product_name` text COLLATE utf8_unicode_ci,
  `state` int(11) NOT NULL DEFAULT '0'
) ENGINE=InnoDB DEFAULT CHARSET=utf8 COLLATE=utf8_unicode_ci;

--
-- Indexes for dumped tables
--

--
-- Indexes for table `admin`
--
ALTER TABLE `admin`
  ADD PRIMARY KEY (`admin_id`),
  ADD KEY `admin_role` (`admin_role`),
  ADD KEY `admin_state` (`admin_state`);

--
-- Indexes for table `admin_role`
--
ALTER TABLE `admin_role`
  ADD PRIMARY KEY (`admin_role_id`);

--
-- Indexes for table `bang_gia_1`
--
ALTER TABLE `bang_gia_1`
  ADD PRIMARY KEY (`id`);

--
-- Indexes for table `bang_gia_2`
--
ALTER TABLE `bang_gia_2`
  ADD PRIMARY KEY (`id`);

--
-- Indexes for table `cad_file`
--
ALTER TABLE `cad_file`
  ADD PRIMARY KEY (`id`);

--
-- Indexes for table `calculators_file`
--
ALTER TABLE `calculators_file`
  ADD PRIMARY KEY (`id`);

--
-- Indexes for table `cart`
--
ALTER TABLE `cart`
  ADD PRIMARY KEY (`id_cart`);

--
-- Indexes for table `cartdetail`
--
ALTER TABLE `cartdetail`
  ADD PRIMARY KEY (`id_cartDetail`),
  ADD KEY `id_cart` (`id_cart`);

--
-- Indexes for table `city`
--
ALTER TABLE `city`
  ADD PRIMARY KEY (`id`);

--
-- Indexes for table `color`
--
ALTER TABLE `color`
  ADD PRIMARY KEY (`color_id`),
  ADD KEY `product_id` (`product_id`);

--
-- Indexes for table `config`
--
ALTER TABLE `config`
  ADD PRIMARY KEY (`config_id`);

--
-- Indexes for table `config_languages`
--
ALTER TABLE `config_languages`
  ADD PRIMARY KEY (`id`),
  ADD KEY `config_id` (`config_id`);

--
-- Indexes for table `currency`
--
ALTER TABLE `currency`
  ADD PRIMARY KEY (`currency_id`),
  ADD UNIQUE KEY `currency_code` (`currency_code`);

--
-- Indexes for table `dai_ly`
--
ALTER TABLE `dai_ly`
  ADD PRIMARY KEY (`id`);

--
-- Indexes for table `dangky_daily`
--
ALTER TABLE `dangky_daily`
  ADD PRIMARY KEY (`id`);

--
-- Indexes for table `datasheets_file`
--
ALTER TABLE `datasheets_file`
  ADD PRIMARY KEY (`id`);

--
-- Indexes for table `dat_mua`
--
ALTER TABLE `dat_mua`
  ADD PRIMARY KEY (`id`);

--
-- Indexes for table `declaration_file`
--
ALTER TABLE `declaration_file`
  ADD PRIMARY KEY (`id`);

--
-- Indexes for table `district`
--
ALTER TABLE `district`
  ADD PRIMARY KEY (`id`);

--
-- Indexes for table `installation_file`
--
ALTER TABLE `installation_file`
  ADD PRIMARY KEY (`id`);

--
-- Indexes for table `languages`
--
ALTER TABLE `languages`
  ADD PRIMARY KEY (`languages_id`);

--
-- Indexes for table `lien_he`
--
ALTER TABLE `lien_he`
  ADD PRIMARY KEY (`id`);

--
-- Indexes for table `listings_certifications_file`
--
ALTER TABLE `listings_certifications_file`
  ADD PRIMARY KEY (`id`);

--
-- Indexes for table `menu`
--
ALTER TABLE `menu`
  ADD PRIMARY KEY (`menu_id`),
  ADD KEY `menu_type_id` (`menu_type_id`),
  ADD KEY `product_id` (`product_id`),
  ADD KEY `page_id` (`page_id`),
  ADD KEY `news_id` (`news_id`),
  ADD KEY `state` (`state`),
  ADD KEY `menu_parent` (`menu_parent`),
  ADD KEY `productcat_id` (`productcat_id`),
  ADD KEY `newscat_id` (`newscat_id`);

--
-- Indexes for table `menu_languages`
--
ALTER TABLE `menu_languages`
  ADD PRIMARY KEY (`id`),
  ADD KEY `menu_id` (`menu_id`);

--
-- Indexes for table `menu_type`
--
ALTER TABLE `menu_type`
  ADD PRIMARY KEY (`menu_type_id`);

--
-- Indexes for table `menu_type_languages`
--
ALTER TABLE `menu_type_languages`
  ADD PRIMARY KEY (`id`),
  ADD KEY `fk_menu_type` (`menu_type_id`);

--
-- Indexes for table `news`
--
ALTER TABLE `news`
  ADD PRIMARY KEY (`news_id`),
  ADD KEY `created_id` (`created_id`);

--
-- Indexes for table `newscat`
--
ALTER TABLE `newscat`
  ADD PRIMARY KEY (`newscat_id`),
  ADD KEY `created_id` (`created_id`);

--
-- Indexes for table `newscat_languages`
--
ALTER TABLE `newscat_languages`
  ADD PRIMARY KEY (`id`),
  ADD KEY `newscat_id` (`newscat_id`),
  ADD KEY `languages_id` (`languages_code`),
  ADD KEY `edit_state` (`edit_state`);

--
-- Indexes for table `news_languages`
--
ALTER TABLE `news_languages`
  ADD PRIMARY KEY (`id`),
  ADD KEY `news_id` (`news_id`),
  ADD KEY `languages_id` (`languages_code`),
  ADD KEY `edit_state` (`edit_state`);

--
-- Indexes for table `nhan_ban_tin`
--
ALTER TABLE `nhan_ban_tin`
  ADD PRIMARY KEY (`id`);

--
-- Indexes for table `nhan_tai_lieu`
--
ALTER TABLE `nhan_tai_lieu`
  ADD PRIMARY KEY (`id`);

--
-- Indexes for table `obsolete_products_file`
--
ALTER TABLE `obsolete_products_file`
  ADD PRIMARY KEY (`id`);

--
-- Indexes for table `operating_file`
--
ALTER TABLE `operating_file`
  ADD PRIMARY KEY (`id`);

--
-- Indexes for table `optionsQ1`
--
ALTER TABLE `optionsQ1`
  ADD PRIMARY KEY (`optionsQ1_id`);

--
-- Indexes for table `optionsQ2`
--
ALTER TABLE `optionsQ2`
  ADD PRIMARY KEY (`optionsQ2_id`);

--
-- Indexes for table `optionsQ3`
--
ALTER TABLE `optionsQ3`
  ADD PRIMARY KEY (`optionsQ3_id`);

--
-- Indexes for table `optionsQ4`
--
ALTER TABLE `optionsQ4`
  ADD PRIMARY KEY (`optionsQ4_id`);

--
-- Indexes for table `optionsQ5`
--
ALTER TABLE `optionsQ5`
  ADD PRIMARY KEY (`optionsQ5_id`);

--
-- Indexes for table `optionsQ6`
--
ALTER TABLE `optionsQ6`
  ADD PRIMARY KEY (`optionsQ6_id`);

--
-- Indexes for table `optionsQ7`
--
ALTER TABLE `optionsQ7`
  ADD PRIMARY KEY (`optionsQ7_id`);

--
-- Indexes for table `optionsQ8`
--
ALTER TABLE `optionsQ8`
  ADD PRIMARY KEY (`optionsQ8_id`);

--
-- Indexes for table `optionsQ9`
--
ALTER TABLE `optionsQ9`
  ADD PRIMARY KEY (`optionsQ9_id`);

--
-- Indexes for table `orders`
--
ALTER TABLE `orders`
  ADD PRIMARY KEY (`orders_id`),
  ADD KEY `users_id` (`users_id`),
  ADD KEY `orders_state` (`orders_state`),
  ADD KEY `currency_id` (`currency_id`);

--
-- Indexes for table `order_detail`
--
ALTER TABLE `order_detail`
  ADD PRIMARY KEY (`order_detail_id`),
  ADD KEY `order_id` (`order_id`),
  ADD KEY `product_id` (`product_id`),
  ADD KEY `currency_id` (`currency_id`);

--
-- Indexes for table `order_state`
--
ALTER TABLE `order_state`
  ADD PRIMARY KEY (`order_state_id`),
  ADD KEY `state` (`state`);

--
-- Indexes for table `page`
--
ALTER TABLE `page`
  ADD PRIMARY KEY (`page_id`),
  ADD KEY `created_id` (`created_id`);

--
-- Indexes for table `page_languages`
--
ALTER TABLE `page_languages`
  ADD PRIMARY KEY (`id`),
  ADD KEY `page_id` (`page_id`),
  ADD KEY `languages_id` (`languages_code`),
  ADD KEY `edit_state` (`edit_state`);

--
-- Indexes for table `product`
--
ALTER TABLE `product`
  ADD PRIMARY KEY (`product_id`),
  ADD KEY `product_cat_id` (`productcat_id`),
  ADD KEY `product_hot` (`product_hot`),
  ADD KEY `state` (`state`),
  ADD KEY `product_sale` (`product_sale`),
  ADD KEY `product_new` (`product_new`),
  ADD KEY `created_id` (`created_id`);

--
-- Indexes for table `productcat`
--
ALTER TABLE `productcat`
  ADD PRIMARY KEY (`productcat_id`),
  ADD KEY `productcat_sort_order` (`productcat_sort_order`),
  ADD KEY `productcat_parent` (`productcat_parent`),
  ADD KEY `created_id` (`created_id`);

--
-- Indexes for table `productcat_languages`
--
ALTER TABLE `productcat_languages`
  ADD PRIMARY KEY (`id`),
  ADD KEY `product_cat_id` (`productcat_id`),
  ADD KEY `edit_state` (`edit_state`);

--
-- Indexes for table `product_catalogs_file`
--
ALTER TABLE `product_catalogs_file`
  ADD PRIMARY KEY (`id`);

--
-- Indexes for table `product_color`
--
ALTER TABLE `product_color`
  ADD PRIMARY KEY (`id`),
  ADD KEY `product_id` (`product_id`);

--
-- Indexes for table `product_languages`
--
ALTER TABLE `product_languages`
  ADD PRIMARY KEY (`id`),
  ADD KEY `product_id` (`product_id`),
  ADD KEY `edit_state` (`edit_state`);

--
-- Indexes for table `product_producer`
--
ALTER TABLE `product_producer`
  ADD PRIMARY KEY (`producer_id`);

--
-- Indexes for table `product_producer_languages`
--
ALTER TABLE `product_producer_languages`
  ADD PRIMARY KEY (`id`),
  ADD KEY `producer_id` (`producer_id`);

--
-- Indexes for table `pro_color`
--
ALTER TABLE `pro_color`
  ADD PRIMARY KEY (`id`),
  ADD KEY `id_product` (`id_product`);

--
-- Indexes for table `regInfor`
--
ALTER TABLE `regInfor`
  ADD PRIMARY KEY (`regInfor_id`);

--
-- Indexes for table `regMember`
--
ALTER TABLE `regMember`
  ADD PRIMARY KEY (`regMember_id`);

--
-- Indexes for table `sale`
--
ALTER TABLE `sale`
  ADD PRIMARY KEY (`sale_id`);

--
-- Indexes for table `service`
--
ALTER TABLE `service`
  ADD PRIMARY KEY (`service_id`);

--
-- Indexes for table `servicecat`
--
ALTER TABLE `servicecat`
  ADD PRIMARY KEY (`servicecat_id`);

--
-- Indexes for table `servicecat_languages`
--
ALTER TABLE `servicecat_languages`
  ADD PRIMARY KEY (`id`),
  ADD KEY `fk_servicecat` (`servicecat_id`);

--
-- Indexes for table `service_languages`
--
ALTER TABLE `service_languages`
  ADD PRIMARY KEY (`id`),
  ADD KEY `fk_service` (`service_id`);

--
-- Indexes for table `size`
--
ALTER TABLE `size`
  ADD PRIMARY KEY (`size_id`),
  ADD KEY `color_id` (`color_id`),
  ADD KEY `product_id` (`product_id`);

--
-- Indexes for table `technical_bulletin_file`
--
ALTER TABLE `technical_bulletin_file`
  ADD PRIMARY KEY (`id`);

--
-- Indexes for table `trademark`
--
ALTER TABLE `trademark`
  ADD PRIMARY KEY (`id`);

--
-- Indexes for table `user`
--
ALTER TABLE `user`
  ADD PRIMARY KEY (`user_id`);

--
-- Indexes for table `user_online`
--
ALTER TABLE `user_online`
  ADD PRIMARY KEY (`tgtmp`),
  ADD KEY `ip` (`ip`),
  ADD KEY `local` (`local`);

--
-- Indexes for table `wishlist`
--
ALTER TABLE `wishlist`
  ADD PRIMARY KEY (`wishlist_id`),
  ADD KEY `user_id` (`user_id`),
  ADD KEY `product_id` (`product_id`);

--
-- AUTO_INCREMENT for dumped tables
--

--
-- AUTO_INCREMENT for table `admin`
--
ALTER TABLE `admin`
  MODIFY `admin_id` int(11) NOT NULL AUTO_INCREMENT,AUTO_INCREMENT=5;
--
-- AUTO_INCREMENT for table `admin_role`
--
ALTER TABLE `admin_role`
  MODIFY `admin_role_id` int(11) NOT NULL AUTO_INCREMENT,AUTO_INCREMENT=3;
--
-- AUTO_INCREMENT for table `bang_gia_1`
--
ALTER TABLE `bang_gia_1`
  MODIFY `id` int(11) NOT NULL AUTO_INCREMENT,AUTO_INCREMENT=46;
--
-- AUTO_INCREMENT for table `bang_gia_2`
--
ALTER TABLE `bang_gia_2`
  MODIFY `id` int(11) NOT NULL AUTO_INCREMENT,AUTO_INCREMENT=48;
--
-- AUTO_INCREMENT for table `cad_file`
--
ALTER TABLE `cad_file`
  MODIFY `id` int(11) NOT NULL AUTO_INCREMENT,AUTO_INCREMENT=3;
--
-- AUTO_INCREMENT for table `calculators_file`
--
ALTER TABLE `calculators_file`
  MODIFY `id` int(11) NOT NULL AUTO_INCREMENT,AUTO_INCREMENT=2;
--
-- AUTO_INCREMENT for table `cart`
--
ALTER TABLE `cart`
  MODIFY `id_cart` int(11) NOT NULL AUTO_INCREMENT,AUTO_INCREMENT=49;
--
-- AUTO_INCREMENT for table `cartdetail`
--
ALTER TABLE `cartdetail`
  MODIFY `id_cartDetail` int(11) NOT NULL AUTO_INCREMENT,AUTO_INCREMENT=33;
--
-- AUTO_INCREMENT for table `city`
--
ALTER TABLE `city`
  MODIFY `id` int(11) NOT NULL AUTO_INCREMENT,AUTO_INCREMENT=5;
--
-- AUTO_INCREMENT for table `color`
--
ALTER TABLE `color`
  MODIFY `color_id` bigint(20) NOT NULL AUTO_INCREMENT;
--
-- AUTO_INCREMENT for table `config`
--
ALTER TABLE `config`
  MODIFY `config_id` int(11) NOT NULL AUTO_INCREMENT,AUTO_INCREMENT=2;
--
-- AUTO_INCREMENT for table `config_languages`
--
ALTER TABLE `config_languages`
  MODIFY `id` int(11) NOT NULL AUTO_INCREMENT,AUTO_INCREMENT=3;
--
-- AUTO_INCREMENT for table `currency`
--
ALTER TABLE `currency`
  MODIFY `currency_id` int(11) NOT NULL AUTO_INCREMENT;
--
-- AUTO_INCREMENT for table `dai_ly`
--
ALTER TABLE `dai_ly`
  MODIFY `id` int(11) NOT NULL AUTO_INCREMENT,AUTO_INCREMENT=8;
--
-- AUTO_INCREMENT for table `dangky_daily`
--
ALTER TABLE `dangky_daily`
  MODIFY `id` int(11) NOT NULL AUTO_INCREMENT,AUTO_INCREMENT=2;
--
-- AUTO_INCREMENT for table `datasheets_file`
--
ALTER TABLE `datasheets_file`
  MODIFY `id` int(11) NOT NULL AUTO_INCREMENT,AUTO_INCREMENT=2;
--
-- AUTO_INCREMENT for table `dat_mua`
--
ALTER TABLE `dat_mua`
  MODIFY `id` int(11) NOT NULL AUTO_INCREMENT,AUTO_INCREMENT=5;
--
-- AUTO_INCREMENT for table `declaration_file`
--
ALTER TABLE `declaration_file`
  MODIFY `id` int(11) NOT NULL AUTO_INCREMENT,AUTO_INCREMENT=2;
--
-- AUTO_INCREMENT for table `district`
--
ALTER TABLE `district`
  MODIFY `id` int(11) NOT NULL AUTO_INCREMENT,AUTO_INCREMENT=7;
--
-- AUTO_INCREMENT for table `installation_file`
--
ALTER TABLE `installation_file`
  MODIFY `id` int(11) NOT NULL AUTO_INCREMENT,AUTO_INCREMENT=2;
--
-- AUTO_INCREMENT for table `languages`
--
ALTER TABLE `languages`
  MODIFY `languages_id` int(11) NOT NULL AUTO_INCREMENT,AUTO_INCREMENT=3;
--
-- AUTO_INCREMENT for table `lien_he`
--
ALTER TABLE `lien_he`
  MODIFY `id` int(11) NOT NULL AUTO_INCREMENT,AUTO_INCREMENT=6;
--
-- AUTO_INCREMENT for table `listings_certifications_file`
--
ALTER TABLE `listings_certifications_file`
  MODIFY `id` int(11) NOT NULL AUTO_INCREMENT,AUTO_INCREMENT=2;
--
-- AUTO_INCREMENT for table `menu`
--
ALTER TABLE `menu`
  MODIFY `menu_id` int(11) NOT NULL AUTO_INCREMENT,AUTO_INCREMENT=212;
--
-- AUTO_INCREMENT for table `menu_languages`
--
ALTER TABLE `menu_languages`
  MODIFY `id` bigint(20) NOT NULL AUTO_INCREMENT,AUTO_INCREMENT=401;
--
-- AUTO_INCREMENT for table `menu_type`
--
ALTER TABLE `menu_type`
  MODIFY `menu_type_id` int(11) NOT NULL AUTO_INCREMENT,AUTO_INCREMENT=16;
--
-- AUTO_INCREMENT for table `menu_type_languages`
--
ALTER TABLE `menu_type_languages`
  MODIFY `id` int(11) NOT NULL AUTO_INCREMENT,AUTO_INCREMENT=31;
--
-- AUTO_INCREMENT for table `news`
--
ALTER TABLE `news`
  MODIFY `news_id` int(11) NOT NULL AUTO_INCREMENT,AUTO_INCREMENT=113;
--
-- AUTO_INCREMENT for table `newscat`
--
ALTER TABLE `newscat`
  MODIFY `newscat_id` int(11) NOT NULL AUTO_INCREMENT,AUTO_INCREMENT=76;
--
-- AUTO_INCREMENT for table `newscat_languages`
--
ALTER TABLE `newscat_languages`
  MODIFY `id` int(11) NOT NULL AUTO_INCREMENT,AUTO_INCREMENT=147;
--
-- AUTO_INCREMENT for table `news_languages`
--
ALTER TABLE `news_languages`
  MODIFY `id` bigint(20) NOT NULL AUTO_INCREMENT,AUTO_INCREMENT=225;
--
-- AUTO_INCREMENT for table `nhan_ban_tin`
--
ALTER TABLE `nhan_ban_tin`
  MODIFY `id` int(11) NOT NULL AUTO_INCREMENT,AUTO_INCREMENT=19;
--
-- AUTO_INCREMENT for table `nhan_tai_lieu`
--
ALTER TABLE `nhan_tai_lieu`
  MODIFY `id` int(11) NOT NULL AUTO_INCREMENT,AUTO_INCREMENT=4;
--
-- AUTO_INCREMENT for table `obsolete_products_file`
--
ALTER TABLE `obsolete_products_file`
  MODIFY `id` int(11) NOT NULL AUTO_INCREMENT,AUTO_INCREMENT=4;
--
-- AUTO_INCREMENT for table `operating_file`
--
ALTER TABLE `operating_file`
  MODIFY `id` int(11) NOT NULL AUTO_INCREMENT,AUTO_INCREMENT=2;
--
-- AUTO_INCREMENT for table `optionsQ1`
--
ALTER TABLE `optionsQ1`
  MODIFY `optionsQ1_id` int(11) NOT NULL AUTO_INCREMENT,AUTO_INCREMENT=6;
--
-- AUTO_INCREMENT for table `optionsQ2`
--
ALTER TABLE `optionsQ2`
  MODIFY `optionsQ2_id` int(11) NOT NULL AUTO_INCREMENT,AUTO_INCREMENT=3;
--
-- AUTO_INCREMENT for table `optionsQ3`
--
ALTER TABLE `optionsQ3`
  MODIFY `optionsQ3_id` int(11) NOT NULL AUTO_INCREMENT,AUTO_INCREMENT=4;
--
-- AUTO_INCREMENT for table `optionsQ4`
--
ALTER TABLE `optionsQ4`
  MODIFY `optionsQ4_id` int(11) NOT NULL AUTO_INCREMENT,AUTO_INCREMENT=5;
--
-- AUTO_INCREMENT for table `optionsQ5`
--
ALTER TABLE `optionsQ5`
  MODIFY `optionsQ5_id` int(11) NOT NULL AUTO_INCREMENT,AUTO_INCREMENT=5;
--
-- AUTO_INCREMENT for table `optionsQ6`
--
ALTER TABLE `optionsQ6`
  MODIFY `optionsQ6_id` int(11) NOT NULL AUTO_INCREMENT,AUTO_INCREMENT=5;
--
-- AUTO_INCREMENT for table `optionsQ7`
--
ALTER TABLE `optionsQ7`
  MODIFY `optionsQ7_id` int(11) NOT NULL AUTO_INCREMENT,AUTO_INCREMENT=3;
--
-- AUTO_INCREMENT for table `optionsQ8`
--
ALTER TABLE `optionsQ8`
  MODIFY `optionsQ8_id` int(11) NOT NULL AUTO_INCREMENT,AUTO_INCREMENT=4;
--
-- AUTO_INCREMENT for table `optionsQ9`
--
ALTER TABLE `optionsQ9`
  MODIFY `optionsQ9_id` int(11) NOT NULL AUTO_INCREMENT,AUTO_INCREMENT=4;
--
-- AUTO_INCREMENT for table `orders`
--
ALTER TABLE `orders`
  MODIFY `orders_id` int(11) NOT NULL AUTO_INCREMENT;
--
-- AUTO_INCREMENT for table `order_detail`
--
ALTER TABLE `order_detail`
  MODIFY `order_detail_id` int(11) NOT NULL AUTO_INCREMENT;
--
-- AUTO_INCREMENT for table `order_state`
--
ALTER TABLE `order_state`
  MODIFY `order_state_id` int(11) NOT NULL AUTO_INCREMENT,AUTO_INCREMENT=8;
--
-- AUTO_INCREMENT for table `page`
--
ALTER TABLE `page`
  MODIFY `page_id` int(11) NOT NULL AUTO_INCREMENT,AUTO_INCREMENT=46;
--
-- AUTO_INCREMENT for table `page_languages`
--
ALTER TABLE `page_languages`
  MODIFY `id` bigint(20) NOT NULL AUTO_INCREMENT,AUTO_INCREMENT=57;
--
-- AUTO_INCREMENT for table `product`
--
ALTER TABLE `product`
  MODIFY `product_id` int(11) NOT NULL AUTO_INCREMENT,AUTO_INCREMENT=69;
--
-- AUTO_INCREMENT for table `productcat`
--
ALTER TABLE `productcat`
  MODIFY `productcat_id` int(11) NOT NULL AUTO_INCREMENT,AUTO_INCREMENT=145;
--
-- AUTO_INCREMENT for table `productcat_languages`
--
ALTER TABLE `productcat_languages`
  MODIFY `id` bigint(20) NOT NULL AUTO_INCREMENT,AUTO_INCREMENT=275;
--
-- AUTO_INCREMENT for table `product_catalogs_file`
--
ALTER TABLE `product_catalogs_file`
  MODIFY `id` int(11) NOT NULL AUTO_INCREMENT,AUTO_INCREMENT=2;
--
-- AUTO_INCREMENT for table `product_color`
--
ALTER TABLE `product_color`
  MODIFY `id` bigint(20) NOT NULL AUTO_INCREMENT;
--
-- AUTO_INCREMENT for table `product_languages`
--
ALTER TABLE `product_languages`
  MODIFY `id` bigint(20) NOT NULL AUTO_INCREMENT,AUTO_INCREMENT=125;
--
-- AUTO_INCREMENT for table `product_producer`
--
ALTER TABLE `product_producer`
  MODIFY `producer_id` int(11) NOT NULL AUTO_INCREMENT,AUTO_INCREMENT=11;
--
-- AUTO_INCREMENT for table `product_producer_languages`
--
ALTER TABLE `product_producer_languages`
  MODIFY `id` int(11) NOT NULL AUTO_INCREMENT,AUTO_INCREMENT=50;
--
-- AUTO_INCREMENT for table `pro_color`
--
ALTER TABLE `pro_color`
  MODIFY `id` int(11) NOT NULL AUTO_INCREMENT;
--
-- AUTO_INCREMENT for table `regInfor`
--
ALTER TABLE `regInfor`
  MODIFY `regInfor_id` int(11) NOT NULL AUTO_INCREMENT,AUTO_INCREMENT=61;
--
-- AUTO_INCREMENT for table `regMember`
--
ALTER TABLE `regMember`
  MODIFY `regMember_id` int(11) NOT NULL AUTO_INCREMENT,AUTO_INCREMENT=14;
--
-- AUTO_INCREMENT for table `sale`
--
ALTER TABLE `sale`
  MODIFY `sale_id` int(11) NOT NULL AUTO_INCREMENT;
--
-- AUTO_INCREMENT for table `service`
--
ALTER TABLE `service`
  MODIFY `service_id` int(11) NOT NULL AUTO_INCREMENT,AUTO_INCREMENT=71;
--
-- AUTO_INCREMENT for table `servicecat`
--
ALTER TABLE `servicecat`
  MODIFY `servicecat_id` int(11) NOT NULL AUTO_INCREMENT,AUTO_INCREMENT=6;
--
-- AUTO_INCREMENT for table `servicecat_languages`
--
ALTER TABLE `servicecat_languages`
  MODIFY `id` int(11) NOT NULL AUTO_INCREMENT,AUTO_INCREMENT=11;
--
-- AUTO_INCREMENT for table `service_languages`
--
ALTER TABLE `service_languages`
  MODIFY `id` int(11) NOT NULL AUTO_INCREMENT,AUTO_INCREMENT=97;
--
-- AUTO_INCREMENT for table `size`
--
ALTER TABLE `size`
  MODIFY `size_id` bigint(20) NOT NULL AUTO_INCREMENT;
--
-- AUTO_INCREMENT for table `technical_bulletin_file`
--
ALTER TABLE `technical_bulletin_file`
  MODIFY `id` int(11) NOT NULL AUTO_INCREMENT,AUTO_INCREMENT=2;
--
-- AUTO_INCREMENT for table `trademark`
--
ALTER TABLE `trademark`
  MODIFY `id` int(11) NOT NULL AUTO_INCREMENT,AUTO_INCREMENT=106;
--
-- AUTO_INCREMENT for table `user`
--
ALTER TABLE `user`
  MODIFY `user_id` int(11) NOT NULL AUTO_INCREMENT,AUTO_INCREMENT=3;
--
-- AUTO_INCREMENT for table `wishlist`
--
ALTER TABLE `wishlist`
  MODIFY `wishlist_id` int(11) NOT NULL AUTO_INCREMENT;
--
-- Constraints for dumped tables
--

--
-- Constraints for table `cartdetail`
--
ALTER TABLE `cartdetail`
  ADD CONSTRAINT `cartdetail_ibfk_1` FOREIGN KEY (`id_cart`) REFERENCES `cart` (`id_cart`) ON DELETE CASCADE;

--
-- Constraints for table `color`
--
ALTER TABLE `color`
  ADD CONSTRAINT `color_ibfk_1` FOREIGN KEY (`product_id`) REFERENCES `product` (`product_id`) ON DELETE CASCADE ON UPDATE CASCADE;

--
-- Constraints for table `menu_languages`
--
ALTER TABLE `menu_languages`
  ADD CONSTRAINT `menu_languages_ibfk_1` FOREIGN KEY (`menu_id`) REFERENCES `menu` (`menu_id`) ON DELETE CASCADE;

--
-- Constraints for table `menu_type_languages`
--
ALTER TABLE `menu_type_languages`
  ADD CONSTRAINT `menu_type_languages_ibfk_1` FOREIGN KEY (`menu_type_id`) REFERENCES `menu_type` (`menu_type_id`) ON DELETE CASCADE;

--
-- Constraints for table `newscat_languages`
--
ALTER TABLE `newscat_languages`
  ADD CONSTRAINT `newscat_languages_ibfk_1` FOREIGN KEY (`newscat_id`) REFERENCES `newscat` (`newscat_id`) ON DELETE CASCADE ON UPDATE CASCADE;

--
-- Constraints for table `news_languages`
--
ALTER TABLE `news_languages`
  ADD CONSTRAINT `news_languages_ibfk_1` FOREIGN KEY (`news_id`) REFERENCES `news` (`news_id`) ON DELETE CASCADE ON UPDATE CASCADE;

--
-- Constraints for table `order_detail`
--
ALTER TABLE `order_detail`
  ADD CONSTRAINT `order_detail_ibfk_1` FOREIGN KEY (`order_id`) REFERENCES `orders` (`orders_id`) ON DELETE CASCADE ON UPDATE CASCADE;

--
-- Constraints for table `page_languages`
--
ALTER TABLE `page_languages`
  ADD CONSTRAINT `page_languages_ibfk_1` FOREIGN KEY (`page_id`) REFERENCES `page` (`page_id`) ON DELETE CASCADE ON UPDATE CASCADE;

--
-- Constraints for table `productcat_languages`
--
ALTER TABLE `productcat_languages`
  ADD CONSTRAINT `productcat_languages_ibfk_1` FOREIGN KEY (`productcat_id`) REFERENCES `productcat` (`productcat_id`) ON DELETE CASCADE ON UPDATE CASCADE;

--
-- Constraints for table `product_languages`
--
ALTER TABLE `product_languages`
  ADD CONSTRAINT `product_languages_ibfk_1` FOREIGN KEY (`product_id`) REFERENCES `product` (`product_id`) ON DELETE CASCADE ON UPDATE CASCADE;

--
-- Constraints for table `product_producer_languages`
--
ALTER TABLE `product_producer_languages`
  ADD CONSTRAINT `product_producer_languages_ibfk_1` FOREIGN KEY (`producer_id`) REFERENCES `product_producer` (`producer_id`) ON DELETE CASCADE;

--
-- Constraints for table `pro_color`
--
ALTER TABLE `pro_color`
  ADD CONSTRAINT `pro_color_ibfk_1` FOREIGN KEY (`id_product`) REFERENCES `product` (`product_id`) ON DELETE CASCADE;

--
-- Constraints for table `servicecat_languages`
--
ALTER TABLE `servicecat_languages`
  ADD CONSTRAINT `servicecat_languages_ibfk_1` FOREIGN KEY (`servicecat_id`) REFERENCES `servicecat` (`servicecat_id`) ON DELETE CASCADE;

--
-- Constraints for table `service_languages`
--
ALTER TABLE `service_languages`
  ADD CONSTRAINT `service_languages_ibfk_1` FOREIGN KEY (`service_id`) REFERENCES `service` (`service_id`) ON DELETE CASCADE;

--
-- Constraints for table `size`
--
ALTER TABLE `size`
  ADD CONSTRAINT `size_ibfk_1` FOREIGN KEY (`color_id`) REFERENCES `color` (`color_id`) ON DELETE CASCADE ON UPDATE CASCADE;

/*!40101 SET CHARACTER_SET_CLIENT=@OLD_CHARACTER_SET_CLIENT */;
/*!40101 SET CHARACTER_SET_RESULTS=@OLD_CHARACTER_SET_RESULTS */;
/*!40101 SET COLLATION_CONNECTION=@OLD_COLLATION_CONNECTION */;
